{"format_version":"1.12.0","minecraft:geometry":[{"description":{"identifier":"geometry.black_cat","texture_width":64,"texture_height":64,"visible_bounds_width":4,"visible_bounds_height":2.5,"visible_bounds_offset":[0,0.75,0]},"bones":[{"name":"hitbox","pivot":[0,11,-5],"cubes":[{"origin":[-6.5,0,-6.5],"size":[13,14,13],"uv":{}}]},{"name":"body","pivot":[0,6.2021,-1.08288],"cubes":[{"origin":[-2.5,3.2,-5.5],"size":[5,5,10],"uv":{"north":{"uv":[24,21],"uv_size":[5,5]},"east":{"uv":[0,0],"uv_size":[10,5]},"south":{"uv":[0,26],"uv_size":[5,5]},"west":{"uv":[0,6],"uv_size":[10,5]},"up":{"uv":[11,0],"uv_size":[5,10]},"down":{"uv":[11,21],"uv_size":[5,-10]}}}]},{"name":"tag_name","parent":"body","pivot":[0,14.2021,-1.08288]},{"name":"CONTROL_tail","parent":"body","pivot":[0,6.2021,-1.08288]},{"name":"tail","parent":"CONTROL_tail","pivot":[0,6.2,4.3],"rotation":[45.5,0,0],"cubes":[{"origin":[-1.5,4.56352,2.82491],"size":[3,3,6],"inflate":-0.15,"uv":{"north":{"uv":[33,38],"uv_size":[3,3]},"east":{"uv":[24,27],"uv_size":[6,3]},"south":{"uv":[37,38],"uv_size":[3,3]},"west":{"uv":[14,28],"uv_size":[6,3]},"up":{"uv":[7,12],"uv_size":[3,6]},"down":{"uv":[6,35],"uv_size":[3,-6]}}}]},{"name":"tail_half","parent":"tail","pivot":[0,6.10926,8.68366],"rotation":[47.5,0,0],"cubes":[{"origin":[-1,5.10926,8.18366],"size":[2,2,6],"inflate":0.15,"uv":{"north":{"uv":[21,28],"uv_size":[2,2]},"east":{"uv":[32,35],"uv_size":[6,2]},"south":{"uv":[18,32],"uv_size":[2,2]},"west":{"uv":[36,29],"uv_size":[6,2]},"up":{"uv":[4,36],"uv_size":[2,6]},"down":{"uv":[7,42],"uv_size":[2,-6]}}}]},{"name":"tail_end","parent":"tail_half","pivot":[0.5,5.70926,13.68366],"rotation":[62.5223,0,0],"cubes":[{"origin":[-1,4.90926,13.68366],"size":[2,2,5],"inflate":-0.15,"uv":{"north":{"uv":[34,46],"uv_size":[2,2]},"east":{"uv":[36,32],"uv_size":[5,2]},"south":{"uv":[37,46],"uv_size":[2,2]},"west":{"uv":[38,25],"uv_size":[5,2]},"up":{"uv":[14,22],"uv_size":[2,5]},"down":{"uv":[30,43],"uv_size":[2,-5]}}}]},{"name":"h_head","parent":"body","pivot":[0,8.15,-4.25],"cubes":[{"origin":[-3,5.9,-8.5],"size":[6,6,6],"uv":{"north":{"uv":[0,12],"uv_size":[6,6]},"east":{"uv":[17,0],"uv_size":[6,6]},"south":{"uv":[17,7],"uv_size":[6,6]},"west":{"uv":[17,14],"uv_size":[6,6]},"up":{"uv":[0,19],"uv_size":[6,6]},"down":{"uv":[17,27],"uv_size":[6,-6]}}},{"origin":[2.075,9.025,-8.625],"size":[0.4,0.4,0.01],"uv":{"north":{"uv":[26,35],"uv_size":[1,1]},"east":{"uv":[6,26],"uv_size":[0,1]},"south":{"uv":[49,20],"uv_size":[1,1]},"west":{"uv":[30,25],"uv_size":[0,1]},"up":{"uv":[31,20],"uv_size":[1,0]},"down":{"uv":[33,20],"uv_size":[1,0]}}},{"origin":[1.225,7.9,-8.575],"size":[1.8,1.8,0],"uv":{"north":{"uv":[0,47],"uv_size":[2,2]},"east":{"uv":[40,46],"uv_size":[0,2]},"south":{"uv":[3,47],"uv_size":[2,2]},"west":{"uv":[13,48],"uv_size":[0,2]},"up":{"uv":[38,28],"uv_size":[2,0]},"down":{"uv":[41,24],"uv_size":[2,0]}}},{"origin":[1.375,8.025,-8.6],"size":[1,1.3,0.01],"uv":{"north":{"uv":[25,49],"uv_size":[1,1]},"east":{"uv":[31,29],"uv_size":[0,1]},"south":{"uv":[27,49],"uv_size":[1,1]},"west":{"uv":[4,50],"uv_size":[0,1]},"up":{"uv":[4,35],"uv_size":[1,0]},"down":{"uv":[35,20],"uv_size":[1,0]}}},{"origin":[1.125,9.44431,-8.73765],"size":[1.925,1,0],"pivot":[2.0505,9.74431,-8.28765],"rotation":[-22.5,0,0],"uv":{"north":{"uv":[30,44],"uv_size":[2,1]},"east":{"uv":[50,4],"uv_size":[0,1]},"south":{"uv":[22,48],"uv_size":[2,1]},"west":{"uv":[5,50],"uv_size":[0,1]},"up":{"uv":[42,34],"uv_size":[2,0]},"down":{"uv":[44,27],"uv_size":[2,0]}}},{"origin":[3.05,9.44431,-8.73865],"size":[0,1,1],"pivot":[2.0505,9.74431,-8.28765],"rotation":[-22.5,0,0],"uv":{"north":{"uv":[6,50],"uv_size":[0,1]},"east":{"uv":[29,49],"uv_size":[1,1]},"south":{"uv":[50,6],"uv_size":[0,1]},"west":{"uv":[31,49],"uv_size":[1,1]},"up":{"uv":[7,50],"uv_size":[0,1]},"down":{"uv":[8,51],"uv_size":[0,-1]}}},{"origin":[1.126,9.44431,-8.73765],"size":[0,1,1],"pivot":[2.0505,9.74431,-8.28765],"rotation":[-22.5,0,0],"uv":{"north":{"uv":[50,8],"uv_size":[0,1]},"east":{"uv":[49,32],"uv_size":[1,1]},"south":{"uv":[9,50],"uv_size":[0,1]},"west":{"uv":[33,49],"uv_size":[1,1]},"up":{"uv":[50,10],"uv_size":[0,1]},"down":{"uv":[50,13],"uv_size":[0,-1]}}},{"origin":[-3.05,9.44431,-8.73765],"size":[1.925,1,0],"pivot":[-2.0505,9.74431,-8.28765],"rotation":[-22.5,0,0],"uv":{"north":{"uv":[48,23],"uv_size":[2,1]},"east":{"uv":[14,50],"uv_size":[0,1]},"south":{"uv":[48,25],"uv_size":[2,1]},"west":{"uv":[50,14],"uv_size":[0,1]},"up":{"uv":[45,23],"uv_size":[2,0]},"down":{"uv":[47,27],"uv_size":[2,0]}}},{"origin":[-1.126,9.44431,-8.73765],"size":[0,1,1],"pivot":[-2.0505,9.74431,-8.28765],"rotation":[-22.5,0,0],"uv":{"north":{"uv":[15,50],"uv_size":[0,1]},"east":{"uv":[49,34],"uv_size":[1,1]},"south":{"uv":[16,50],"uv_size":[0,1]},"west":{"uv":[35,49],"uv_size":[1,1]},"up":{"uv":[50,16],"uv_size":[0,1]},"down":{"uv":[17,51],"uv_size":[0,-1]}}},{"origin":[3.025,7.9,-8.575],"size":[0,1.8,0.5],"uv":{"north":{"uv":[18,50],"uv_size":[0,2]},"east":{"uv":[4,32],"uv_size":[1,2]},"south":{"uv":[19,50],"uv_size":[0,2]},"west":{"uv":[39,35],"uv_size":[1,2]},"up":{"uv":[50,18],"uv_size":[0,1]},"down":{"uv":[20,51],"uv_size":[0,-1]}}},{"origin":[-1.675,9.025,-8.625],"size":[0.4,0.4,0.01],"uv":{"north":{"uv":[49,36],"uv_size":[1,1]},"east":{"uv":[21,50],"uv_size":[0,1]},"south":{"uv":[37,49],"uv_size":[1,1]},"west":{"uv":[22,50],"uv_size":[0,1]},"up":{"uv":[30,37],"uv_size":[1,0]},"down":{"uv":[41,28],"uv_size":[1,0]}}},{"origin":[-2.375,8.025,-8.6],"size":[1,1.3,0.01],"uv":{"north":{"uv":[49,38],"uv_size":[1,1]},"east":{"uv":[23,50],"uv_size":[0,1]},"south":{"uv":[39,49],"uv_size":[1,1]},"west":{"uv":[24,50],"uv_size":[0,1]},"up":{"uv":[49,22],"uv_size":[1,0]},"down":{"uv":[49,42],"uv_size":[1,0]}}},{"origin":[-3.025,7.9,-8.575],"size":[1.8,1.8,0],"uv":{"north":{"uv":[47,45],"uv_size":[2,2]},"east":{"uv":[50,27],"uv_size":[0,2]},"south":{"uv":[10,48],"uv_size":[2,2]},"west":{"uv":[41,50],"uv_size":[0,2]},"up":{"uv":[50,30],"uv_size":[2,0]},"down":{"uv":[50,31],"uv_size":[2,0]}}},{"origin":[-3.025,7.9,-8.575],"size":[0,1.8,0.5],"uv":{"north":{"uv":[42,50],"uv_size":[0,2]},"east":{"uv":[6,47],"uv_size":[1,2]},"south":{"uv":[50,43],"uv_size":[0,2]},"west":{"uv":[43,48],"uv_size":[1,2]},"up":{"uv":[50,46],"uv_size":[0,1]},"down":{"uv":[49,51],"uv_size":[0,-1]}}},{"origin":[-3.05,9.44431,-8.73865],"size":[0,1,1],"pivot":[-2.0505,9.74431,-8.28765],"rotation":[-22.5,0,0],"uv":{"north":{"uv":[50,50],"uv_size":[0,1]},"east":{"uv":[49,40],"uv_size":[1,1]},"south":{"uv":[51,4],"uv_size":[0,1]},"west":{"uv":[49,48],"uv_size":[1,1]},"up":{"uv":[51,6],"uv_size":[0,1]},"down":{"uv":[51,9],"uv_size":[0,-1]}}},{"origin":[0.17025,4.9307,-8.7],"size":[6,2.6,0.01],"pivot":[3.10111,6.82826,-8.8],"rotation":[0,0,22.5],"uv":{"north":{"uv":[30,21],"uv_size":[6,3]},"east":{"uv":[10,51],"uv_size":[0,3]},"south":{"uv":[36,21],"uv_size":[-6,3]},"west":{"uv":[51,10],"uv_size":[0,3]},"up":{"uv":[51,14],"uv_size":[6,0]},"down":{"uv":[51,15],"uv_size":[6,0]}}},{"origin":[0.52723,6.21502,-8.9],"size":[6,2.5,0.01],"uv":{"north":{"uv":[31,4],"uv_size":[6,3]},"east":{"uv":[11,51],"uv_size":[0,3]},"south":{"uv":[37,4],"uv_size":[-6,3]},"west":{"uv":[12,51],"uv_size":[0,3]},"up":{"uv":[51,16],"uv_size":[6,0]},"down":{"uv":[51,17],"uv_size":[6,0]}}},{"origin":[-6.52723,6.21502,-8.9],"size":[6,2.5,0.01],"uv":{"north":{"uv":[37,4],"uv_size":[-6,3]},"east":{"uv":[12,51],"uv_size":[0,3]},"south":{"uv":[31,4],"uv_size":[6,3]},"west":{"uv":[11,51],"uv_size":[0,3]},"up":{"uv":[57,16],"uv_size":[-6,0]},"down":{"uv":[57,17],"uv_size":[-6,0]}}},{"origin":[-6.17025,4.9307,-8.7],"size":[6,2.6,0.01],"pivot":[-3.10111,6.82826,-8.8],"rotation":[0,0,-22.5],"uv":{"north":{"uv":[36,21],"uv_size":[-6,3]},"east":{"uv":[51,10],"uv_size":[0,3]},"south":{"uv":[30,21],"uv_size":[6,3]},"west":{"uv":[10,51],"uv_size":[0,3]},"up":{"uv":[57,14],"uv_size":[-6,0]},"down":{"uv":[57,15],"uv_size":[-6,0]}}},{"origin":[-1.5,6.4,-9.5],"size":[3,2,1],"uv":{"north":{"uv":[7,19],"uv_size":[3,2]},"east":{"uv":[45,48],"uv_size":[1,2]},"south":{"uv":[44,24],"uv_size":[3,2]},"west":{"uv":[47,48],"uv_size":[1,2]},"up":{"uv":[46,18],"uv_size":[3,1]},"down":{"uv":[18,49],"uv_size":[3,-1]}}},{"origin":[-0.5,7.65,-9.575],"size":[1,0.8,0.01],"uv":{"north":{"uv":[0,50],"uv_size":[1,1]},"east":{"uv":[51,32],"uv_size":[0,1]},"south":{"uv":[50,0],"uv_size":[1,1]},"west":{"uv":[33,51],"uv_size":[0,1]},"up":{"uv":[51,29],"uv_size":[1,0]},"down":{"uv":[34,51],"uv_size":[1,0]}}},{"origin":[-0.5,8.449,-9.575],"size":[1,0.01,0.6],"uv":{"north":{"uv":[51,34],"uv_size":[1,0]},"east":{"uv":[51,35],"uv_size":[1,0]},"south":{"uv":[36,51],"uv_size":[1,0]},"west":{"uv":[51,36],"uv_size":[1,0]},"up":{"uv":[2,50],"uv_size":[1,1]},"down":{"uv":[50,3],"uv_size":[1,-1]}}}]},{"name":"h_ears","parent":"h_head","pivot":[0.02797,10.73835,-6.36348],"rotation":[16.92154,-1.95155,0],"cubes":[{"origin":[-0.2677,9.6246,-6.413],"size":[6,6,0.075],"pivot":[3.5323,12.6246,-6.413],"rotation":[0,0,22.5],"uv":{"north":{"uv":[7,22],"uv_size":[6,6]},"east":{"uv":[8,43],"uv_size":[1,6]},"south":{"uv":[24,0],"uv_size":[6,6]},"west":{"uv":[14,43],"uv_size":[1,6]},"up":{"uv":[42,32],"uv_size":[6,1]},"down":{"uv":[43,29],"uv_size":[6,-1]}}},{"origin":[-5.7323,9.6246,-6.413],"size":[6,6,0.075],"pivot":[-3.5323,12.6246,-6.413],"rotation":[0,0,-22.5],"uv":{"north":{"uv":[24,7],"uv_size":[6,6]},"east":{"uv":[16,43],"uv_size":[1,6]},"south":{"uv":[24,14],"uv_size":[6,6]},"west":{"uv":[41,43],"uv_size":[1,6]},"up":{"uv":[43,30],"uv_size":[6,1]},"down":{"uv":[43,44],"uv_size":[6,-1]}}}]},{"name":"h_head_eyes_closed","parent":"body","pivot":[0,8.15,-4.25],"cubes":[{"origin":[-3,5.9,-8.5],"size":[6,6,6],"uv":{"north":{"uv":[0,12],"uv_size":[6,6]},"east":{"uv":[17,0],"uv_size":[6,6]},"south":{"uv":[17,7],"uv_size":[6,6]},"west":{"uv":[17,14],"uv_size":[6,6]},"up":{"uv":[0,19],"uv_size":[6,6]},"down":{"uv":[17,27],"uv_size":[6,-6]}}},{"origin":[1.125,8.04431,-8.73765],"size":[1.925,1,0],"uv":{"north":{"uv":[30,44],"uv_size":[2,1]},"east":{"uv":[50,4],"uv_size":[0,1]},"south":{"uv":[22,48],"uv_size":[2,1]},"west":{"uv":[5,50],"uv_size":[0,1]},"up":{"uv":[42,34],"uv_size":[2,0]},"down":{"uv":[44,27],"uv_size":[2,0]}}},{"origin":[3.05,8.04431,-8.73865],"size":[0,1,1],"uv":{"north":{"uv":[6,50],"uv_size":[0,1]},"east":{"uv":[29,49],"uv_size":[1,1]},"south":{"uv":[50,6],"uv_size":[0,1]},"west":{"uv":[31,49],"uv_size":[1,1]},"up":{"uv":[7,50],"uv_size":[0,1]},"down":{"uv":[8,51],"uv_size":[0,-1]}}},{"origin":[1.126,8.04431,-8.73765],"size":[0,1,1],"uv":{"north":{"uv":[50,8],"uv_size":[0,1]},"east":{"uv":[49,32],"uv_size":[1,1]},"south":{"uv":[9,50],"uv_size":[0,1]},"west":{"uv":[33,49],"uv_size":[1,1]},"up":{"uv":[50,10],"uv_size":[0,1]},"down":{"uv":[50,13],"uv_size":[0,-1]}}},{"origin":[-3.05,8.04431,-8.73765],"size":[1.925,1,0],"uv":{"north":{"uv":[48,23],"uv_size":[2,1]},"east":{"uv":[14,50],"uv_size":[0,1]},"south":{"uv":[48,25],"uv_size":[2,1]},"west":{"uv":[50,14],"uv_size":[0,1]},"up":{"uv":[45,23],"uv_size":[2,0]},"down":{"uv":[47,27],"uv_size":[2,0]}}},{"origin":[-1.126,8.04431,-8.73765],"size":[0,1,1],"uv":{"north":{"uv":[15,50],"uv_size":[0,1]},"east":{"uv":[49,34],"uv_size":[1,1]},"south":{"uv":[16,50],"uv_size":[0,1]},"west":{"uv":[35,49],"uv_size":[1,1]},"up":{"uv":[50,16],"uv_size":[0,1]},"down":{"uv":[17,51],"uv_size":[0,-1]}}},{"origin":[-3.05,8.04431,-8.73865],"size":[0,1,1],"uv":{"north":{"uv":[50,50],"uv_size":[0,1]},"east":{"uv":[49,40],"uv_size":[1,1]},"south":{"uv":[51,4],"uv_size":[0,1]},"west":{"uv":[49,48],"uv_size":[1,1]},"up":{"uv":[51,6],"uv_size":[0,1]},"down":{"uv":[51,9],"uv_size":[0,-1]}}},{"origin":[0.17025,4.9307,-8.7],"size":[6,2.6,0.02],"pivot":[3.10111,6.82826,-8.8],"rotation":[0,0,22.5],"uv":{"north":{"uv":[30,21],"uv_size":[6,3]},"east":{"uv":[10,51],"uv_size":[0,3]},"south":{"uv":[31,0],"uv_size":[6,3]},"west":{"uv":[51,10],"uv_size":[0,3]},"up":{"uv":[51,14],"uv_size":[6,0]},"down":{"uv":[51,15],"uv_size":[6,0]}}},{"origin":[0.52723,6.21502,-8.9],"size":[6,2.5,0.02],"uv":{"north":{"uv":[31,4],"uv_size":[6,3]},"east":{"uv":[11,51],"uv_size":[0,3]},"south":{"uv":[31,8],"uv_size":[6,3]},"west":{"uv":[12,51],"uv_size":[0,3]},"up":{"uv":[51,16],"uv_size":[6,0]},"down":{"uv":[51,17],"uv_size":[6,0]}}},{"origin":[-6.52723,6.21502,-8.9],"size":[6,2.5,0.02],"uv":{"north":{"uv":[37,4],"uv_size":[-6,3]},"east":{"uv":[12,51],"uv_size":[0,3]},"south":{"uv":[37,8],"uv_size":[-6,3]},"west":{"uv":[11,51],"uv_size":[0,3]},"up":{"uv":[57,16],"uv_size":[-6,0]},"down":{"uv":[57,17],"uv_size":[-6,0]}}},{"origin":[-6.17025,4.9307,-8.7],"size":[6,2.6,0.02],"pivot":[-3.10111,6.82826,-8.8],"rotation":[0,0,-22.5],"uv":{"north":{"uv":[36,21],"uv_size":[-6,3]},"east":{"uv":[51,10],"uv_size":[0,3]},"south":{"uv":[37,0],"uv_size":[-6,3]},"west":{"uv":[10,51],"uv_size":[0,3]},"up":{"uv":[57,14],"uv_size":[-6,0]},"down":{"uv":[57,15],"uv_size":[-6,0]}}},{"origin":[-1.5,6.4,-9.5],"size":[3,2,1],"uv":{"north":{"uv":[7,19],"uv_size":[3,2]},"east":{"uv":[45,48],"uv_size":[1,2]},"south":{"uv":[44,24],"uv_size":[3,2]},"west":{"uv":[47,48],"uv_size":[1,2]},"up":{"uv":[46,18],"uv_size":[3,1]},"down":{"uv":[18,49],"uv_size":[3,-1]}}},{"origin":[-0.5,7.65,-9.575],"size":[1,0.8,0],"uv":{"north":{"uv":[0,50],"uv_size":[1,1]},"east":{"uv":[51,32],"uv_size":[0,1]},"south":{"uv":[50,0],"uv_size":[1,1]},"west":{"uv":[33,51],"uv_size":[0,1]},"up":{"uv":[51,29],"uv_size":[1,0]},"down":{"uv":[34,51],"uv_size":[1,0]}}},{"origin":[-0.5,8.449,-9.575],"size":[1,0,0.6],"uv":{"north":{"uv":[51,34],"uv_size":[1,0]},"east":{"uv":[51,35],"uv_size":[1,0]},"south":{"uv":[36,51],"uv_size":[1,0]},"west":{"uv":[51,36],"uv_size":[1,0]},"up":{"uv":[2,50],"uv_size":[1,1]},"down":{"uv":[50,3],"uv_size":[1,-1]}}}]},{"name":"h_ears2","parent":"h_head_eyes_closed","pivot":[0.02797,10.73835,-6.36348],"rotation":[16.92154,-1.95155,0],"cubes":[{"origin":[-0.2677,9.6246,-6.413],"size":[6,6,0.075],"pivot":[3.5323,12.6246,-6.413],"rotation":[0,0,22.5],"uv":{"north":{"uv":[7,22],"uv_size":[6,6]},"east":{"uv":[8,43],"uv_size":[1,6]},"south":{"uv":[24,0],"uv_size":[6,6]},"west":{"uv":[14,43],"uv_size":[1,6]},"up":{"uv":[42,32],"uv_size":[6,1]},"down":{"uv":[43,29],"uv_size":[6,-1]}}},{"origin":[-5.7323,9.6246,-6.413],"size":[6,6,0.075],"pivot":[-3.5323,12.6246,-6.413],"rotation":[0,0,-22.5],"uv":{"north":{"uv":[24,7],"uv_size":[6,6]},"east":{"uv":[16,43],"uv_size":[1,6]},"south":{"uv":[24,14],"uv_size":[6,6]},"west":{"uv":[41,43],"uv_size":[1,6]},"up":{"uv":[43,30],"uv_size":[6,1]},"down":{"uv":[43,44],"uv_size":[6,-1]}}}]},{"name":"front_leg_left","parent":"body","pivot":[2.3,3.9,-3],"rotation":[-9.99067,0.43399,2.46207],"cubes":[{"origin":[1.1,1.25209,-4.20456],"size":[3,4,3],"inflate":-0.15,"uv":{"north":{"uv":[37,20],"uv_size":[3,4]},"east":{"uv":[26,37],"uv_size":[3,4]},"south":{"uv":[0,38],"uv_size":[3,4]},"west":{"uv":[38,0],"uv_size":[3,4]},"up":{"uv":[41,20],"uv_size":[3,3]},"down":{"uv":[22,44],"uv_size":[3,-3]}}}]},{"name":"front_foot_left","parent":"front_leg_left","pivot":[2.6,1.6,-2.9],"rotation":[9.99067,0.43399,-2.46207],"cubes":[{"origin":[1.1,-0.08937,-4.22155],"size":[3,2,3],"uv":{"north":{"uv":[10,45],"uv_size":[3,2]},"east":{"uv":[18,45],"uv_size":[3,2]},"south":{"uv":[45,20],"uv_size":[3,2]},"west":{"uv":[22,45],"uv_size":[3,2]},"up":{"uv":[10,41],"uv_size":[3,3]},"down":{"uv":[18,44],"uv_size":[3,-3]}}}]},{"name":"front_leg_right","parent":"body","pivot":[-2.3,3.9,-3],"rotation":[-9.99067,-0.43399,-2.46207],"cubes":[{"origin":[-4.1,1.25209,-4.20456],"size":[3,4,3],"inflate":-0.15,"uv":{"north":{"uv":[38,5],"uv_size":[3,4]},"east":{"uv":[38,10],"uv_size":[3,4]},"south":{"uv":[14,38],"uv_size":[3,4]},"west":{"uv":[38,15],"uv_size":[3,4]},"up":{"uv":[42,0],"uv_size":[3,3]},"down":{"uv":[42,7],"uv_size":[3,-3]}}}]},{"name":"front_foot_right","parent":"front_leg_right","pivot":[-2.6,1.6,-2.9],"rotation":[9.99067,-0.43399,2.46207],"cubes":[{"origin":[-4.1,-0.08937,-4.22155],"size":[3,2,3],"uv":{"north":{"uv":[45,34],"uv_size":[3,2]},"east":{"uv":[45,37],"uv_size":[3,2]},"south":{"uv":[45,40],"uv_size":[3,2]},"west":{"uv":[43,45],"uv_size":[3,2]},"up":{"uv":[41,35],"uv_size":[3,3]},"down":{"uv":[41,42],"uv_size":[3,-3]}}}]},{"name":"back_leg_right","parent":"body","pivot":[-2.3,5.3,2.6],"rotation":[10,0,0],"cubes":[{"origin":[-4.1,1.25209,1.30456],"size":[3,5,3],"inflate":-0.15,"uv":{"north":{"uv":[32,29],"uv_size":[3,5]},"east":{"uv":[10,35],"uv_size":[3,5]},"south":{"uv":[18,35],"uv_size":[3,5]},"west":{"uv":[22,35],"uv_size":[3,5]},"up":{"uv":[0,43],"uv_size":[3,3]},"down":{"uv":[4,46],"uv_size":[3,-3]}}}]},{"name":"back_foot_right","parent":"back_leg_right","pivot":[-2.6,1.6494,3],"rotation":[-10,0,0],"cubes":[{"origin":[-4.1,-0.1,1.2],"size":[3,2,3],"uv":{"north":{"uv":[46,12],"uv_size":[3,2]},"east":{"uv":[46,15],"uv_size":[3,2]},"south":{"uv":[26,46],"uv_size":[3,2]},"west":{"uv":[30,46],"uv_size":[3,2]},"up":{"uv":[33,42],"uv_size":[3,3]},"down":{"uv":[37,45],"uv_size":[3,-3]}}}]},{"name":"back_leg_left","parent":"body","pivot":[2.3,5.3,2.6],"rotation":[10,0,0],"cubes":[{"origin":[1.1,1.25209,1.30456],"size":[3,5,3],"inflate":-0.15,"uv":{"north":{"uv":[35,29],"uv_size":[-3,5]},"east":{"uv":[25,35],"uv_size":[-3,5]},"south":{"uv":[21,35],"uv_size":[-3,5]},"west":{"uv":[13,35],"uv_size":[-3,5]},"up":{"uv":[3,43],"uv_size":[-3,3]},"down":{"uv":[7,46],"uv_size":[-3,-3]}}}]},{"name":"back_foot_left","parent":"back_leg_left","pivot":[2.6,1.6494,3],"rotation":[-10,0,0],"cubes":[{"origin":[1.1,-0.1,1.2],"size":[3,2,3],"uv":{"north":{"uv":[49,12],"uv_size":[-3,2]},"east":{"uv":[33,46],"uv_size":[-3,2]},"south":{"uv":[29,46],"uv_size":[-3,2]},"west":{"uv":[49,15],"uv_size":[-3,2]},"up":{"uv":[36,42],"uv_size":[-3,3]},"down":{"uv":[40,45],"uv_size":[-3,-3]}}}]}]}]}
