{"format_version":"1.12.0","minecraft:geometry":[{"description":{"identifier":"geometry.brown_hairy_cat","texture_width":128,"texture_height":128,"visible_bounds_width":3,"visible_bounds_height":3,"visible_bounds_offset":[0,0.5,0]},"bones":[{"name":"hitbox","pivot":[0,11,-5],"cubes":[{"origin":[-6.5,0,-6.5],"size":[13,14,13],"uv":{}}]},{"name":"body","pivot":[0,6.6021,-1.08288],"cubes":[{"origin":[-2.5,3.6,-5.5],"size":[5,5,10],"uv":{"north":{"uv":[42,7],"uv_size":[5,5]},"east":{"uv":[0,0],"uv_size":[10,5]},"south":{"uv":[42,13],"uv_size":[5,5]},"west":{"uv":[0,6],"uv_size":[10,5]},"up":{"uv":[11,0],"uv_size":[5,10]},"down":{"uv":[11,21],"uv_size":[5,-10]}}},{"origin":[3.11866,1.4898,-5.5],"size":[0,5,10],"pivot":[0.01866,5.4898,-0.5],"rotation":[0,0,-22.5],"uv":{"north":{"uv":[54,65],"uv_size":[0,5]},"east":{"uv":[0,12],"uv_size":[10,5]},"south":{"uv":[55,65],"uv_size":[0,5]},"west":{"uv":[17,0],"uv_size":[10,5]},"up":{"uv":[56,65],"uv_size":[0,10]},"down":{"uv":[57,75],"uv_size":[0,-10]}}},{"origin":[-3.11866,1.4898,-5.5],"size":[0,5,10],"pivot":[-0.01866,5.4898,-0.5],"rotation":[0,0,22.5],"uv":{"north":{"uv":[58,65],"uv_size":[0,5]},"east":{"uv":[17,6],"uv_size":[10,5]},"south":{"uv":[59,65],"uv_size":[0,5]},"west":{"uv":[17,12],"uv_size":[10,5]},"up":{"uv":[60,65],"uv_size":[0,10]},"down":{"uv":[61,75],"uv_size":[0,-10]}}},{"origin":[3.11866,-1.1102,-5.5],"size":[0,5,10],"pivot":[0.01866,2.8898,-0.5],"rotation":[0,0,-22.5],"uv":{"north":{"uv":[62,65],"uv_size":[0,5]},"east":{"uv":[0,18],"uv_size":[10,5]},"south":{"uv":[65,64],"uv_size":[0,5]},"west":{"uv":[17,18],"uv_size":[10,5]},"up":{"uv":[4,66],"uv_size":[0,10]},"down":{"uv":[5,76],"uv_size":[0,-10]}}},{"origin":[-3.11866,-1.1102,-5.5],"size":[0,5,10],"pivot":[-0.01866,2.8898,-0.5],"rotation":[0,0,22.5],"uv":{"north":{"uv":[6,66],"uv_size":[0,5]},"east":{"uv":[0,24],"uv_size":[10,5]},"south":{"uv":[7,66],"uv_size":[0,5]},"west":{"uv":[11,24],"uv_size":[10,5]},"up":{"uv":[12,66],"uv_size":[0,10]},"down":{"uv":[13,76],"uv_size":[0,-10]}}},{"origin":[-2.5,0.98031,-6.77641],"size":[5,3,0],"pivot":[0.5,0.98031,-3.77641],"rotation":[-22.5,0,0],"uv":{"north":{"uv":[45,50],"uv_size":[5,3]},"east":{"uv":[35,67],"uv_size":[0,3]},"south":{"uv":[51,50],"uv_size":[5,3]},"west":{"uv":[36,67],"uv_size":[0,3]},"up":{"uv":[37,67],"uv_size":[5,0]},"down":{"uv":[67,38],"uv_size":[5,0]}}},{"origin":[-2.5,3.71418,-6.07403],"size":[5,3,0],"pivot":[0,5.21418,-6.07403],"rotation":[-22.5,0,0],"uv":{"north":{"uv":[26,50],"uv_size":[5,3]},"east":{"uv":[67,19],"uv_size":[0,3]},"south":{"uv":[32,50],"uv_size":[5,3]},"west":{"uv":[34,67],"uv_size":[0,3]},"up":{"uv":[67,25],"uv_size":[5,0]},"down":{"uv":[67,26],"uv_size":[5,0]}}}]},{"name":"tag_name","parent":"body","pivot":[0,14.6021,-1.08288]},{"name":"CONTROL_tail","parent":"body","pivot":[0,6.6021,-1.08288]},{"name":"tail","parent":"CONTROL_tail","pivot":[0,6.6,4.3],"rotation":[45.5,0,0],"cubes":[{"origin":[-1.5,4.96352,2.82491],"size":[3,3,6],"inflate":-0.15,"uv":{"north":{"uv":[57,39],"uv_size":[3,3]},"east":{"uv":[28,42],"uv_size":[6,3]},"south":{"uv":[57,43],"uv_size":[3,3]},"west":{"uv":[35,42],"uv_size":[6,3]},"up":{"uv":[42,35],"uv_size":[3,6]},"down":{"uv":[42,48],"uv_size":[3,-6]}}},{"origin":[-1.5,7.56352,5.62491],"size":[3,0,3],"pivot":[0,6.46352,5.82491],"rotation":[22.5,0,0],"uv":{"north":{"uv":[57,39],"uv_size":[3,3]},"east":{"uv":[28,42],"uv_size":[6,3]},"south":{"uv":[57,43],"uv_size":[3,3]},"west":{"uv":[35,42],"uv_size":[6,3]},"up":{"uv":[78,6],"uv_size":[3,3]},"down":{"uv":[78,9],"uv_size":[3,-3]}}},{"origin":[1.5,4.96352,2.82491],"size":[0,3,6],"pivot":[1.5,6.46352,5.82491],"rotation":[0,22.5,0],"uv":{"north":{"uv":[57,39],"uv_size":[3,3]},"east":{"uv":[87,0],"uv_size":[-6,3]},"south":{"uv":[57,43],"uv_size":[3,3]},"west":{"uv":[81,0],"uv_size":[6,3]},"up":{"uv":[42,35],"uv_size":[3,6]},"down":{"uv":[42,48],"uv_size":[3,-6]}}},{"origin":[-1.5,4.96352,2.82491],"size":[0,3,6],"pivot":[-1.5,6.46352,5.82491],"rotation":[0,-22.5,0],"uv":{"north":{"uv":[60,39],"uv_size":[-3,3]},"east":{"uv":[87,0],"uv_size":[-6,3]},"south":{"uv":[60,43],"uv_size":[-3,3]},"west":{"uv":[81,0],"uv_size":[6,3]},"up":{"uv":[45,35],"uv_size":[-3,6]},"down":{"uv":[45,48],"uv_size":[-3,-6]}}},{"origin":[-1.3,4.76352,2.82491],"size":[2.6,0,6],"pivot":[0,6.46352,5.82491],"rotation":[-22.5,0,0],"uv":{"north":{"uv":[57,39],"uv_size":[3,3]},"east":{"uv":[28,42],"uv_size":[6,3]},"south":{"uv":[57,43],"uv_size":[3,3]},"west":{"uv":[35,42],"uv_size":[6,3]},"up":{"uv":[76,0],"uv_size":[3,6]},"down":{"uv":[76,6],"uv_size":[3,-6]}}}]},{"name":"tail_half","parent":"tail","pivot":[0,6.50926,8.68366],"rotation":[47.5,0,0],"cubes":[{"origin":[1.5,5.00926,11.48366],"size":[0,3,4],"pivot":[0,6.50926,11.18366],"rotation":[0,22.5,0],"uv":{"north":{"uv":[28,31],"uv_size":[0,3]},"east":{"uv":[52,46],"uv_size":[4,3]},"south":{"uv":[55,0],"uv_size":[0,3]},"west":{"uv":[38,53],"uv_size":[4,3]},"up":{"uv":[65,53],"uv_size":[0,4]},"down":{"uv":[66,17],"uv_size":[0,-4]}}},{"origin":[-1.5,5.00926,11.48366],"size":[0,3,4],"pivot":[0,6.50926,11.18366],"rotation":[0,-22.5,0],"uv":{"north":{"uv":[34,58],"uv_size":[0,3]},"east":{"uv":[54,10],"uv_size":[4,3]},"south":{"uv":[66,4],"uv_size":[0,3]},"west":{"uv":[20,54],"uv_size":[4,3]},"up":{"uv":[14,66],"uv_size":[0,4]},"down":{"uv":[15,70],"uv_size":[0,-4]}}},{"origin":[2.325,5.00926,9.48366],"size":[0,3,4],"pivot":[0,6.50926,11.18366],"rotation":[0,22.5,0],"uv":{"north":{"uv":[16,66],"uv_size":[0,3]},"east":{"uv":[25,54],"uv_size":[4,3]},"south":{"uv":[17,66],"uv_size":[0,3]},"west":{"uv":[30,54],"uv_size":[4,3]},"up":{"uv":[18,66],"uv_size":[0,4]},"down":{"uv":[66,22],"uv_size":[0,-4]}}},{"origin":[-2.325,5.00926,9.48366],"size":[0,3,4],"pivot":[0,6.50926,11.18366],"rotation":[0,-22.5,0],"uv":{"north":{"uv":[19,66],"uv_size":[0,3]},"east":{"uv":[43,54],"uv_size":[4,3]},"south":{"uv":[66,31],"uv_size":[0,3]},"west":{"uv":[48,54],"uv_size":[4,3]},"up":{"uv":[50,66],"uv_size":[0,4]},"down":{"uv":[51,70],"uv_size":[0,-4]}}},{"origin":[-1.5,5.00926,7.68366],"size":[3,3,6],"uv":{"north":{"uv":[57,47],"uv_size":[3,3]},"east":{"uv":[43,19],"uv_size":[6,3]},"south":{"uv":[57,51],"uv_size":[3,3]},"west":{"uv":[43,23],"uv_size":[6,3]},"up":{"uv":[43,27],"uv_size":[3,6]},"down":{"uv":[0,50],"uv_size":[3,-6]}}},{"origin":[-1.5,8.30926,10.68366],"size":[3,0,3],"pivot":[0,6.50926,11.18366],"rotation":[22.5,0,0],"uv":{"north":{"uv":[57,47],"uv_size":[3,3]},"east":{"uv":[43,19],"uv_size":[6,3]},"south":{"uv":[57,51],"uv_size":[3,3]},"west":{"uv":[43,23],"uv_size":[6,3]},"up":{"uv":[68,6],"uv_size":[3,3]},"down":{"uv":[68,9],"uv_size":[3,-3]}}},{"origin":[-1.5,3.74703,8.02932],"size":[3,0,4],"pivot":[0,5.24703,11.02932],"rotation":[-22.5,0,0],"uv":{"north":{"uv":[14,48],"uv_size":[3,0]},"east":{"uv":[20,49],"uv_size":[4,0]},"south":{"uv":[66,23],"uv_size":[3,0]},"west":{"uv":[66,24],"uv_size":[4,0]},"up":{"uv":[4,54],"uv_size":[3,4]},"down":{"uv":[53,58],"uv_size":[3,-4]}}},{"origin":[-1.5,4.84703,9.72932],"size":[3,0,4],"pivot":[0,5.24703,11.02932],"rotation":[-22.5,0,0],"uv":{"north":{"uv":[66,27],"uv_size":[3,0]},"east":{"uv":[66,28],"uv_size":[4,0]},"south":{"uv":[66,53],"uv_size":[3,0]},"west":{"uv":[66,54],"uv_size":[4,0]},"up":{"uv":[56,0],"uv_size":[3,4]},"down":{"uv":[56,9],"uv_size":[3,-4]}}}]},{"name":"tail_end","parent":"tail_half","pivot":[0,6.50926,13.68366],"rotation":[62.5223,0,0],"cubes":[{"origin":[-1.5,5.00926,12.68366],"size":[3,3,5],"uv":{"north":{"uv":[57,55],"uv_size":[3,3]},"east":{"uv":[46,46],"uv_size":[5,3]},"south":{"uv":[8,58],"uv_size":[3,3]},"west":{"uv":[47,27],"uv_size":[5,3]},"up":{"uv":[4,48],"uv_size":[3,5]},"down":{"uv":[48,12],"uv_size":[3,-5]}}},{"origin":[-1.5,8.10926,15.68366],"size":[3,0,3],"pivot":[0,6.50926,16.18366],"rotation":[22.5,0,0],"uv":{"north":{"uv":[57,55],"uv_size":[3,3]},"east":{"uv":[46,46],"uv_size":[5,3]},"south":{"uv":[8,58],"uv_size":[3,3]},"west":{"uv":[47,27],"uv_size":[5,3]},"up":{"uv":[73,7],"uv_size":[3,3]},"down":{"uv":[73,10],"uv_size":[3,-3]}}},{"origin":[-1.5,3.55569,12.99126],"size":[3,0,5],"pivot":[0,5.05569,16.49126],"rotation":[-22.5,0,0],"uv":{"north":{"uv":[57,55],"uv_size":[3,3]},"east":{"uv":[46,46],"uv_size":[5,3]},"south":{"uv":[8,58],"uv_size":[3,3]},"west":{"uv":[47,27],"uv_size":[5,3]},"up":{"uv":[68,0],"uv_size":[3,5]},"down":{"uv":[68,5],"uv_size":[3,-5]}}},{"origin":[-1.5,5.00569,16.49126],"size":[3,0,5],"pivot":[0,5.05569,16.49126],"rotation":[-22.5,0,0],"uv":{"north":{"uv":[57,55],"uv_size":[3,3]},"east":{"uv":[46,46],"uv_size":[5,3]},"south":{"uv":[8,58],"uv_size":[3,3]},"west":{"uv":[47,27],"uv_size":[5,3]},"up":{"uv":[72,0],"uv_size":[3,5]},"down":{"uv":[72,5],"uv_size":[3,-5]}}},{"origin":[1.3,5.00926,14.68366],"size":[0,3,5],"pivot":[1.5,6.50926,15.18366],"rotation":[0,22.5,0],"uv":{"north":{"uv":[52,66],"uv_size":[0,3]},"east":{"uv":[8,48],"uv_size":[5,3]},"south":{"uv":[53,66],"uv_size":[0,3]},"west":{"uv":[48,13],"uv_size":[5,3]},"up":{"uv":[66,55],"uv_size":[0,5]},"down":{"uv":[66,66],"uv_size":[0,-5]}}},{"origin":[-1.3,5.00926,14.68366],"size":[0,3,5],"pivot":[-1.5,6.50926,15.18366],"rotation":[0,-22.5,0],"uv":{"north":{"uv":[63,66],"uv_size":[0,3]},"east":{"uv":[49,0],"uv_size":[5,3]},"south":{"uv":[64,66],"uv_size":[0,3]},"west":{"uv":[14,49],"uv_size":[5,3]},"up":{"uv":[0,67],"uv_size":[0,5]},"down":{"uv":[67,5],"uv_size":[0,-5]}}},{"origin":[2.67068,5.00926,11.76906],"size":[0,3,5],"pivot":[1.87068,6.50926,15.66906],"rotation":[0,22.5,0],"uv":{"north":{"uv":[1,67],"uv_size":[0,3]},"east":{"uv":[39,49],"uv_size":[5,3]},"south":{"uv":[2,67],"uv_size":[0,3]},"west":{"uv":[50,17],"uv_size":[5,3]},"up":{"uv":[3,67],"uv_size":[0,5]},"down":{"uv":[67,11],"uv_size":[0,-5]}}},{"origin":[-2.67068,5.00926,11.76906],"size":[0,3,5],"pivot":[-1.87068,6.50926,15.66906],"rotation":[0,-22.5,0],"uv":{"north":{"uv":[8,67],"uv_size":[0,3]},"east":{"uv":[20,50],"uv_size":[5,3]},"south":{"uv":[9,67],"uv_size":[0,3]},"west":{"uv":[50,21],"uv_size":[5,3]},"up":{"uv":[10,67],"uv_size":[0,5]},"down":{"uv":[11,72],"uv_size":[0,-5]}}}]},{"name":"h_head","parent":"body","pivot":[0,8.55,-4.25],"cubes":[{"origin":[-3,6.3,-8.5],"size":[6,6,6],"uv":{"north":{"uv":[22,24],"uv_size":[6,6]},"east":{"uv":[28,0],"uv_size":[6,6]},"south":{"uv":[28,7],"uv_size":[6,6]},"west":{"uv":[28,14],"uv_size":[6,6]},"up":{"uv":[29,21],"uv_size":[6,6]},"down":{"uv":[29,34],"uv_size":[6,-6]}}},{"origin":[-1.55343,7.05954,-8.525],"size":[1,3,0],"pivot":[-0.95343,8.55954,-8.525],"rotation":[0,0,-22.5],"uv":{"north":{"uv":[68,11],"uv_size":[3,1]},"east":{"uv":[35,28],"uv_size":[-6,6]},"south":{"uv":[70,11],"uv_size":[-2,1]},"west":{"uv":[35,27],"uv_size":[-6,-6]},"up":{"uv":[34,6],"uv_size":[-6,-6]},"down":{"uv":[34,20],"uv_size":[-6,-6]}}},{"origin":[0.55343,7.05954,-8.525],"size":[1,3,0],"pivot":[0.95343,8.55954,-8.525],"rotation":[0,0,22.5],"uv":{"north":{"uv":[71,11],"uv_size":[-3,1]},"east":{"uv":[29,27],"uv_size":[6,-6]},"south":{"uv":[68,11],"uv_size":[3,1]},"west":{"uv":[29,28],"uv_size":[6,6]},"up":{"uv":[28,6],"uv_size":[6,-6]},"down":{"uv":[28,20],"uv_size":[6,-6]}}},{"origin":[4.37641,4.3,-6.58031],"size":[0,6,6],"pivot":[1.37641,7.3,-3.58031],"rotation":[0,22.5,0],"uv":{"north":{"uv":[67,12],"uv_size":[0,6]},"east":{"uv":[0,30],"uv_size":[6,6]},"south":{"uv":[20,67],"uv_size":[0,6]},"west":{"uv":[7,30],"uv_size":[6,6]},"up":{"uv":[21,67],"uv_size":[0,6]},"down":{"uv":[22,73],"uv_size":[0,-6]}}},{"origin":[-4.37641,4.3,-6.58031],"size":[0,6,6],"pivot":[-1.37641,7.3,-3.58031],"rotation":[0,-22.5,0],"uv":{"north":{"uv":[23,67],"uv_size":[0,6]},"east":{"uv":[14,30],"uv_size":[6,6]},"south":{"uv":[24,67],"uv_size":[0,6]},"west":{"uv":[21,31],"uv_size":[6,6]},"up":{"uv":[25,67],"uv_size":[0,6]},"down":{"uv":[26,73],"uv_size":[0,-6]}}},{"origin":[-4.37641,6.3,-4.58031],"size":[0,6,6],"pivot":[-1.37641,9.3,-1.58031],"rotation":[0,-22.5,0],"uv":{"north":{"uv":[27,67],"uv_size":[0,6]},"east":{"uv":[35,0],"uv_size":[6,6]},"south":{"uv":[28,67],"uv_size":[0,6]},"west":{"uv":[35,7],"uv_size":[6,6]},"up":{"uv":[29,67],"uv_size":[0,6]},"down":{"uv":[30,73],"uv_size":[0,-6]}}},{"origin":[4.37641,6.3,-4.58031],"size":[0,6,6],"pivot":[1.37641,9.3,-1.58031],"rotation":[0,22.5,0],"uv":{"north":{"uv":[31,67],"uv_size":[0,6]},"east":{"uv":[35,14],"uv_size":[6,6]},"south":{"uv":[67,31],"uv_size":[0,6]},"west":{"uv":[28,35],"uv_size":[6,6]},"up":{"uv":[32,67],"uv_size":[0,6]},"down":{"uv":[33,73],"uv_size":[0,-6]}}},{"origin":[2.075,9.425,-8.625],"size":[0.4,0.4,0],"uv":{"north":{"uv":[15,22],"uv_size":[1,1]},"east":{"uv":[28,21],"uv_size":[0,1]},"south":{"uv":[48,17],"uv_size":[1,1]},"west":{"uv":[42,19],"uv_size":[0,1]},"up":{"uv":[43,34],"uv_size":[1,0]},"down":{"uv":[18,44],"uv_size":[1,0]}}},{"origin":[1.225,8.3,-8.575],"size":[1.8,1.8,0],"uv":{"north":{"uv":[39,46],"uv_size":[2,2]},"east":{"uv":[38,50],"uv_size":[0,2]},"south":{"uv":[49,4],"uv_size":[2,2]},"west":{"uv":[67,39],"uv_size":[0,2]},"up":{"uv":[25,45],"uv_size":[2,0]},"down":{"uv":[67,42],"uv_size":[2,0]}}},{"origin":[1.125,8.3,-8.575],"size":[0.1,1.8,0],"uv":{"north":{"uv":[51,31],"uv_size":[1,2]},"east":{"uv":[43,67],"uv_size":[0,2]},"south":{"uv":[52,10],"uv_size":[1,2]},"west":{"uv":[44,67],"uv_size":[0,2]},"up":{"uv":[12,52],"uv_size":[1,0]},"down":{"uv":[43,53],"uv_size":[1,0]}}},{"origin":[1.125,8.2,-8.575],"size":[1.9,0.1,0],"uv":{"north":{"uv":[50,25],"uv_size":[2,1]},"east":{"uv":[60,22],"uv_size":[0,1]},"south":{"uv":[63,27],"uv_size":[2,1]},"west":{"uv":[67,43],"uv_size":[0,1]},"up":{"uv":[45,67],"uv_size":[2,0]},"down":{"uv":[67,49],"uv_size":[2,0]}}},{"origin":[3.025,8.2,-8.575],"size":[0,0.1,0.5],"uv":{"north":{"uv":[48,67],"uv_size":[0,1]},"east":{"uv":[64,16],"uv_size":[1,1]},"south":{"uv":[49,67],"uv_size":[0,1]},"west":{"uv":[64,18],"uv_size":[1,1]},"up":{"uv":[67,50],"uv_size":[0,1]},"down":{"uv":[67,56],"uv_size":[0,-1]}}},{"origin":[-3.025,8.2,-8.575],"size":[0,0.1,0.5],"uv":{"north":{"uv":[67,57],"uv_size":[0,1]},"east":{"uv":[64,20],"uv_size":[1,1]},"south":{"uv":[67,59],"uv_size":[0,1]},"west":{"uv":[63,64],"uv_size":[1,1]},"up":{"uv":[67,61],"uv_size":[0,1]},"down":{"uv":[67,64],"uv_size":[0,-1]}}},{"origin":[-3.025,8.2,-8.575],"size":[1.9,0.1,0],"uv":{"north":{"uv":[63,31],"uv_size":[2,1]},"east":{"uv":[67,65],"uv_size":[0,1]},"south":{"uv":[63,33],"uv_size":[2,1]},"west":{"uv":[66,67],"uv_size":[0,1]},"up":{"uv":[67,52],"uv_size":[2,0]},"down":{"uv":[67,67],"uv_size":[2,0]}}},{"origin":[-1.225,8.3,-8.575],"size":[0.1,1.8,0],"uv":{"north":{"uv":[54,14],"uv_size":[1,2]},"east":{"uv":[68,0],"uv_size":[0,2]},"south":{"uv":[63,35],"uv_size":[1,2]},"west":{"uv":[68,3],"uv_size":[0,2]},"up":{"uv":[51,58],"uv_size":[1,0]},"down":{"uv":[61,58],"uv_size":[1,0]}}},{"origin":[1.375,8.425,-8.6],"size":[1,1.3,0],"uv":{"north":{"uv":[0,65],"uv_size":[1,1]},"east":{"uv":[68,6],"uv_size":[0,1]},"south":{"uv":[2,65],"uv_size":[1,1]},"west":{"uv":[68,8],"uv_size":[0,1]},"up":{"uv":[63,44],"uv_size":[1,0]},"down":{"uv":[64,7],"uv_size":[1,0]}}},{"origin":[3.025,8.3,-8.575],"size":[0,1.8,0.5],"uv":{"north":{"uv":[68,10],"uv_size":[0,2]},"east":{"uv":[63,38],"uv_size":[1,2]},"south":{"uv":[68,13],"uv_size":[0,2]},"west":{"uv":[63,41],"uv_size":[1,2]},"up":{"uv":[68,16],"uv_size":[0,1]},"down":{"uv":[68,19],"uv_size":[0,-1]}}},{"origin":[-1.675,9.425,-8.625],"size":[0.4,0.4,0],"uv":{"north":{"uv":[8,65],"uv_size":[1,1]},"east":{"uv":[68,20],"uv_size":[0,1]},"south":{"uv":[10,65],"uv_size":[1,1]},"west":{"uv":[68,29],"uv_size":[0,1]},"up":{"uv":[68,22],"uv_size":[1,0]},"down":{"uv":[68,31],"uv_size":[1,0]}}},{"origin":[-2.375,8.425,-8.6],"size":[1,1.3,0],"uv":{"north":{"uv":[20,65],"uv_size":[1,1]},"east":{"uv":[68,32],"uv_size":[0,1]},"south":{"uv":[22,65],"uv_size":[1,1]},"west":{"uv":[68,34],"uv_size":[0,1]},"up":{"uv":[68,36],"uv_size":[1,0]},"down":{"uv":[37,68],"uv_size":[1,0]}}},{"origin":[-3.025,8.3,-8.575],"size":[1.8,1.8,0],"uv":{"north":{"uv":[35,54],"uv_size":[2,2]},"east":{"uv":[39,68],"uv_size":[0,2]},"south":{"uv":[63,22],"uv_size":[2,2]},"west":{"uv":[68,39],"uv_size":[0,2]},"up":{"uv":[68,37],"uv_size":[2,0]},"down":{"uv":[40,68],"uv_size":[2,0]}}},{"origin":[-3.025,8.3,-8.575],"size":[0,1.8,0.5],"uv":{"north":{"uv":[68,43],"uv_size":[0,2]},"east":{"uv":[50,63],"uv_size":[1,2]},"south":{"uv":[45,68],"uv_size":[0,2]},"west":{"uv":[52,63],"uv_size":[1,2]},"up":{"uv":[46,68],"uv_size":[0,1]},"down":{"uv":[68,47],"uv_size":[0,-1]}}},{"origin":[1.125,9.84431,-8.83765],"size":[1.925,1,0],"pivot":[2.0505,10.14431,-8.28765],"rotation":[-22.5,0,0],"uv":{"north":{"uv":[54,63],"uv_size":[2,1]},"east":{"uv":[47,68],"uv_size":[0,1]},"south":{"uv":[57,63],"uv_size":[2,1]},"west":{"uv":[68,50],"uv_size":[0,1]},"up":{"uv":[68,48],"uv_size":[2,0]},"down":{"uv":[68,55],"uv_size":[2,0]}}},{"origin":[1.125,9.74431,-8.83765],"size":[1.925,0.1,0],"pivot":[2.0505,10.14431,-8.28765],"rotation":[-22.5,0,0],"uv":{"north":{"uv":[63,58],"uv_size":[2,1]},"east":{"uv":[68,56],"uv_size":[0,1]},"south":{"uv":[60,63],"uv_size":[2,1]},"west":{"uv":[68,58],"uv_size":[0,1]},"up":{"uv":[68,60],"uv_size":[2,0]},"down":{"uv":[68,61],"uv_size":[2,0]}}},{"origin":[-3.05,9.74431,-8.83765],"size":[1.925,0.1,0],"pivot":[-2.0505,10.14431,-8.28765],"rotation":[-22.5,0,0],"uv":{"north":{"uv":[63,60],"uv_size":[2,1]},"east":{"uv":[68,62],"uv_size":[0,1]},"south":{"uv":[63,62],"uv_size":[2,1]},"west":{"uv":[68,64],"uv_size":[0,1]},"up":{"uv":[68,66],"uv_size":[2,0]},"down":{"uv":[67,68],"uv_size":[2,0]}}},{"origin":[1.126,9.84431,-8.83765],"size":[0,1,1],"pivot":[2.0505,10.14431,-8.28765],"rotation":[-22.5,0,0],"uv":{"north":{"uv":[69,0],"uv_size":[0,1]},"east":{"uv":[24,65],"uv_size":[1,1]},"south":{"uv":[69,2],"uv_size":[0,1]},"west":{"uv":[26,65],"uv_size":[1,1]},"up":{"uv":[69,4],"uv_size":[0,1]},"down":{"uv":[69,7],"uv_size":[0,-1]}}},{"origin":[3.05,9.84431,-8.83865],"size":[0,1,1],"pivot":[2.0505,10.14431,-8.28765],"rotation":[-22.5,0,0],"uv":{"north":{"uv":[69,8],"uv_size":[0,1]},"east":{"uv":[28,65],"uv_size":[1,1]},"south":{"uv":[69,10],"uv_size":[0,1]},"west":{"uv":[30,65],"uv_size":[1,1]},"up":{"uv":[69,12],"uv_size":[0,1]},"down":{"uv":[69,15],"uv_size":[0,-1]}}},{"origin":[3.05,9.74431,-8.83865],"size":[0,0.1,1],"pivot":[2.0505,10.14431,-8.28765],"rotation":[-22.5,0,0],"uv":{"north":{"uv":[69,16],"uv_size":[0,1]},"east":{"uv":[32,65],"uv_size":[1,1]},"south":{"uv":[69,18],"uv_size":[0,1]},"west":{"uv":[34,65],"uv_size":[1,1]},"up":{"uv":[69,20],"uv_size":[0,1]},"down":{"uv":[69,30],"uv_size":[0,-1]}}},{"origin":[1.126,9.74392,-8.83772],"size":[0,0.1,1],"pivot":[0.1265,10.14392,-8.28672],"rotation":[-22.5,0,0],"uv":{"north":{"uv":[69,32],"uv_size":[0,1]},"east":{"uv":[65,35],"uv_size":[1,1]},"south":{"uv":[69,34],"uv_size":[0,1]},"west":{"uv":[36,65],"uv_size":[1,1]},"up":{"uv":[37,69],"uv_size":[0,1]},"down":{"uv":[38,70],"uv_size":[0,-1]}}},{"origin":[-1.126,9.74392,-8.83772],"size":[0,0.1,1],"pivot":[-0.1265,10.14392,-8.28672],"rotation":[-22.5,0,0],"uv":{"north":{"uv":[69,39],"uv_size":[0,1]},"east":{"uv":[65,37],"uv_size":[1,1]},"south":{"uv":[40,69],"uv_size":[0,1]},"west":{"uv":[38,65],"uv_size":[1,1]},"up":{"uv":[41,69],"uv_size":[0,1]},"down":{"uv":[42,70],"uv_size":[0,-1]}}},{"origin":[-3.05,9.74431,-8.83865],"size":[0,0.1,1],"pivot":[-2.0505,10.14431,-8.28765],"rotation":[-22.5,0,0],"uv":{"north":{"uv":[69,43],"uv_size":[0,1]},"east":{"uv":[65,39],"uv_size":[1,1]},"south":{"uv":[69,45],"uv_size":[0,1]},"west":{"uv":[40,65],"uv_size":[1,1]},"up":{"uv":[48,69],"uv_size":[0,1]},"down":{"uv":[49,70],"uv_size":[0,-1]}}},{"origin":[-3.05,9.84431,-8.83765],"size":[1.925,1,0],"pivot":[-2.0505,10.14431,-8.28765],"rotation":[-22.5,0,0],"uv":{"north":{"uv":[64,0],"uv_size":[2,1]},"east":{"uv":[69,50],"uv_size":[0,1]},"south":{"uv":[64,2],"uv_size":[2,1]},"west":{"uv":[69,56],"uv_size":[0,1]},"up":{"uv":[69,41],"uv_size":[2,0]},"down":{"uv":[69,47],"uv_size":[2,0]}}},{"origin":[-3.05,9.84431,-8.83865],"size":[0,1,1],"pivot":[-2.0505,10.14431,-8.28765],"rotation":[-22.5,0,0],"uv":{"north":{"uv":[69,58],"uv_size":[0,1]},"east":{"uv":[65,41],"uv_size":[1,1]},"south":{"uv":[69,62],"uv_size":[0,1]},"west":{"uv":[42,65],"uv_size":[1,1]},"up":{"uv":[69,64],"uv_size":[0,1]},"down":{"uv":[66,70],"uv_size":[0,-1]}}},{"origin":[-1.126,9.84431,-8.83765],"size":[0,1,1],"pivot":[-2.0505,10.14431,-8.28765],"rotation":[-22.5,0,0],"uv":{"north":{"uv":[67,69],"uv_size":[0,1]},"east":{"uv":[65,43],"uv_size":[1,1]},"south":{"uv":[68,69],"uv_size":[0,1]},"west":{"uv":[44,65],"uv_size":[1,1]},"up":{"uv":[69,69],"uv_size":[0,1]},"down":{"uv":[70,1],"uv_size":[0,-1]}}},{"origin":[0.52723,6.11502,-8.9],"size":[6,3,0],"uv":{"north":{"uv":[4,44],"uv_size":[6,3]},"east":{"uv":[70,2],"uv_size":[0,3]},"south":{"uv":[11,44],"uv_size":[6,3]},"west":{"uv":[70,6],"uv_size":[0,3]},"up":{"uv":[70,10],"uv_size":[6,0]},"down":{"uv":[70,11],"uv_size":[6,0]}}},{"origin":[0.39895,4.51738,-8.7],"size":[6,3,0],"pivot":[3.34895,7.19374,-8.8],"rotation":[0,0,45],"uv":{"north":{"uv":[18,45],"uv_size":[6,3]},"east":{"uv":[70,12],"uv_size":[0,3]},"south":{"uv":[25,46],"uv_size":[6,3]},"west":{"uv":[16,70],"uv_size":[0,3]},"up":{"uv":[70,16],"uv_size":[6,0]},"down":{"uv":[70,17],"uv_size":[6,0]}}},{"origin":[-6.52723,6.11502,-8.9],"size":[6,3,0],"uv":{"north":{"uv":[32,46],"uv_size":[6,3]},"east":{"uv":[17,70],"uv_size":[0,3]},"south":{"uv":[46,34],"uv_size":[6,3]},"west":{"uv":[70,18],"uv_size":[0,3]},"up":{"uv":[70,22],"uv_size":[6,0]},"down":{"uv":[70,23],"uv_size":[6,0]}}},{"origin":[-6.39895,4.51738,-8.7],"size":[6,3,0],"pivot":[-3.34895,7.19374,-8.8],"rotation":[0,0,-45],"uv":{"north":{"uv":[46,38],"uv_size":[6,3]},"east":{"uv":[19,70],"uv_size":[0,3]},"south":{"uv":[46,42],"uv_size":[6,3]},"west":{"uv":[70,29],"uv_size":[0,3]},"up":{"uv":[70,27],"uv_size":[6,0]},"down":{"uv":[70,33],"uv_size":[6,0]}}},{"origin":[-1.5,6.8,-9.5],"size":[3,2,1],"uv":{"north":{"uv":[47,31],"uv_size":[3,2]},"east":{"uv":[64,4],"uv_size":[1,2]},"south":{"uv":[53,43],"uv_size":[3,2]},"west":{"uv":[64,13],"uv_size":[1,2]},"up":{"uv":[11,22],"uv_size":[3,1]},"down":{"uv":[63,26],"uv_size":[3,-1]}}},{"origin":[-0.5,8.05,-9.575],"size":[1,0.8,0],"uv":{"north":{"uv":[46,65],"uv_size":[1,1]},"east":{"uv":[70,42],"uv_size":[0,1]},"south":{"uv":[48,65],"uv_size":[1,1]},"west":{"uv":[70,44],"uv_size":[0,1]},"up":{"uv":[70,40],"uv_size":[1,0]},"down":{"uv":[70,46],"uv_size":[1,0]}}},{"origin":[-0.5,8.849,-9.575],"size":[1,0,0.6],"uv":{"north":{"uv":[70,49],"uv_size":[1,0]},"east":{"uv":[70,50],"uv_size":[1,0]},"south":{"uv":[70,51],"uv_size":[1,0]},"west":{"uv":[52,70],"uv_size":[1,0]},"up":{"uv":[65,49],"uv_size":[1,1]},"down":{"uv":[65,52],"uv_size":[1,-1]}}}]},{"name":"h_ears","parent":"h_head","pivot":[0.02797,11.13835,-6.36348],"rotation":[3.91425,-1.90152,0.43917],"cubes":[{"origin":[-0.2677,10.0246,-6.338],"size":[6,6,0],"pivot":[3.5323,13.0246,-6.413],"rotation":[0,0,22.5],"uv":{"north":{"uv":[35,35],"uv_size":[6,6]},"east":{"uv":[43,70],"uv_size":[0,6]},"south":{"uv":[36,21],"uv_size":[6,6]},"west":{"uv":[44,70],"uv_size":[0,6]},"up":{"uv":[70,34],"uv_size":[6,0]},"down":{"uv":[70,35],"uv_size":[6,0]}}},{"origin":[-0.2677,9.5246,-6.288],"size":[6,6,0.075],"pivot":[3.5323,12.6246,-6.413],"rotation":[0,0,22.5],"uv":{"north":{"uv":[36,28],"uv_size":[6,6]},"east":{"uv":[32,58],"uv_size":[1,6]},"south":{"uv":[0,37],"uv_size":[6,6]},"west":{"uv":[61,22],"uv_size":[1,6]},"up":{"uv":[60,8],"uv_size":[6,1]},"down":{"uv":[61,30],"uv_size":[6,-1]}}},{"origin":[-5.7323,9.5246,-6.288],"size":[6,6,0.075],"pivot":[-3.5323,12.6246,-6.413],"rotation":[0,0,-22.5],"uv":{"north":{"uv":[7,37],"uv_size":[6,6]},"east":{"uv":[61,31],"uv_size":[1,6]},"south":{"uv":[14,37],"uv_size":[6,6]},"west":{"uv":[61,38],"uv_size":[1,6]},"up":{"uv":[61,45],"uv_size":[6,1]},"down":{"uv":[61,48],"uv_size":[6,-1]}}},{"origin":[-5.7323,10.0246,-6.338],"size":[6,6,0],"pivot":[-3.5323,13.0246,-6.413],"rotation":[0,0,-22.5],"uv":{"north":{"uv":[21,38],"uv_size":[6,6]},"east":{"uv":[46,70],"uv_size":[0,6]},"south":{"uv":[42,0],"uv_size":[6,6]},"west":{"uv":[47,70],"uv_size":[0,6]},"up":{"uv":[70,36],"uv_size":[6,0]},"down":{"uv":[70,39],"uv_size":[6,0]}}}]},{"name":"h_head_eyes_closed","parent":"body","pivot":[0,8.55,-4.25],"cubes":[{"origin":[-3,6.3,-8.5],"size":[6,6,6],"uv":{"north":{"uv":[22,24],"uv_size":[6,6]},"east":{"uv":[28,0],"uv_size":[6,6]},"south":{"uv":[28,7],"uv_size":[6,6]},"west":{"uv":[28,14],"uv_size":[6,6]},"up":{"uv":[29,21],"uv_size":[6,6]},"down":{"uv":[29,34],"uv_size":[6,-6]}}},{"origin":[4.37641,4.3,-6.58031],"size":[0,6,6],"pivot":[1.37641,7.3,-3.58031],"rotation":[0,22.5,0],"uv":{"north":{"uv":[67,12],"uv_size":[0,6]},"east":{"uv":[0,30],"uv_size":[6,6]},"south":{"uv":[20,67],"uv_size":[0,6]},"west":{"uv":[7,30],"uv_size":[6,6]},"up":{"uv":[21,67],"uv_size":[0,6]},"down":{"uv":[22,73],"uv_size":[0,-6]}}},{"origin":[-4.37641,4.3,-6.58031],"size":[0,6,6],"pivot":[-1.37641,7.3,-3.58031],"rotation":[0,-22.5,0],"uv":{"north":{"uv":[23,67],"uv_size":[0,6]},"east":{"uv":[14,30],"uv_size":[6,6]},"south":{"uv":[24,67],"uv_size":[0,6]},"west":{"uv":[21,31],"uv_size":[6,6]},"up":{"uv":[25,67],"uv_size":[0,6]},"down":{"uv":[26,73],"uv_size":[0,-6]}}},{"origin":[-4.37641,6.3,-4.58031],"size":[0,6,6],"pivot":[-1.37641,9.3,-1.58031],"rotation":[0,-22.5,0],"uv":{"north":{"uv":[27,67],"uv_size":[0,6]},"east":{"uv":[35,0],"uv_size":[6,6]},"south":{"uv":[28,67],"uv_size":[0,6]},"west":{"uv":[35,7],"uv_size":[6,6]},"up":{"uv":[29,67],"uv_size":[0,6]},"down":{"uv":[30,73],"uv_size":[0,-6]}}},{"origin":[4.37641,6.3,-4.58031],"size":[0,6,6],"pivot":[1.37641,9.3,-1.58031],"rotation":[0,22.5,0],"uv":{"north":{"uv":[31,67],"uv_size":[0,6]},"east":{"uv":[35,14],"uv_size":[6,6]},"south":{"uv":[67,31],"uv_size":[0,6]},"west":{"uv":[28,35],"uv_size":[6,6]},"up":{"uv":[32,67],"uv_size":[0,6]},"down":{"uv":[33,73],"uv_size":[0,-6]}}},{"origin":[1.125,8.44431,-8.83765],"size":[1.925,1,0],"uv":{"north":{"uv":[54,63],"uv_size":[2,1]},"east":{"uv":[47,68],"uv_size":[0,1]},"south":{"uv":[57,63],"uv_size":[2,1]},"west":{"uv":[68,50],"uv_size":[0,1]},"up":{"uv":[68,48],"uv_size":[2,0]},"down":{"uv":[68,55],"uv_size":[2,0]}}},{"origin":[1.125,8.34431,-8.83765],"size":[1.925,0.1,0],"uv":{"north":{"uv":[63,58],"uv_size":[2,1]},"east":{"uv":[68,56],"uv_size":[0,1]},"south":{"uv":[60,63],"uv_size":[2,1]},"west":{"uv":[68,58],"uv_size":[0,1]},"up":{"uv":[68,60],"uv_size":[2,0]},"down":{"uv":[68,61],"uv_size":[2,0]}}},{"origin":[-3.05,8.34431,-8.83765],"size":[1.925,0.1,0],"uv":{"north":{"uv":[63,60],"uv_size":[2,1]},"east":{"uv":[68,62],"uv_size":[0,1]},"south":{"uv":[63,62],"uv_size":[2,1]},"west":{"uv":[68,64],"uv_size":[0,1]},"up":{"uv":[68,66],"uv_size":[2,0]},"down":{"uv":[67,68],"uv_size":[2,0]}}},{"origin":[1.126,8.44431,-8.83765],"size":[0,1,1],"uv":{"north":{"uv":[69,0],"uv_size":[0,1]},"east":{"uv":[24,65],"uv_size":[1,1]},"south":{"uv":[69,2],"uv_size":[0,1]},"west":{"uv":[26,65],"uv_size":[1,1]},"up":{"uv":[69,4],"uv_size":[0,1]},"down":{"uv":[69,7],"uv_size":[0,-1]}}},{"origin":[3.05,8.54431,-8.83865],"size":[0,1,1],"uv":{"north":{"uv":[69,8],"uv_size":[0,1]},"east":{"uv":[28,65],"uv_size":[1,1]},"south":{"uv":[69,10],"uv_size":[0,1]},"west":{"uv":[30,65],"uv_size":[1,1]},"up":{"uv":[69,12],"uv_size":[0,1]},"down":{"uv":[69,15],"uv_size":[0,-1]}}},{"origin":[3.05,8.34431,-8.83865],"size":[0,0.1,1],"uv":{"north":{"uv":[69,16],"uv_size":[0,1]},"east":{"uv":[32,65],"uv_size":[1,1]},"south":{"uv":[69,18],"uv_size":[0,1]},"west":{"uv":[34,65],"uv_size":[1,1]},"up":{"uv":[69,20],"uv_size":[0,1]},"down":{"uv":[69,30],"uv_size":[0,-1]}}},{"origin":[1.126,8.44392,-8.83772],"size":[0,0.1,1],"uv":{"north":{"uv":[69,32],"uv_size":[0,1]},"east":{"uv":[65,35],"uv_size":[1,1]},"south":{"uv":[69,34],"uv_size":[0,1]},"west":{"uv":[36,65],"uv_size":[1,1]},"up":{"uv":[37,69],"uv_size":[0,1]},"down":{"uv":[38,70],"uv_size":[0,-1]}}},{"origin":[-1.126,8.44392,-8.83772],"size":[0,0.1,1],"uv":{"north":{"uv":[69,39],"uv_size":[0,1]},"east":{"uv":[65,37],"uv_size":[1,1]},"south":{"uv":[40,69],"uv_size":[0,1]},"west":{"uv":[38,65],"uv_size":[1,1]},"up":{"uv":[41,69],"uv_size":[0,1]},"down":{"uv":[42,70],"uv_size":[0,-1]}}},{"origin":[-3.05,8.34431,-8.83865],"size":[0,0.1,1],"uv":{"north":{"uv":[69,43],"uv_size":[0,1]},"east":{"uv":[65,39],"uv_size":[1,1]},"south":{"uv":[69,45],"uv_size":[0,1]},"west":{"uv":[40,65],"uv_size":[1,1]},"up":{"uv":[48,69],"uv_size":[0,1]},"down":{"uv":[49,70],"uv_size":[0,-1]}}},{"origin":[-3.05,8.44431,-8.83765],"size":[1.925,1,0],"uv":{"north":{"uv":[64,0],"uv_size":[2,1]},"east":{"uv":[69,50],"uv_size":[0,1]},"south":{"uv":[64,2],"uv_size":[2,1]},"west":{"uv":[69,56],"uv_size":[0,1]},"up":{"uv":[69,41],"uv_size":[2,0]},"down":{"uv":[69,47],"uv_size":[2,0]}}},{"origin":[-3.05,8.44431,-8.83865],"size":[0,1,1],"uv":{"north":{"uv":[69,58],"uv_size":[0,1]},"east":{"uv":[65,41],"uv_size":[1,1]},"south":{"uv":[69,62],"uv_size":[0,1]},"west":{"uv":[42,65],"uv_size":[1,1]},"up":{"uv":[69,64],"uv_size":[0,1]},"down":{"uv":[66,70],"uv_size":[0,-1]}}},{"origin":[-1.126,8.44431,-8.83765],"size":[0,1,1],"uv":{"north":{"uv":[67,69],"uv_size":[0,1]},"east":{"uv":[65,43],"uv_size":[1,1]},"south":{"uv":[68,69],"uv_size":[0,1]},"west":{"uv":[44,65],"uv_size":[1,1]},"up":{"uv":[69,69],"uv_size":[0,1]},"down":{"uv":[70,1],"uv_size":[0,-1]}}},{"origin":[0.52723,6.11502,-8.9],"size":[6,3,0],"uv":{"north":{"uv":[4,44],"uv_size":[6,3]},"east":{"uv":[70,2],"uv_size":[0,3]},"south":{"uv":[11,44],"uv_size":[6,3]},"west":{"uv":[70,6],"uv_size":[0,3]},"up":{"uv":[70,10],"uv_size":[6,0]},"down":{"uv":[70,11],"uv_size":[6,0]}}},{"origin":[0.39895,4.51738,-8.7],"size":[6,3,0],"pivot":[3.34895,7.19374,-8.8],"rotation":[0,0,45],"uv":{"north":{"uv":[18,45],"uv_size":[6,3]},"east":{"uv":[70,12],"uv_size":[0,3]},"south":{"uv":[25,46],"uv_size":[6,3]},"west":{"uv":[16,70],"uv_size":[0,3]},"up":{"uv":[70,16],"uv_size":[6,0]},"down":{"uv":[70,17],"uv_size":[6,0]}}},{"origin":[-6.52723,6.11502,-8.9],"size":[6,3,0],"uv":{"north":{"uv":[32,46],"uv_size":[6,3]},"east":{"uv":[17,70],"uv_size":[0,3]},"south":{"uv":[46,34],"uv_size":[6,3]},"west":{"uv":[70,18],"uv_size":[0,3]},"up":{"uv":[70,22],"uv_size":[6,0]},"down":{"uv":[70,23],"uv_size":[6,0]}}},{"origin":[-6.39895,4.51738,-8.7],"size":[6,3,0],"pivot":[-3.34895,7.19374,-8.8],"rotation":[0,0,-45],"uv":{"north":{"uv":[46,38],"uv_size":[6,3]},"east":{"uv":[19,70],"uv_size":[0,3]},"south":{"uv":[46,42],"uv_size":[6,3]},"west":{"uv":[70,29],"uv_size":[0,3]},"up":{"uv":[70,27],"uv_size":[6,0]},"down":{"uv":[70,33],"uv_size":[6,0]}}},{"origin":[-1.5,6.8,-9.5],"size":[3,2,1],"uv":{"north":{"uv":[47,31],"uv_size":[3,2]},"east":{"uv":[64,4],"uv_size":[1,2]},"south":{"uv":[53,43],"uv_size":[3,2]},"west":{"uv":[64,13],"uv_size":[1,2]},"up":{"uv":[11,22],"uv_size":[3,1]},"down":{"uv":[63,26],"uv_size":[3,-1]}}},{"origin":[-0.5,8.05,-9.575],"size":[1,0.8,0],"uv":{"north":{"uv":[46,65],"uv_size":[1,1]},"east":{"uv":[70,42],"uv_size":[0,1]},"south":{"uv":[48,65],"uv_size":[1,1]},"west":{"uv":[70,44],"uv_size":[0,1]},"up":{"uv":[70,40],"uv_size":[1,0]},"down":{"uv":[70,46],"uv_size":[1,0]}}},{"origin":[-0.5,8.849,-9.575],"size":[1,0,0.6],"uv":{"north":{"uv":[70,49],"uv_size":[1,0]},"east":{"uv":[70,50],"uv_size":[1,0]},"south":{"uv":[70,51],"uv_size":[1,0]},"west":{"uv":[52,70],"uv_size":[1,0]},"up":{"uv":[65,49],"uv_size":[1,1]},"down":{"uv":[65,52],"uv_size":[1,-1]}}}]},{"name":"h_ears2","parent":"h_head_eyes_closed","pivot":[0.02797,11.13835,-6.36348],"rotation":[3.91425,-1.90152,0.43917],"cubes":[{"origin":[-0.2677,10.0246,-6.338],"size":[6,6,0],"pivot":[3.5323,13.0246,-6.413],"rotation":[0,0,22.5],"uv":{"north":{"uv":[35,35],"uv_size":[6,6]},"east":{"uv":[43,70],"uv_size":[0,6]},"south":{"uv":[36,21],"uv_size":[6,6]},"west":{"uv":[44,70],"uv_size":[0,6]},"up":{"uv":[70,34],"uv_size":[6,0]},"down":{"uv":[70,35],"uv_size":[6,0]}}},{"origin":[-0.2677,9.5246,-6.288],"size":[6,6,0.075],"pivot":[3.5323,12.6246,-6.413],"rotation":[0,0,22.5],"uv":{"north":{"uv":[36,28],"uv_size":[6,6]},"east":{"uv":[32,58],"uv_size":[1,6]},"south":{"uv":[0,37],"uv_size":[6,6]},"west":{"uv":[61,22],"uv_size":[1,6]},"up":{"uv":[60,8],"uv_size":[6,1]},"down":{"uv":[61,30],"uv_size":[6,-1]}}},{"origin":[-5.7323,9.5246,-6.288],"size":[6,6,0.075],"pivot":[-3.5323,12.6246,-6.413],"rotation":[0,0,-22.5],"uv":{"north":{"uv":[7,37],"uv_size":[6,6]},"east":{"uv":[61,31],"uv_size":[1,6]},"south":{"uv":[14,37],"uv_size":[6,6]},"west":{"uv":[61,38],"uv_size":[1,6]},"up":{"uv":[61,45],"uv_size":[6,1]},"down":{"uv":[61,48],"uv_size":[6,-1]}}},{"origin":[-5.7323,10.0246,-6.338],"size":[6,6,0],"pivot":[-3.5323,13.0246,-6.413],"rotation":[0,0,-22.5],"uv":{"north":{"uv":[21,38],"uv_size":[6,6]},"east":{"uv":[46,70],"uv_size":[0,6]},"south":{"uv":[42,0],"uv_size":[6,6]},"west":{"uv":[47,70],"uv_size":[0,6]},"up":{"uv":[70,36],"uv_size":[6,0]},"down":{"uv":[70,39],"uv_size":[6,0]}}}]},{"name":"front_leg_left","parent":"body","pivot":[2.3,4.3,-3],"rotation":[-10.33623,-7.55859,-0.01641],"cubes":[{"origin":[1.11718,1.25855,-4.1351],"size":[3,4,3],"inflate":-0.15,"uv":{"north":{"uv":[56,14],"uv_size":[3,4]},"east":{"uv":[56,19],"uv_size":[3,4]},"south":{"uv":[0,57],"uv_size":[3,4]},"west":{"uv":[57,24],"uv_size":[3,4]},"up":{"uv":[28,58],"uv_size":[3,3]},"down":{"uv":[43,61],"uv_size":[3,-3]}}}]},{"name":"front_foot_left","parent":"front_leg_left","pivot":[2.6,2,-2.9],"rotation":[10.32906,-0.00341,-0.02272],"cubes":[{"origin":[1.09973,-0.08937,-4.22149],"size":[3,2,3],"uv":{"north":{"uv":[61,49],"uv_size":[3,2]},"east":{"uv":[61,52],"uv_size":[3,2]},"south":{"uv":[61,55],"uv_size":[3,2]},"west":{"uv":[0,62],"uv_size":[3,2]},"up":{"uv":[20,58],"uv_size":[3,3]},"down":{"uv":[24,61],"uv_size":[3,-3]}}}]},{"name":"front_leg_right","parent":"body","pivot":[-2.3,4.3,-3],"rotation":[-10.33623,7.55859,0.01641],"cubes":[{"origin":[-4.11718,1.25855,-4.1351],"size":[3,4,3],"inflate":-0.15,"uv":{"north":{"uv":[57,29],"uv_size":[3,4]},"east":{"uv":[57,34],"uv_size":[3,4]},"south":{"uv":[35,57],"uv_size":[3,4]},"west":{"uv":[39,57],"uv_size":[3,4]},"up":{"uv":[59,10],"uv_size":[3,3]},"down":{"uv":[12,62],"uv_size":[3,-3]}}}]},{"name":"front_foot_right","parent":"front_leg_right","pivot":[-2.6,2,-2.9],"rotation":[10.32906,0.00341,0.02272],"cubes":[{"origin":[-4.09973,-0.08937,-4.22149],"size":[3,2,3],"uv":{"north":{"uv":[8,62],"uv_size":[3,2]},"east":{"uv":[20,62],"uv_size":[3,2]},"south":{"uv":[24,62],"uv_size":[3,2]},"west":{"uv":[28,62],"uv_size":[3,2]},"up":{"uv":[47,58],"uv_size":[3,3]},"down":{"uv":[4,62],"uv_size":[3,-3]}}}]},{"name":"back_leg_left","parent":"body","pivot":[2.3,5.2,2.4],"rotation":[10,0,0],"cubes":[{"origin":[1.1,1.15817,1.0351],"size":[3,5,3],"inflate":-0.15,"uv":{"north":{"uv":[0,51],"uv_size":[3,5]},"east":{"uv":[52,4],"uv_size":[3,5]},"south":{"uv":[8,52],"uv_size":[3,5]},"west":{"uv":[12,53],"uv_size":[3,5]},"up":{"uv":[55,59],"uv_size":[3,3]},"down":{"uv":[59,62],"uv_size":[3,-3]}}}]},{"name":"back_foot_left","parent":"back_leg_left","pivot":[2.6,1.2,2.8],"rotation":[-10,0,0],"cubes":[{"origin":[1.1,-0.2,1],"size":[3,2,3],"uv":{"north":{"uv":[34,62],"uv_size":[3,2]},"east":{"uv":[38,62],"uv_size":[3,2]},"south":{"uv":[42,62],"uv_size":[3,2]},"west":{"uv":[46,62],"uv_size":[3,2]},"up":{"uv":[16,59],"uv_size":[3,3]},"down":{"uv":[51,62],"uv_size":[3,-3]}}}]},{"name":"back_leg_right","parent":"body","pivot":[-2.3,5.2,2.4],"rotation":[10,0,0],"cubes":[{"origin":[-4.1,1.15817,1.0351],"size":[3,5,3],"inflate":-0.15,"uv":{"north":{"uv":[3,51],"uv_size":[-3,5]},"east":{"uv":[15,53],"uv_size":[-3,5]},"south":{"uv":[11,52],"uv_size":[-3,5]},"west":{"uv":[55,4],"uv_size":[-3,5]},"up":{"uv":[58,59],"uv_size":[-3,3]},"down":{"uv":[62,62],"uv_size":[-3,-3]}}}]},{"name":"back_foot_right","parent":"back_leg_right","pivot":[-2.6,1.2,2.8],"rotation":[-10,0,0],"cubes":[{"origin":[-4.1,-0.2,1],"size":[3,2,3],"uv":{"north":{"uv":[37,62],"uv_size":[-3,2]},"east":{"uv":[49,62],"uv_size":[-3,2]},"south":{"uv":[45,62],"uv_size":[-3,2]},"west":{"uv":[41,62],"uv_size":[-3,2]},"up":{"uv":[19,59],"uv_size":[-3,3]},"down":{"uv":[54,62],"uv_size":[-3,-3]}}}]}]}]}
