{"format_version":"1.12.0","minecraft:geometry":[{"description":{"identifier":"geometry.demon_cat","texture_width":128,"texture_height":128,"visible_bounds_width":3,"visible_bounds_height":3,"visible_bounds_offset":[0,0.5,0]},"bones":[{"name":"hitbox","pivot":[0,11,-5],"cubes":[{"origin":[-6.5,0,-6.5],"size":[13,14,13],"uv":{}}]},{"name":"body","pivot":[0,6.2021,-1.08288],"cubes":[{"origin":[-2.5,3.2,-5.5],"size":[5,5,10],"uv":{"north":{"uv":[36,7],"uv_size":[5,5]},"east":{"uv":[11,0],"uv_size":[10,5]},"south":{"uv":[38,13],"uv_size":[5,5]},"west":{"uv":[11,6],"uv_size":[10,5]},"up":{"uv":[11,12],"uv_size":[5,10]},"down":{"uv":[17,22],"uv_size":[5,-10]}}},{"origin":[-2.5,3.2,-5.5],"size":[5,5,10],"inflate":0.1,"uv":{"north":{"uv":[38,19],"uv_size":[5,5]},"east":{"uv":[0,18],"uv_size":[10,5]},"south":{"uv":[21,38],"uv_size":[5,5]},"west":{"uv":[22,0],"uv_size":[10,5]},"up":{"uv":[23,6],"uv_size":[5,10]},"down":{"uv":[11,33],"uv_size":[5,-10]}}}]},{"name":"tag_name","parent":"body","pivot":[0,14.2021,-1.08288]},{"name":"CONTROL_tail","parent":"body","pivot":[0,6.2021,-1.08288]},{"name":"tail","parent":"CONTROL_tail","pivot":[0,6.2,4.3],"rotation":[45.5,0,0],"cubes":[{"origin":[-1.5,4.56352,2.82491],"size":[3,3,6],"inflate":-0.15,"uv":{"north":{"uv":[52,16],"uv_size":[3,3]},"east":{"uv":[38,25],"uv_size":[6,3]},"south":{"uv":[52,25],"uv_size":[3,3]},"west":{"uv":[38,29],"uv_size":[6,3]},"up":{"uv":[7,24],"uv_size":[3,6]},"down":{"uv":[27,44],"uv_size":[3,-6]}}},{"origin":[-1.5,4.60926,6.18366],"size":[3,3,1],"uv":{"north":{"uv":[52,29],"uv_size":[3,3]},"east":{"uv":[29,13],"uv_size":[1,3]},"south":{"uv":[33,52],"uv_size":[3,3]},"west":{"uv":[53,63],"uv_size":[1,3]},"up":{"uv":[55,63],"uv_size":[3,1]},"down":{"uv":[59,64],"uv_size":[3,-1]}}}]},{"name":"tail_half","parent":"tail","pivot":[0,6.10926,8.68366],"rotation":[47.5,0,0],"cubes":[{"origin":[-1,5.10926,8.18366],"size":[2,2,6],"inflate":0.15,"uv":{"north":{"uv":[14,34],"uv_size":[2,2]},"east":{"uv":[43,4],"uv_size":[6,2]},"south":{"uv":[15,61],"uv_size":[2,2]},"west":{"uv":[26,45],"uv_size":[6,2]},"up":{"uv":[45,27],"uv_size":[2,6]},"down":{"uv":[33,51],"uv_size":[2,-6]}}},{"origin":[-1.5,4.60926,11.18366],"size":[3,3,1],"uv":{"north":{"uv":[52,33],"uv_size":[3,3]},"east":{"uv":[63,63],"uv_size":[1,3]},"south":{"uv":[37,52],"uv_size":[3,3]},"west":{"uv":[11,64],"uv_size":[1,3]},"up":{"uv":[13,64],"uv_size":[3,1]},"down":{"uv":[20,65],"uv_size":[3,-1]}}}]},{"name":"tail_end","parent":"tail_half","pivot":[0.5,5.70926,13.68366],"rotation":[62.5223,0,0],"cubes":[{"origin":[-1,4.90926,13.68366],"size":[2,2,5],"inflate":-0.15,"uv":{"north":{"uv":[28,61],"uv_size":[2,2]},"east":{"uv":[51,10],"uv_size":[5,2]},"south":{"uv":[61,47],"uv_size":[2,2]},"west":{"uv":[52,13],"uv_size":[5,2]},"up":{"uv":[33,0],"uv_size":[2,5]},"down":{"uv":[8,56],"uv_size":[2,-5]}}}]},{"name":"h_head","parent":"body","pivot":[0,8.15,-4.25],"cubes":[{"origin":[-3,5.9,-8.5],"size":[6,6,6],"uv":{"north":{"uv":[17,23],"uv_size":[6,6]},"east":{"uv":[0,24],"uv_size":[6,6]},"south":{"uv":[24,17],"uv_size":[6,6]},"west":{"uv":[24,24],"uv_size":[6,6]},"up":{"uv":[29,6],"uv_size":[6,6]},"down":{"uv":[17,36],"uv_size":[6,-6]}}},{"origin":[-3,5.9,-8.5],"size":[6,6,6],"inflate":0.1,"uv":{"north":{"uv":[0,31],"uv_size":[6,6]},"east":{"uv":[31,13],"uv_size":[6,6]},"south":{"uv":[31,20],"uv_size":[6,6]},"west":{"uv":[24,31],"uv_size":[6,6]},"up":{"uv":[31,27],"uv_size":[6,6]},"down":{"uv":[7,40],"uv_size":[6,-6]}}},{"origin":[3,7.9,-8.5],"size":[1,2,2],"uv":{"north":{"uv":[65,2],"uv_size":[1,2]},"east":{"uv":[61,50],"uv_size":[2,2]},"south":{"uv":[65,5],"uv_size":[1,2]},"west":{"uv":[0,62],"uv_size":[2,2]},"up":{"uv":[6,65],"uv_size":[1,2]},"down":{"uv":[65,10],"uv_size":[1,-2]}}},{"origin":[1.9,6.3,-8.3],"size":[1,2,1],"pivot":[3.5,8.9,-7.5],"rotation":[0,0,-22.5],"uv":{"north":{"uv":[65,11],"uv_size":[1,2]},"east":{"uv":[65,20],"uv_size":[1,2]},"south":{"uv":[65,43],"uv_size":[1,2]},"west":{"uv":[55,65],"uv_size":[1,2]},"up":{"uv":[42,11],"uv_size":[1,1]},"down":{"uv":[27,56],"uv_size":[1,-1]}}},{"origin":[3,8.20656,-6.9588],"size":[1,2,3],"inflate":-0.01,"pivot":[3.5,9.20656,-5.9588],"rotation":[22.5,0,0],"uv":{"north":{"uv":[57,65],"uv_size":[1,2]},"east":{"uv":[7,31],"uv_size":[3,2]},"south":{"uv":[59,65],"uv_size":[1,2]},"west":{"uv":[57,48],"uv_size":[3,2]},"up":{"uv":[64,23],"uv_size":[1,3]},"down":{"uv":[24,67],"uv_size":[1,-3]}}},{"origin":[-4,8.20656,-6.9588],"size":[1,2,3],"inflate":-0.01,"pivot":[-3.5,9.20656,-5.9588],"rotation":[22.5,0,0],"uv":{"north":{"uv":[61,65],"uv_size":[1,2]},"east":{"uv":[57,51],"uv_size":[3,2]},"south":{"uv":[65,63],"uv_size":[1,2]},"west":{"uv":[53,57],"uv_size":[3,2]},"up":{"uv":[26,64],"uv_size":[1,3]},"down":{"uv":[64,30],"uv_size":[1,-3]}}},{"origin":[-4,7.9,-8.5],"size":[1,2,2],"uv":{"north":{"uv":[13,66],"uv_size":[1,2]},"east":{"uv":[3,62],"uv_size":[2,2]},"south":{"uv":[15,66],"uv_size":[1,2]},"west":{"uv":[6,62],"uv_size":[2,2]},"up":{"uv":[17,66],"uv_size":[1,2]},"down":{"uv":[19,68],"uv_size":[1,-2]}}},{"origin":[-2.9,6.3,-8.3],"size":[1,2,1],"pivot":[-3.5,8.9,-7.5],"rotation":[0,0,22.5],"uv":{"north":{"uv":[21,66],"uv_size":[1,2]},"east":{"uv":[66,23],"uv_size":[1,2]},"south":{"uv":[66,26],"uv_size":[1,2]},"west":{"uv":[66,29],"uv_size":[1,2]},"up":{"uv":[67,2],"uv_size":[1,1]},"down":{"uv":[4,68],"uv_size":[1,-1]}}},{"origin":[-1,11.9,-8.5],"size":[2,1,6],"uv":{"north":{"uv":[49,25],"uv_size":[2,1]},"east":{"uv":[57,54],"uv_size":[6,1]},"south":{"uv":[54,8],"uv_size":[2,1]},"west":{"uv":[57,56],"uv_size":[6,1]},"up":{"uv":[45,34],"uv_size":[2,6]},"down":{"uv":[36,51],"uv_size":[2,-6]}}},{"origin":[0,9.7,-5.7],"size":[0,8,10],"pivot":[0,13.7,-1.1],"rotation":[-22.5,0,0],"uv":{"north":{"uv":[32,64],"uv_size":[0,8]},"east":{"uv":[0,0],"uv_size":[10,8]},"south":{"uv":[12,68],"uv_size":[0,8]},"west":{"uv":[0,9],"uv_size":[10,8]},"up":{"uv":[31,68],"uv_size":[0,10]},"down":{"uv":[33,78],"uv_size":[0,-10]}}},{"origin":[-1,9.4,-9.2],"size":[2,3,1],"uv":{"north":{"uv":[58,0],"uv_size":[2,3]},"east":{"uv":[28,64],"uv_size":[1,3]},"south":{"uv":[58,4],"uv_size":[2,3]},"west":{"uv":[30,64],"uv_size":[1,3]},"up":{"uv":[65,14],"uv_size":[2,1]},"down":{"uv":[66,33],"uv_size":[2,-1]}}},{"origin":[0.75355,9.4,-8.93934],"size":[1,3,1],"inflate":-0.01,"pivot":[1.35355,10.9,-8.43934],"rotation":[0,-45,0],"uv":{"north":{"uv":[64,31],"uv_size":[1,3]},"east":{"uv":[64,35],"uv_size":[1,3]},"south":{"uv":[64,39],"uv_size":[1,3]},"west":{"uv":[64,47],"uv_size":[1,3]},"up":{"uv":[67,4],"uv_size":[1,1]},"down":{"uv":[67,7],"uv_size":[1,-1]}}},{"origin":[-1.75355,9.4,-8.93934],"size":[1,3,1],"inflate":-0.01,"pivot":[-1.35355,10.9,-8.43934],"rotation":[0,45,0],"uv":{"north":{"uv":[64,51],"uv_size":[1,3]},"east":{"uv":[64,55],"uv_size":[1,3]},"south":{"uv":[64,59],"uv_size":[1,3]},"west":{"uv":[0,65],"uv_size":[1,3]},"up":{"uv":[8,67],"uv_size":[1,1]},"down":{"uv":[67,9],"uv_size":[1,-1]}}},{"origin":[0.75355,7.9,-3.06066],"size":[1,4,1],"inflate":-0.01,"pivot":[1.35355,9.4,-2.56066],"rotation":[0,45,0],"uv":{"north":{"uv":[12,45],"uv_size":[1,4]},"east":{"uv":[24,50],"uv_size":[1,4]},"south":{"uv":[9,62],"uv_size":[1,4]},"west":{"uv":[62,23],"uv_size":[1,4]},"up":{"uv":[67,10],"uv_size":[1,1]},"down":{"uv":[67,13],"uv_size":[1,-1]}}},{"origin":[-1,7.9,-2.8],"size":[2,4,1],"uv":{"north":{"uv":[8,57],"uv_size":[2,4]},"east":{"uv":[62,28],"uv_size":[1,4]},"south":{"uv":[45,57],"uv_size":[2,4]},"west":{"uv":[62,33],"uv_size":[1,4]},"up":{"uv":[66,34],"uv_size":[2,1]},"down":{"uv":[66,37],"uv_size":[2,-1]}}},{"origin":[-1.75355,7.9,-3.06066],"size":[1,4,1],"inflate":-0.01,"pivot":[-1.35355,9.4,-2.56066],"rotation":[0,-45,0],"uv":{"north":{"uv":[45,62],"uv_size":[1,4]},"east":{"uv":[33,63],"uv_size":[1,4]},"south":{"uv":[35,63],"uv_size":[1,4]},"west":{"uv":[37,63],"uv_size":[1,4]},"up":{"uv":[67,16],"uv_size":[1,1]},"down":{"uv":[67,19],"uv_size":[1,-1]}}},{"origin":[0.85355,11.53934,-8.5],"size":[2,1,6],"inflate":-0.01,"pivot":[1.35355,11.83934,-5.5],"rotation":[0,0,45],"uv":{"north":{"uv":[66,38],"uv_size":[2,1]},"east":{"uv":[58,12],"uv_size":[6,1]},"south":{"uv":[39,66],"uv_size":[2,1]},"west":{"uv":[58,14],"uv_size":[6,1]},"up":{"uv":[39,45],"uv_size":[2,6]},"down":{"uv":[45,47],"uv_size":[2,-6]}}},{"origin":[-2.85355,11.53934,-8.5],"size":[2,1,6],"inflate":-0.01,"pivot":[-1.35355,11.83934,-5.5],"rotation":[0,0,-45],"uv":{"north":{"uv":[66,40],"uv_size":[2,1]},"east":{"uv":[57,58],"uv_size":[6,1]},"south":{"uv":[42,66],"uv_size":[2,1]},"west":{"uv":[11,59],"uv_size":[6,1]},"up":{"uv":[42,45],"uv_size":[2,6]},"down":{"uv":[26,54],"uv_size":[2,-6]}}},{"origin":[2.075,9.025,-8.625],"size":[0.4,0.4,0],"uv":{"north":{"uv":[4,80],"uv_size":[1,1]},"east":{"uv":[4,80],"uv_size":[1,1]},"south":{"uv":[4,80],"uv_size":[1,1]},"west":{"uv":[4,80],"uv_size":[1,1]},"up":{"uv":[5,81],"uv_size":[-1,-1]},"down":{"uv":[5,81],"uv_size":[-1,-1]}}},{"origin":[1.225,7.9,-8.575],"size":[1.8,1.8,0],"uv":{"north":{"uv":[2,82],"uv_size":[2,2]},"east":{"uv":[1,80],"uv_size":[2,2]},"south":{"uv":[1,80],"uv_size":[2,2]},"west":{"uv":[1,80],"uv_size":[2,2]},"up":{"uv":[3,82],"uv_size":[-2,-2]},"down":{"uv":[3,82],"uv_size":[-2,-2]}}},{"origin":[1.375,8.025,-8.6],"size":[1,1.3,0],"uv":{"north":{"uv":[4,81],"uv_size":[1,1]},"east":{"uv":[1,81],"uv_size":[1,1]},"south":{"uv":[1,81],"uv_size":[1,1]},"west":{"uv":[1,81],"uv_size":[1,1]},"up":{"uv":[2,82],"uv_size":[-1,-1]},"down":{"uv":[2,82],"uv_size":[-1,-1]}}},{"origin":[1.125,9.44431,-8.73765],"size":[1.925,1,0],"pivot":[2.0505,9.74431,-8.28765],"rotation":[-22.5,0,0],"uv":{"north":{"uv":[66,46],"uv_size":[2,1]},"east":{"uv":[44,23],"uv_size":[0,1]},"south":{"uv":[47,66],"uv_size":[2,1]},"west":{"uv":[49,7],"uv_size":[0,1]},"up":{"uv":[34,68],"uv_size":[2,0]},"down":{"uv":[37,68],"uv_size":[2,0]}}},{"origin":[3.05,9.44431,-8.73865],"size":[0,1,1],"pivot":[2.0505,9.74431,-8.28765],"rotation":[-22.5,0,0],"uv":{"north":{"uv":[11,51],"uv_size":[0,1]},"east":{"uv":[53,67],"uv_size":[1,1]},"south":{"uv":[51,13],"uv_size":[0,1]},"west":{"uv":[67,62],"uv_size":[1,1]},"up":{"uv":[52,45],"uv_size":[0,1]},"down":{"uv":[11,54],"uv_size":[0,-1]}}},{"origin":[1.126,9.44431,-8.73765],"size":[0,1,1],"pivot":[2.0505,9.74431,-8.28765],"rotation":[-22.5,0,0],"uv":{"north":{"uv":[48,57],"uv_size":[0,1]},"east":{"uv":[63,67],"uv_size":[1,1]},"south":{"uv":[7,60],"uv_size":[0,1]},"west":{"uv":[67,64],"uv_size":[1,1]},"up":{"uv":[17,64],"uv_size":[0,1]},"down":{"uv":[8,66],"uv_size":[0,-1]}}},{"origin":[-3.05,9.44431,-8.73765],"size":[1.925,1,0],"pivot":[-2.0505,9.74431,-8.28765],"rotation":[-22.5,0,0],"uv":{"north":{"uv":[66,48],"uv_size":[2,1]},"east":{"uv":[23,66],"uv_size":[0,1]},"south":{"uv":[50,66],"uv_size":[2,1]},"west":{"uv":[40,68],"uv_size":[0,1]},"up":{"uv":[41,68],"uv_size":[2,0]},"down":{"uv":[47,68],"uv_size":[2,0]}}},{"origin":[-1.126,9.44431,-8.73765],"size":[0,1,1],"pivot":[-2.0505,9.74431,-8.28765],"rotation":[-22.5,0,0],"uv":{"north":{"uv":[44,68],"uv_size":[0,1]},"east":{"uv":[67,66],"uv_size":[1,1]},"south":{"uv":[50,68],"uv_size":[0,1]},"west":{"uv":[6,68],"uv_size":[1,1]},"up":{"uv":[68,50],"uv_size":[0,1]},"down":{"uv":[51,69],"uv_size":[0,-1]}}},{"origin":[3.025,7.9,-8.575],"size":[0,1.8,0.5],"uv":{"north":{"uv":[52,68],"uv_size":[0,2]},"east":{"uv":[66,50],"uv_size":[1,2]},"south":{"uv":[68,52],"uv_size":[0,2]},"west":{"uv":[66,53],"uv_size":[1,2]},"up":{"uv":[55,68],"uv_size":[0,1]},"down":{"uv":[68,56],"uv_size":[0,-1]}}},{"origin":[-1.675,9.025,-8.625],"size":[0.4,0.4,0],"uv":{"north":{"uv":[4,80],"uv_size":[1,1]},"east":{"uv":[4,80],"uv_size":[1,1]},"south":{"uv":[4,80],"uv_size":[1,1]},"west":{"uv":[4,80],"uv_size":[1,1]},"up":{"uv":[5,81],"uv_size":[-1,-1]},"down":{"uv":[5,81],"uv_size":[-1,-1]}}},{"origin":[-2.375,8.025,-8.6],"size":[1,1.3,0],"uv":{"north":{"uv":[4,81],"uv_size":[1,1]},"east":{"uv":[1,81],"uv_size":[1,1]},"south":{"uv":[1,81],"uv_size":[1,1]},"west":{"uv":[1,81],"uv_size":[1,1]},"up":{"uv":[2,82],"uv_size":[-1,-1]},"down":{"uv":[2,82],"uv_size":[-1,-1]}}},{"origin":[-3.025,7.9,-8.575],"size":[1.8,1.8,0],"uv":{"north":{"uv":[2,80],"uv_size":[2,2]},"east":{"uv":[1,80],"uv_size":[2,2]},"south":{"uv":[1,80],"uv_size":[2,2]},"west":{"uv":[1,80],"uv_size":[2,2]},"up":{"uv":[3,82],"uv_size":[-2,-2]},"down":{"uv":[3,82],"uv_size":[-2,-2]}}},{"origin":[-3.025,7.9,-8.575],"size":[0,1.8,0.5],"uv":{"north":{"uv":[0,69],"uv_size":[0,2]},"east":{"uv":[66,56],"uv_size":[1,2]},"south":{"uv":[1,69],"uv_size":[0,2]},"west":{"uv":[66,59],"uv_size":[1,2]},"up":{"uv":[69,1],"uv_size":[0,1]},"down":{"uv":[69,4],"uv_size":[0,-1]}}},{"origin":[-3.05,9.44431,-8.73865],"size":[0,1,1],"pivot":[-2.0505,9.74431,-8.28765],"rotation":[-22.5,0,0],"uv":{"north":{"uv":[4,69],"uv_size":[0,1]},"east":{"uv":[68,24],"uv_size":[1,1]},"south":{"uv":[5,69],"uv_size":[0,1]},"west":{"uv":[25,68],"uv_size":[1,1]},"up":{"uv":[69,5],"uv_size":[0,1]},"down":{"uv":[69,8],"uv_size":[0,-1]}}},{"origin":[-0.12975,4.2307,-9],"size":[6,2.6,0],"pivot":[3.10111,6.72826,-9.1],"rotation":[0,0,45],"uv":{"north":{"uv":[38,33],"uv_size":[6,3]},"east":{"uv":[8,69],"uv_size":[0,3]},"south":{"uv":[38,37],"uv_size":[6,3]},"west":{"uv":[9,69],"uv_size":[0,3]},"up":{"uv":[69,9],"uv_size":[6,0]},"down":{"uv":[69,10],"uv_size":[6,0]}}},{"origin":[-5.87025,4.2307,-9],"size":[6,2.6,0],"pivot":[-3.10111,6.72826,-9.1],"rotation":[0,0,-45],"uv":{"north":{"uv":[7,41],"uv_size":[6,3]},"east":{"uv":[13,69],"uv_size":[0,3]},"south":{"uv":[31,41],"uv_size":[6,3]},"west":{"uv":[14,69],"uv_size":[0,3]},"up":{"uv":[69,11],"uv_size":[6,0]},"down":{"uv":[69,12],"uv_size":[6,0]}}},{"origin":[0.32723,6.11502,-9.2],"size":[6,2.5,0],"uv":{"north":{"uv":[38,41],"uv_size":[6,3]},"east":{"uv":[15,69],"uv_size":[0,3]},"south":{"uv":[42,7],"uv_size":[6,3]},"west":{"uv":[16,69],"uv_size":[0,3]},"up":{"uv":[69,13],"uv_size":[6,0]},"down":{"uv":[69,16],"uv_size":[6,0]}}},{"origin":[-6.32723,6.11502,-9.2],"size":[6,2.5,0],"uv":{"north":{"uv":[43,0],"uv_size":[6,3]},"east":{"uv":[17,69],"uv_size":[0,3]},"south":{"uv":[44,11],"uv_size":[6,3]},"west":{"uv":[69,17],"uv_size":[0,3]},"up":{"uv":[69,21],"uv_size":[6,0]},"down":{"uv":[69,32],"uv_size":[6,0]}}},{"origin":[-1.5,6.4,-9.5],"size":[3,2,1],"uv":{"north":{"uv":[33,60],"uv_size":[3,2]},"east":{"uv":[65,66],"uv_size":[1,2]},"south":{"uv":[37,60],"uv_size":[3,2]},"west":{"uv":[2,67],"uv_size":[1,2]},"up":{"uv":[65,0],"uv_size":[3,1]},"down":{"uv":[2,66],"uv_size":[3,-1]}}},{"origin":[-0.5,7.65,-9.575],"size":[1,0.8,0],"uv":{"north":{"uv":[68,26],"uv_size":[1,1]},"east":{"uv":[18,69],"uv_size":[0,1]},"south":{"uv":[27,68],"uv_size":[1,1]},"west":{"uv":[19,69],"uv_size":[0,1]},"up":{"uv":[20,69],"uv_size":[1,0]},"down":{"uv":[69,33],"uv_size":[1,0]}}},{"origin":[-0.5,8.449,-9.575],"size":[1,0,0.6],"uv":{"north":{"uv":[34,69],"uv_size":[1,0]},"east":{"uv":[69,34],"uv_size":[1,0]},"south":{"uv":[69,35],"uv_size":[1,0]},"west":{"uv":[36,69],"uv_size":[1,0]},"up":{"uv":[68,28],"uv_size":[1,1]},"down":{"uv":[29,69],"uv_size":[1,-1]}}}]},{"name":"h_ears","parent":"h_head","pivot":[0.02797,10.73835,-6.36348],"rotation":[16.92154,-1.95155,0],"cubes":[{"origin":[-0.2677,9.6246,-6.413],"size":[6,6,0.075],"pivot":[3.5323,12.6246,-6.413],"rotation":[0,0,22.5],"uv":{"north":{"uv":[31,34],"uv_size":[6,6]},"east":{"uv":[31,57],"uv_size":[1,6]},"south":{"uv":[36,0],"uv_size":[6,6]},"west":{"uv":[18,59],"uv_size":[1,6]},"up":{"uv":[20,59],"uv_size":[6,1]},"down":{"uv":[0,61],"uv_size":[6,-1]}}},{"origin":[-5.7323,9.6246,-6.413],"size":[6,6,0.075],"pivot":[-3.5323,12.6246,-6.413],"rotation":[0,0,-22.5],"uv":{"north":{"uv":[14,37],"uv_size":[6,6]},"east":{"uv":[60,24],"uv_size":[1,6]},"south":{"uv":[0,38],"uv_size":[6,6]},"west":{"uv":[60,31],"uv_size":[1,6]},"up":{"uv":[60,16],"uv_size":[6,1]},"down":{"uv":[60,19],"uv_size":[6,-1]}}}]},{"name":"h_head_eyes_closed","parent":"body","pivot":[0,8.15,-4.25],"cubes":[{"origin":[-3,5.9,-8.5],"size":[6,6,6],"uv":{"north":{"uv":[17,23],"uv_size":[6,6]},"east":{"uv":[0,24],"uv_size":[6,6]},"south":{"uv":[24,17],"uv_size":[6,6]},"west":{"uv":[24,24],"uv_size":[6,6]},"up":{"uv":[29,6],"uv_size":[6,6]},"down":{"uv":[17,36],"uv_size":[6,-6]}}},{"origin":[-3,5.9,-8.5],"size":[6,6,6],"inflate":0.1,"uv":{"north":{"uv":[0,31],"uv_size":[6,6]},"east":{"uv":[31,13],"uv_size":[6,6]},"south":{"uv":[31,20],"uv_size":[6,6]},"west":{"uv":[24,31],"uv_size":[6,6]},"up":{"uv":[31,27],"uv_size":[6,6]},"down":{"uv":[7,40],"uv_size":[6,-6]}}},{"origin":[3,7.9,-8.5],"size":[1,2,2],"uv":{"north":{"uv":[65,2],"uv_size":[1,2]},"east":{"uv":[61,50],"uv_size":[2,2]},"south":{"uv":[65,5],"uv_size":[1,2]},"west":{"uv":[0,62],"uv_size":[2,2]},"up":{"uv":[6,65],"uv_size":[1,2]},"down":{"uv":[65,10],"uv_size":[1,-2]}}},{"origin":[1.9,6.3,-8.3],"size":[1,2,1],"pivot":[3.5,8.9,-7.5],"rotation":[0,0,-22.5],"uv":{"north":{"uv":[65,11],"uv_size":[1,2]},"east":{"uv":[65,20],"uv_size":[1,2]},"south":{"uv":[65,43],"uv_size":[1,2]},"west":{"uv":[55,65],"uv_size":[1,2]},"up":{"uv":[42,11],"uv_size":[1,1]},"down":{"uv":[27,56],"uv_size":[1,-1]}}},{"origin":[3,8.20656,-6.9588],"size":[1,2,3],"inflate":-0.01,"pivot":[3.5,9.20656,-5.9588],"rotation":[22.5,0,0],"uv":{"north":{"uv":[57,65],"uv_size":[1,2]},"east":{"uv":[7,31],"uv_size":[3,2]},"south":{"uv":[59,65],"uv_size":[1,2]},"west":{"uv":[57,48],"uv_size":[3,2]},"up":{"uv":[64,23],"uv_size":[1,3]},"down":{"uv":[24,67],"uv_size":[1,-3]}}},{"origin":[-4,8.20656,-6.9588],"size":[1,2,3],"inflate":-0.01,"pivot":[-3.5,9.20656,-5.9588],"rotation":[22.5,0,0],"uv":{"north":{"uv":[61,65],"uv_size":[1,2]},"east":{"uv":[57,51],"uv_size":[3,2]},"south":{"uv":[65,63],"uv_size":[1,2]},"west":{"uv":[53,57],"uv_size":[3,2]},"up":{"uv":[26,64],"uv_size":[1,3]},"down":{"uv":[64,30],"uv_size":[1,-3]}}},{"origin":[-4,7.9,-8.5],"size":[1,2,2],"uv":{"north":{"uv":[13,66],"uv_size":[1,2]},"east":{"uv":[3,62],"uv_size":[2,2]},"south":{"uv":[15,66],"uv_size":[1,2]},"west":{"uv":[6,62],"uv_size":[2,2]},"up":{"uv":[17,66],"uv_size":[1,2]},"down":{"uv":[19,68],"uv_size":[1,-2]}}},{"origin":[-2.9,6.3,-8.3],"size":[1,2,1],"pivot":[-3.5,8.9,-7.5],"rotation":[0,0,22.5],"uv":{"north":{"uv":[21,66],"uv_size":[1,2]},"east":{"uv":[66,23],"uv_size":[1,2]},"south":{"uv":[66,26],"uv_size":[1,2]},"west":{"uv":[66,29],"uv_size":[1,2]},"up":{"uv":[67,2],"uv_size":[1,1]},"down":{"uv":[4,68],"uv_size":[1,-1]}}},{"origin":[-1,11.9,-8.5],"size":[2,1,6],"uv":{"north":{"uv":[49,25],"uv_size":[2,1]},"east":{"uv":[57,54],"uv_size":[6,1]},"south":{"uv":[54,8],"uv_size":[2,1]},"west":{"uv":[57,56],"uv_size":[6,1]},"up":{"uv":[45,34],"uv_size":[2,6]},"down":{"uv":[36,51],"uv_size":[2,-6]}}},{"origin":[0,9.7,-5.7],"size":[0,8,10],"pivot":[0,13.7,-1.1],"rotation":[-22.5,0,0],"uv":{"north":{"uv":[32,64],"uv_size":[0,8]},"east":{"uv":[0,0],"uv_size":[10,8]},"south":{"uv":[12,68],"uv_size":[0,8]},"west":{"uv":[0,9],"uv_size":[10,8]},"up":{"uv":[31,68],"uv_size":[0,10]},"down":{"uv":[33,78],"uv_size":[0,-10]}}},{"origin":[-1,9.4,-9.2],"size":[2,3,1],"uv":{"north":{"uv":[58,0],"uv_size":[2,3]},"east":{"uv":[28,64],"uv_size":[1,3]},"south":{"uv":[58,4],"uv_size":[2,3]},"west":{"uv":[30,64],"uv_size":[1,3]},"up":{"uv":[65,14],"uv_size":[2,1]},"down":{"uv":[66,33],"uv_size":[2,-1]}}},{"origin":[0.75355,9.4,-8.93934],"size":[1,3,1],"inflate":-0.01,"pivot":[1.35355,10.9,-8.43934],"rotation":[0,-45,0],"uv":{"north":{"uv":[64,31],"uv_size":[1,3]},"east":{"uv":[64,35],"uv_size":[1,3]},"south":{"uv":[64,39],"uv_size":[1,3]},"west":{"uv":[64,47],"uv_size":[1,3]},"up":{"uv":[67,4],"uv_size":[1,1]},"down":{"uv":[67,7],"uv_size":[1,-1]}}},{"origin":[-1.75355,9.4,-8.93934],"size":[1,3,1],"inflate":-0.01,"pivot":[-1.35355,10.9,-8.43934],"rotation":[0,45,0],"uv":{"north":{"uv":[64,51],"uv_size":[1,3]},"east":{"uv":[64,55],"uv_size":[1,3]},"south":{"uv":[64,59],"uv_size":[1,3]},"west":{"uv":[0,65],"uv_size":[1,3]},"up":{"uv":[8,67],"uv_size":[1,1]},"down":{"uv":[67,9],"uv_size":[1,-1]}}},{"origin":[0.75355,7.9,-3.06066],"size":[1,4,1],"inflate":-0.01,"pivot":[1.35355,9.4,-2.56066],"rotation":[0,45,0],"uv":{"north":{"uv":[12,45],"uv_size":[1,4]},"east":{"uv":[24,50],"uv_size":[1,4]},"south":{"uv":[9,62],"uv_size":[1,4]},"west":{"uv":[62,23],"uv_size":[1,4]},"up":{"uv":[67,10],"uv_size":[1,1]},"down":{"uv":[67,13],"uv_size":[1,-1]}}},{"origin":[-1,7.9,-2.8],"size":[2,4,1],"uv":{"north":{"uv":[8,57],"uv_size":[2,4]},"east":{"uv":[62,28],"uv_size":[1,4]},"south":{"uv":[45,57],"uv_size":[2,4]},"west":{"uv":[62,33],"uv_size":[1,4]},"up":{"uv":[66,34],"uv_size":[2,1]},"down":{"uv":[66,37],"uv_size":[2,-1]}}},{"origin":[-1.75355,7.9,-3.06066],"size":[1,4,1],"inflate":-0.01,"pivot":[-1.35355,9.4,-2.56066],"rotation":[0,-45,0],"uv":{"north":{"uv":[45,62],"uv_size":[1,4]},"east":{"uv":[33,63],"uv_size":[1,4]},"south":{"uv":[35,63],"uv_size":[1,4]},"west":{"uv":[37,63],"uv_size":[1,4]},"up":{"uv":[67,16],"uv_size":[1,1]},"down":{"uv":[67,19],"uv_size":[1,-1]}}},{"origin":[0.85355,11.53934,-8.5],"size":[2,1,6],"inflate":-0.01,"pivot":[1.35355,11.83934,-5.5],"rotation":[0,0,45],"uv":{"north":{"uv":[66,38],"uv_size":[2,1]},"east":{"uv":[58,12],"uv_size":[6,1]},"south":{"uv":[39,66],"uv_size":[2,1]},"west":{"uv":[58,14],"uv_size":[6,1]},"up":{"uv":[39,45],"uv_size":[2,6]},"down":{"uv":[45,47],"uv_size":[2,-6]}}},{"origin":[-2.85355,11.53934,-8.5],"size":[2,1,6],"inflate":-0.01,"pivot":[-1.35355,11.83934,-5.5],"rotation":[0,0,-45],"uv":{"north":{"uv":[66,40],"uv_size":[2,1]},"east":{"uv":[57,58],"uv_size":[6,1]},"south":{"uv":[42,66],"uv_size":[2,1]},"west":{"uv":[11,59],"uv_size":[6,1]},"up":{"uv":[42,45],"uv_size":[2,6]},"down":{"uv":[26,54],"uv_size":[2,-6]}}},{"origin":[1.125,8.04431,-8.73765],"size":[1.925,1,0],"uv":{"north":{"uv":[66,46],"uv_size":[2,1]},"east":{"uv":[44,23],"uv_size":[0,1]},"south":{"uv":[47,66],"uv_size":[2,1]},"west":{"uv":[49,7],"uv_size":[0,1]},"up":{"uv":[34,68],"uv_size":[2,0]},"down":{"uv":[37,68],"uv_size":[2,0]}}},{"origin":[3.05,8.04431,-8.73865],"size":[0,1,1],"uv":{"north":{"uv":[11,51],"uv_size":[0,1]},"east":{"uv":[53,67],"uv_size":[1,1]},"south":{"uv":[51,13],"uv_size":[0,1]},"west":{"uv":[67,62],"uv_size":[1,1]},"up":{"uv":[52,45],"uv_size":[0,1]},"down":{"uv":[11,54],"uv_size":[0,-1]}}},{"origin":[1.126,8.04431,-8.73765],"size":[0,1,1],"uv":{"north":{"uv":[48,57],"uv_size":[0,1]},"east":{"uv":[63,67],"uv_size":[1,1]},"south":{"uv":[7,60],"uv_size":[0,1]},"west":{"uv":[67,64],"uv_size":[1,1]},"up":{"uv":[17,64],"uv_size":[0,1]},"down":{"uv":[8,66],"uv_size":[0,-1]}}},{"origin":[-3.05,8.04431,-8.73765],"size":[1.925,1,0],"uv":{"north":{"uv":[66,48],"uv_size":[2,1]},"east":{"uv":[23,66],"uv_size":[0,1]},"south":{"uv":[50,66],"uv_size":[2,1]},"west":{"uv":[40,68],"uv_size":[0,1]},"up":{"uv":[41,68],"uv_size":[2,0]},"down":{"uv":[47,68],"uv_size":[2,0]}}},{"origin":[-1.126,8.04431,-8.73765],"size":[0,1,1],"uv":{"north":{"uv":[44,68],"uv_size":[0,1]},"east":{"uv":[67,66],"uv_size":[1,1]},"south":{"uv":[50,68],"uv_size":[0,1]},"west":{"uv":[6,68],"uv_size":[1,1]},"up":{"uv":[68,50],"uv_size":[0,1]},"down":{"uv":[51,69],"uv_size":[0,-1]}}},{"origin":[-3.05,8.04431,-8.73865],"size":[0,1,1],"uv":{"north":{"uv":[4,69],"uv_size":[0,1]},"east":{"uv":[68,24],"uv_size":[1,1]},"south":{"uv":[5,69],"uv_size":[0,1]},"west":{"uv":[25,68],"uv_size":[1,1]},"up":{"uv":[69,5],"uv_size":[0,1]},"down":{"uv":[69,8],"uv_size":[0,-1]}}},{"origin":[-0.12975,4.2307,-9],"size":[6,2.6,0],"pivot":[3.10111,6.72826,-9.1],"rotation":[0,0,45],"uv":{"north":{"uv":[38,33],"uv_size":[6,3]},"east":{"uv":[8,69],"uv_size":[0,3]},"south":{"uv":[38,37],"uv_size":[6,3]},"west":{"uv":[9,69],"uv_size":[0,3]},"up":{"uv":[69,9],"uv_size":[6,0]},"down":{"uv":[69,10],"uv_size":[6,0]}}},{"origin":[-5.87025,4.2307,-9],"size":[6,2.6,0],"pivot":[-3.10111,6.72826,-9.1],"rotation":[0,0,-45],"uv":{"north":{"uv":[7,41],"uv_size":[6,3]},"east":{"uv":[13,69],"uv_size":[0,3]},"south":{"uv":[31,41],"uv_size":[6,3]},"west":{"uv":[14,69],"uv_size":[0,3]},"up":{"uv":[69,11],"uv_size":[6,0]},"down":{"uv":[69,12],"uv_size":[6,0]}}},{"origin":[0.32723,6.11502,-9.2],"size":[6,2.5,0],"uv":{"north":{"uv":[38,41],"uv_size":[6,3]},"east":{"uv":[15,69],"uv_size":[0,3]},"south":{"uv":[42,7],"uv_size":[6,3]},"west":{"uv":[16,69],"uv_size":[0,3]},"up":{"uv":[69,13],"uv_size":[6,0]},"down":{"uv":[69,16],"uv_size":[6,0]}}},{"origin":[-6.32723,6.11502,-9.2],"size":[6,2.5,0],"uv":{"north":{"uv":[43,0],"uv_size":[6,3]},"east":{"uv":[17,69],"uv_size":[0,3]},"south":{"uv":[44,11],"uv_size":[6,3]},"west":{"uv":[69,17],"uv_size":[0,3]},"up":{"uv":[69,21],"uv_size":[6,0]},"down":{"uv":[69,32],"uv_size":[6,0]}}},{"origin":[-1.5,6.4,-9.5],"size":[3,2,1],"uv":{"north":{"uv":[33,60],"uv_size":[3,2]},"east":{"uv":[65,66],"uv_size":[1,2]},"south":{"uv":[37,60],"uv_size":[3,2]},"west":{"uv":[2,67],"uv_size":[1,2]},"up":{"uv":[65,0],"uv_size":[3,1]},"down":{"uv":[2,66],"uv_size":[3,-1]}}},{"origin":[-0.5,7.65,-9.575],"size":[1,0.8,0],"uv":{"north":{"uv":[68,26],"uv_size":[1,1]},"east":{"uv":[18,69],"uv_size":[0,1]},"south":{"uv":[27,68],"uv_size":[1,1]},"west":{"uv":[19,69],"uv_size":[0,1]},"up":{"uv":[20,69],"uv_size":[1,0]},"down":{"uv":[69,33],"uv_size":[1,0]}}},{"origin":[-0.5,8.449,-9.575],"size":[1,0,0.6],"uv":{"north":{"uv":[34,69],"uv_size":[1,0]},"east":{"uv":[69,34],"uv_size":[1,0]},"south":{"uv":[69,35],"uv_size":[1,0]},"west":{"uv":[36,69],"uv_size":[1,0]},"up":{"uv":[68,28],"uv_size":[1,1]},"down":{"uv":[29,69],"uv_size":[1,-1]}}}]},{"name":"h_ears2","parent":"h_head_eyes_closed","pivot":[0.02797,10.73835,-6.36348],"rotation":[16.92154,-1.95155,0],"cubes":[{"origin":[-0.2677,9.6246,-6.413],"size":[6,6,0.075],"pivot":[3.5323,12.6246,-6.413],"rotation":[0,0,22.5],"uv":{"north":{"uv":[31,34],"uv_size":[6,6]},"east":{"uv":[31,57],"uv_size":[1,6]},"south":{"uv":[36,0],"uv_size":[6,6]},"west":{"uv":[18,59],"uv_size":[1,6]},"up":{"uv":[20,59],"uv_size":[6,1]},"down":{"uv":[0,61],"uv_size":[6,-1]}}},{"origin":[-5.7323,9.6246,-6.413],"size":[6,6,0.075],"pivot":[-3.5323,12.6246,-6.413],"rotation":[0,0,-22.5],"uv":{"north":{"uv":[14,37],"uv_size":[6,6]},"east":{"uv":[60,24],"uv_size":[1,6]},"south":{"uv":[0,38],"uv_size":[6,6]},"west":{"uv":[60,31],"uv_size":[1,6]},"up":{"uv":[60,16],"uv_size":[6,1]},"down":{"uv":[60,19],"uv_size":[6,-1]}}}]},{"name":"front_leg_left","parent":"body","pivot":[2.3,3.9,-3],"rotation":[-9.99067,0.43399,2.46207],"cubes":[{"origin":[1.1,1.25209,-4.20456],"size":[3,4,3],"inflate":-0.15,"uv":{"north":{"uv":[48,15],"uv_size":[3,4]},"east":{"uv":[48,27],"uv_size":[3,4]},"south":{"uv":[29,48],"uv_size":[3,4]},"west":{"uv":[48,32],"uv_size":[3,4]},"up":{"uv":[52,41],"uv_size":[3,3]},"down":{"uv":[49,55],"uv_size":[3,-3]}}},{"origin":[1.1,2.25209,-4.20456],"size":[3,3,3],"uv":{"north":{"uv":[53,20],"uv_size":[3,3]},"east":{"uv":[29,53],"uv_size":[3,3]},"south":{"uv":[45,53],"uv_size":[3,3]},"west":{"uv":[53,45],"uv_size":[3,3]},"up":{"uv":[53,49],"uv_size":[3,3]},"down":{"uv":[53,56],"uv_size":[3,-3]}}}]},{"name":"front_foot_left","parent":"front_leg_left","pivot":[2.6,1.6,-2.9],"rotation":[9.99067,0.43399,-2.46207],"cubes":[{"origin":[1.1,-0.08937,-4.22155],"size":[3,2,3],"uv":{"north":{"uv":[60,38],"uv_size":[3,2]},"east":{"uv":[41,60],"uv_size":[3,2]},"south":{"uv":[60,41],"uv_size":[3,2]},"west":{"uv":[48,60],"uv_size":[3,2]},"up":{"uv":[52,37],"uv_size":[3,3]},"down":{"uv":[41,55],"uv_size":[3,-3]}}}]},{"name":"front_leg_right","parent":"body","pivot":[-2.3,3.9,-3],"rotation":[-9.99067,-0.43399,-2.46207],"cubes":[{"origin":[-4.1,2.25209,-4.20456],"size":[3,3,3],"uv":{"north":{"uv":[11,55],"uv_size":[3,3]},"east":{"uv":[15,55],"uv_size":[3,3]},"south":{"uv":[19,55],"uv_size":[3,3]},"west":{"uv":[23,55],"uv_size":[3,3]},"up":{"uv":[0,56],"uv_size":[3,3]},"down":{"uv":[4,59],"uv_size":[3,-3]}}},{"origin":[-4.1,1.25209,-4.20456],"size":[3,4,3],"inflate":-0.15,"uv":{"north":{"uv":[48,37],"uv_size":[3,4]},"east":{"uv":[48,42],"uv_size":[3,4]},"south":{"uv":[45,48],"uv_size":[3,4]},"west":{"uv":[49,20],"uv_size":[3,4]},"up":{"uv":[56,16],"uv_size":[3,3]},"down":{"uv":[56,27],"uv_size":[3,-3]}}}]},{"name":"front_foot_right","parent":"front_leg_right","pivot":[-2.6,1.6,-2.9],"rotation":[9.99067,-0.43399,2.46207],"cubes":[{"origin":[-4.1,-0.08937,-4.22155],"size":[3,2,3],"uv":{"north":{"uv":[52,60],"uv_size":[3,2]},"east":{"uv":[56,60],"uv_size":[3,2]},"south":{"uv":[60,60],"uv_size":[3,2]},"west":{"uv":[61,0],"uv_size":[3,2]},"up":{"uv":[54,0],"uv_size":[3,3]},"down":{"uv":[54,7],"uv_size":[3,-3]}}}]},{"name":"back_leg_left","parent":"body","pivot":[2.3,5.275,2.4],"rotation":[10,0,0],"cubes":[{"origin":[1.1,1.22709,1.10456],"size":[3,5,3],"inflate":-0.15,"uv":{"north":{"uv":[14,44],"uv_size":[3,5]},"east":{"uv":[44,15],"uv_size":[3,5]},"south":{"uv":[18,44],"uv_size":[3,5]},"west":{"uv":[22,44],"uv_size":[3,5]},"up":{"uv":[33,56],"uv_size":[3,3]},"down":{"uv":[56,39],"uv_size":[3,-3]}}},{"origin":[1.1,2.22709,1.10456],"size":[3,4,3],"uv":{"north":{"uv":[49,47],"uv_size":[3,4]},"east":{"uv":[50,0],"uv_size":[3,4]},"south":{"uv":[50,5],"uv_size":[3,4]},"west":{"uv":[12,50],"uv_size":[3,4]},"up":{"uv":[37,56],"uv_size":[3,3]},"down":{"uv":[56,43],"uv_size":[3,-3]}}}]},{"name":"back_foot_left","parent":"back_leg_left","pivot":[2.6,1.6244,2.8],"rotation":[-10,0,0],"cubes":[{"origin":[1.1,-0.125,1],"size":[3,2,3],"uv":{"north":{"uv":[61,3],"uv_size":[3,2]},"east":{"uv":[61,6],"uv_size":[3,2]},"south":{"uv":[61,9],"uv_size":[3,2]},"west":{"uv":[11,61],"uv_size":[3,2]},"up":{"uv":[56,28],"uv_size":[3,3]},"down":{"uv":[56,35],"uv_size":[3,-3]}}}]},{"name":"back_leg_right","parent":"body","pivot":[-2.3,5.275,2.4],"rotation":[10,0,0],"cubes":[{"origin":[-4.1,1.22709,1.10456],"size":[3,5,3],"inflate":-0.15,"uv":{"north":{"uv":[17,44],"uv_size":[-3,5]},"east":{"uv":[25,44],"uv_size":[-3,5]},"south":{"uv":[21,44],"uv_size":[-3,5]},"west":{"uv":[47,15],"uv_size":[-3,5]},"up":{"uv":[36,56],"uv_size":[-3,3]},"down":{"uv":[59,39],"uv_size":[-3,-3]}}},{"origin":[-4.1,2.22709,1.10456],"size":[3,4,3],"uv":{"north":{"uv":[52,47],"uv_size":[-3,4]},"east":{"uv":[15,50],"uv_size":[-3,4]},"south":{"uv":[53,5],"uv_size":[-3,4]},"west":{"uv":[53,0],"uv_size":[-3,4]},"up":{"uv":[40,56],"uv_size":[-3,3]},"down":{"uv":[59,43],"uv_size":[-3,-3]}}}]},{"name":"back_foot_right","parent":"back_leg_right","pivot":[-2.6,1.6244,2.8],"rotation":[-10,0,0],"cubes":[{"origin":[-4.1,-0.125,1],"size":[3,2,3],"uv":{"north":{"uv":[64,3],"uv_size":[-3,2]},"east":{"uv":[14,61],"uv_size":[-3,2]},"south":{"uv":[64,9],"uv_size":[-3,2]},"west":{"uv":[64,6],"uv_size":[-3,2]},"up":{"uv":[59,28],"uv_size":[-3,3]},"down":{"uv":[59,35],"uv_size":[-3,-3]}}}]}]}]}
