{"format_version":"1.12.0","minecraft:geometry":[{"description":{"identifier":"geometry.gray_cat","texture_width":64,"texture_height":64,"visible_bounds_width":3,"visible_bounds_height":2.5,"visible_bounds_offset":[0,0.75,0]},"bones":[{"name":"hitbox","pivot":[0,11,-5],"cubes":[{"origin":[-6.5,0,-6.5],"size":[13,14,13],"uv":{}}]},{"name":"body","pivot":[0,6.2021,-1.08288],"cubes":[{"origin":[-2.5,3.2,-5.5],"size":[5,5,10],"uv":{"north":{"uv":[28,28],"uv_size":[5,5]},"east":{"uv":[0,0],"uv_size":[10,5]},"south":{"uv":[7,29],"uv_size":[5,5]},"west":{"uv":[0,6],"uv_size":[10,5]},"up":{"uv":[11,0],"uv_size":[5,10]},"down":{"uv":[11,21],"uv_size":[5,-10]}}}]},{"name":"tag_name","parent":"body","pivot":[0,14.2021,-1.08288]},{"name":"CONTROL_tail","parent":"body","pivot":[0,6.2021,-1.08288]},{"name":"tail","parent":"CONTROL_tail","pivot":[0,6.2,4.3],"rotation":[45.5,0,0],"cubes":[{"origin":[-1.5,4.56352,2.82491],"size":[3,3,6],"inflate":-0.15,"uv":{"north":{"uv":[42,8],"uv_size":[3,3]},"east":{"uv":[31,0],"uv_size":[6,3]},"south":{"uv":[44,4],"uv_size":[3,3]},"west":{"uv":[31,4],"uv_size":[6,3]},"up":{"uv":[7,12],"uv_size":[3,6]},"down":{"uv":[31,14],"uv_size":[3,-6]}}}]},{"name":"tail_half","parent":"tail","pivot":[0,6.10926,8.68366],"rotation":[47.5,0,0],"cubes":[{"origin":[-1.5,4.60926,7.68366],"size":[3,3,6],"uv":{"north":{"uv":[44,12],"uv_size":[3,3]},"east":{"uv":[31,15],"uv_size":[6,3]},"south":{"uv":[20,44],"uv_size":[3,3]},"west":{"uv":[31,19],"uv_size":[6,3]},"up":{"uv":[0,33],"uv_size":[3,6]},"down":{"uv":[34,29],"uv_size":[3,-6]}}}]},{"name":"tail_end","parent":"tail_half","pivot":[0,6.10926,13.68366],"rotation":[62.5223,0,0],"cubes":[{"origin":[-1.5,4.60926,12.68366],"size":[3,3,5],"uv":{"north":{"uv":[24,44],"uv_size":[3,3]},"east":{"uv":[38,4],"uv_size":[5,3]},"south":{"uv":[28,44],"uv_size":[3,3]},"west":{"uv":[38,12],"uv_size":[5,3]},"up":{"uv":[38,16],"uv_size":[3,5]},"down":{"uv":[38,27],"uv_size":[3,-5]}}}]},{"name":"h_head","parent":"body","pivot":[0,8.15,-4.25],"cubes":[{"origin":[-3,5.9,-8.5],"size":[6,6,6],"uv":{"north":{"uv":[0,12],"uv_size":[6,6]},"east":{"uv":[17,0],"uv_size":[6,6]},"south":{"uv":[17,7],"uv_size":[6,6]},"west":{"uv":[17,14],"uv_size":[6,6]},"up":{"uv":[0,19],"uv_size":[6,6]},"down":{"uv":[17,27],"uv_size":[6,-6]}}},{"origin":[2.075,9.025,-8.625],"size":[0.4,0.4,0],"uv":{"north":{"uv":[23,53],"uv_size":[1,1]},"east":{"uv":[13,29],"uv_size":[0,1]},"south":{"uv":[53,24],"uv_size":[1,1]},"west":{"uv":[13,31],"uv_size":[0,1]},"up":{"uv":[18,49],"uv_size":[1,0]},"down":{"uv":[50,11],"uv_size":[1,0]}}},{"origin":[1.225,7.9,-8.575],"size":[1.8,1.8,0],"uv":{"north":{"uv":[14,22],"uv_size":[2,2]},"east":{"uv":[24,39],"uv_size":[0,2]},"south":{"uv":[14,25],"uv_size":[2,2]},"west":{"uv":[40,44],"uv_size":[0,2]},"up":{"uv":[54,30],"uv_size":[2,0]},"down":{"uv":[54,31],"uv_size":[2,0]}}},{"origin":[1.125,7.75,-8.525],"size":[1.9,1.95,0],"uv":{"north":{"uv":[31,23],"uv_size":[2,2]},"east":{"uv":[45,30],"uv_size":[0,2]},"south":{"uv":[35,12],"uv_size":[2,2]},"west":{"uv":[26,50],"uv_size":[0,2]},"up":{"uv":[54,32],"uv_size":[2,0]},"down":{"uv":[54,33],"uv_size":[2,0]}}},{"origin":[-3.025,7.75,-8.525],"size":[1.9,1.95,0],"uv":{"north":{"uv":[25,35],"uv_size":[2,2]},"east":{"uv":[51,53],"uv_size":[0,2]},"south":{"uv":[49,50],"uv_size":[2,2]},"west":{"uv":[13,54],"uv_size":[0,2]},"up":{"uv":[54,34],"uv_size":[2,0]},"down":{"uv":[54,35],"uv_size":[2,0]}}},{"origin":[1.375,8.025,-8.6],"size":[1,1.3,0],"uv":{"north":{"uv":[25,53],"uv_size":[1,1]},"east":{"uv":[13,33],"uv_size":[0,1]},"south":{"uv":[53,26],"uv_size":[1,1]},"west":{"uv":[24,42],"uv_size":[0,1]},"up":{"uv":[52,11],"uv_size":[1,0]},"down":{"uv":[16,52],"uv_size":[1,0]}}},{"origin":[-3.075,9.44431,-8.73765],"size":[1.95,1,0],"pivot":[-2.0505,9.74431,-8.28765],"rotation":[-22.5,0,0],"uv":{"north":{"uv":[31,26],"uv_size":[2,1]},"east":{"uv":[54,36],"uv_size":[0,1]},"south":{"uv":[4,33],"uv_size":[2,1]},"west":{"uv":[52,54],"uv_size":[0,1]},"up":{"uv":[53,54],"uv_size":[2,0]},"down":{"uv":[55,4],"uv_size":[2,0]}}},{"origin":[-1.126,9.44431,-8.73765],"size":[0,1,1],"pivot":[-2.0505,9.74431,-8.28765],"rotation":[-22.5,0,0],"uv":{"north":{"uv":[55,5],"uv_size":[0,1]},"east":{"uv":[31,53],"uv_size":[1,1]},"south":{"uv":[6,55],"uv_size":[0,1]},"west":{"uv":[33,53],"uv_size":[1,1]},"up":{"uv":[7,55],"uv_size":[0,1]},"down":{"uv":[8,56],"uv_size":[0,-1]}}},{"origin":[-1.125,9.37501,-8.76635],"size":[0,0.075,1],"pivot":[-2.0495,9.67501,-8.31635],"rotation":[-22.5,0,0],"uv":{"north":{"uv":[55,12],"uv_size":[0,1]},"east":{"uv":[35,53],"uv_size":[1,1]},"south":{"uv":[14,55],"uv_size":[0,1]},"west":{"uv":[37,53],"uv_size":[1,1]},"up":{"uv":[55,14],"uv_size":[0,1]},"down":{"uv":[15,56],"uv_size":[0,-1]}}},{"origin":[3.025,7.9,-8.575],"size":[0,1.8,0.5],"uv":{"north":{"uv":[16,55],"uv_size":[0,2]},"east":{"uv":[43,50],"uv_size":[1,2]},"south":{"uv":[17,55],"uv_size":[0,2]},"west":{"uv":[10,51],"uv_size":[1,2]},"up":{"uv":[18,55],"uv_size":[0,1]},"down":{"uv":[23,56],"uv_size":[0,-1]}}},{"origin":[3.025,7.75,-8.524],"size":[0,0.15,0.425],"uv":{"north":{"uv":[24,55],"uv_size":[0,1]},"east":{"uv":[53,38],"uv_size":[1,1]},"south":{"uv":[55,24],"uv_size":[0,1]},"west":{"uv":[39,53],"uv_size":[1,1]},"up":{"uv":[25,55],"uv_size":[0,1]},"down":{"uv":[26,56],"uv_size":[0,-1]}}},{"origin":[-3.025,7.75,-8.524],"size":[0,0.15,0.425],"uv":{"north":{"uv":[55,26],"uv_size":[0,1]},"east":{"uv":[53,40],"uv_size":[1,1]},"south":{"uv":[27,55],"uv_size":[0,1]},"west":{"uv":[41,53],"uv_size":[1,1]},"up":{"uv":[28,55],"uv_size":[0,1]},"down":{"uv":[29,56],"uv_size":[0,-1]}}},{"origin":[-1.675,9.025,-8.625],"size":[0.4,0.4,0],"uv":{"north":{"uv":[53,42],"uv_size":[1,1]},"east":{"uv":[30,55],"uv_size":[0,1]},"south":{"uv":[43,53],"uv_size":[1,1]},"west":{"uv":[31,55],"uv_size":[0,1]},"up":{"uv":[55,7],"uv_size":[1,0]},"down":{"uv":[32,55],"uv_size":[1,0]}}},{"origin":[-2.375,8.025,-8.6],"size":[1,1.3,0],"uv":{"north":{"uv":[53,44],"uv_size":[1,1]},"east":{"uv":[34,55],"uv_size":[0,1]},"south":{"uv":[45,53],"uv_size":[1,1]},"west":{"uv":[35,55],"uv_size":[0,1]},"up":{"uv":[36,55],"uv_size":[1,0]},"down":{"uv":[55,36],"uv_size":[1,0]}}},{"origin":[-3.025,7.9,-8.575],"size":[1.8,1.8,0],"uv":{"north":{"uv":[0,51],"uv_size":[2,2]},"east":{"uv":[55,37],"uv_size":[0,2]},"south":{"uv":[3,51],"uv_size":[2,2]},"west":{"uv":[38,55],"uv_size":[0,2]},"up":{"uv":[39,55],"uv_size":[2,0]},"down":{"uv":[55,40],"uv_size":[2,0]}}},{"origin":[-3.025,7.9,-8.575],"size":[0,1.8,0.5],"uv":{"north":{"uv":[55,41],"uv_size":[0,2]},"east":{"uv":[12,51],"uv_size":[1,2]},"south":{"uv":[42,55],"uv_size":[0,2]},"west":{"uv":[14,52],"uv_size":[1,2]},"up":{"uv":[43,55],"uv_size":[0,1]},"down":{"uv":[44,56],"uv_size":[0,-1]}}},{"origin":[1.125,9.44431,-8.73765],"size":[1.95,1,0],"pivot":[2.0505,9.74431,-8.28765],"rotation":[-22.5,0,0],"uv":{"north":{"uv":[38,28],"uv_size":[2,1]},"east":{"uv":[55,44],"uv_size":[0,1]},"south":{"uv":[42,26],"uv_size":[2,1]},"west":{"uv":[45,55],"uv_size":[0,1]},"up":{"uv":[46,55],"uv_size":[2,0]},"down":{"uv":[55,46],"uv_size":[2,0]}}},{"origin":[-3.075,9.37887,-8.73575],"size":[1.95,0.075,0],"pivot":[-2.0505,9.75387,-8.31075],"rotation":[-22.5,0,0],"uv":{"north":{"uv":[52,50],"uv_size":[2,1]},"east":{"uv":[55,47],"uv_size":[0,1]},"south":{"uv":[52,52],"uv_size":[2,1]},"west":{"uv":[49,55],"uv_size":[0,1]},"up":{"uv":[55,49],"uv_size":[2,0]},"down":{"uv":[55,50],"uv_size":[2,0]}}},{"origin":[1.126,9.44431,-8.73765],"size":[0,1,1],"pivot":[2.0505,9.74431,-8.28765],"rotation":[-22.5,0,0],"uv":{"north":{"uv":[50,55],"uv_size":[0,1]},"east":{"uv":[53,46],"uv_size":[1,1]},"south":{"uv":[55,51],"uv_size":[0,1]},"west":{"uv":[47,53],"uv_size":[1,1]},"up":{"uv":[53,55],"uv_size":[0,1]},"down":{"uv":[54,56],"uv_size":[0,-1]}}},{"origin":[3.075,9.44431,-8.73865],"size":[0,1,1.05],"pivot":[2.0505,9.74431,-8.28765],"rotation":[-22.5,0,0],"uv":{"north":{"uv":[55,55],"uv_size":[0,1]},"east":{"uv":[53,48],"uv_size":[1,1]},"south":{"uv":[0,56],"uv_size":[0,1]},"west":{"uv":[49,53],"uv_size":[1,1]},"up":{"uv":[56,0],"uv_size":[0,1]},"down":{"uv":[1,57],"uv_size":[0,-1]}}},{"origin":[-3.075,9.44431,-8.73865],"size":[0,1,1.05],"pivot":[-2.0505,9.74431,-8.28765],"rotation":[-22.5,0,0],"uv":{"north":{"uv":[2,56],"uv_size":[0,1]},"east":{"uv":[0,54],"uv_size":[1,1]},"south":{"uv":[56,2],"uv_size":[0,1]},"west":{"uv":[2,54],"uv_size":[1,1]},"up":{"uv":[3,56],"uv_size":[0,1]},"down":{"uv":[4,57],"uv_size":[0,-1]}}},{"origin":[-3.074,9.37083,-8.74729],"size":[0,0.1,1],"pivot":[-2.0745,9.72083,-8.29629],"rotation":[-22.5,0,0],"uv":{"north":{"uv":[5,56],"uv_size":[0,1]},"east":{"uv":[4,54],"uv_size":[1,1]},"south":{"uv":[56,5],"uv_size":[0,1]},"west":{"uv":[54,8],"uv_size":[1,1]},"up":{"uv":[56,8],"uv_size":[0,1]},"down":{"uv":[9,57],"uv_size":[0,-1]}}},{"origin":[1.125,9.37501,-8.76635],"size":[0,0.075,1],"pivot":[2.0495,9.67501,-8.31635],"rotation":[-22.5,0,0],"uv":{"north":{"uv":[10,56],"uv_size":[0,1]},"east":{"uv":[9,54],"uv_size":[1,1]},"south":{"uv":[56,10],"uv_size":[0,1]},"west":{"uv":[54,10],"uv_size":[1,1]},"up":{"uv":[11,56],"uv_size":[0,1]},"down":{"uv":[12,57],"uv_size":[0,-1]}}},{"origin":[1.125,9.37887,-8.73575],"size":[1.95,0.075,0],"pivot":[2.0505,9.75387,-8.31075],"rotation":[-22.5,0,0],"uv":{"north":{"uv":[6,53],"uv_size":[2,1]},"east":{"uv":[56,12],"uv_size":[0,1]},"south":{"uv":[16,53],"uv_size":[2,1]},"west":{"uv":[56,14],"uv_size":[0,1]},"up":{"uv":[55,53],"uv_size":[2,0]},"down":{"uv":[56,16],"uv_size":[2,0]}}},{"origin":[3.074,9.37083,-8.74729],"size":[0,0.1,1],"pivot":[2.0745,9.72083,-8.29629],"rotation":[-22.5,0,0],"uv":{"north":{"uv":[56,17],"uv_size":[0,1]},"east":{"uv":[11,54],"uv_size":[1,1]},"south":{"uv":[19,56],"uv_size":[0,1]},"west":{"uv":[54,16],"uv_size":[1,1]},"up":{"uv":[56,19],"uv_size":[0,1]},"down":{"uv":[20,57],"uv_size":[0,-1]}}},{"origin":[0.62723,5.71502,-8.9],"size":[6,3,0],"uv":{"north":{"uv":[28,34],"uv_size":[6,3]},"east":{"uv":[21,56],"uv_size":[0,3]},"south":{"uv":[34,34],"uv_size":[-6,3]},"west":{"uv":[56,21],"uv_size":[0,3]},"up":{"uv":[56,25],"uv_size":[6,0]},"down":{"uv":[56,26],"uv_size":[6,0]}}},{"origin":[-6.62723,5.71502,-8.9],"size":[6,3,0],"uv":{"north":{"uv":[34,34],"uv_size":[-6,3]},"east":{"uv":[56,21],"uv_size":[0,3]},"south":{"uv":[28,34],"uv_size":[6,3]},"west":{"uv":[21,56],"uv_size":[0,3]},"up":{"uv":[62,25],"uv_size":[-6,0]},"down":{"uv":[62,26],"uv_size":[-6,0]}}},{"origin":[0.29895,4.81738,-8.7],"size":[6,2.6,0],"pivot":[3.24895,6.89374,-8.8],"rotation":[0,0,22.5],"uv":{"north":{"uv":[4,35],"uv_size":[6,3]},"east":{"uv":[22,56],"uv_size":[0,3]},"south":{"uv":[10,35],"uv_size":[-6,3]},"west":{"uv":[32,56],"uv_size":[0,3]},"up":{"uv":[56,27],"uv_size":[6,0]},"down":{"uv":[56,28],"uv_size":[6,0]}}},{"origin":[-6.29895,4.81738,-8.7],"size":[6,2.6,0],"pivot":[-3.24895,6.89374,-8.8],"rotation":[0,0,-22.5],"uv":{"north":{"uv":[10,35],"uv_size":[-6,3]},"east":{"uv":[32,56],"uv_size":[0,3]},"south":{"uv":[4,35],"uv_size":[6,3]},"west":{"uv":[22,56],"uv_size":[0,3]},"up":{"uv":[62,27],"uv_size":[-6,0]},"down":{"uv":[62,28],"uv_size":[-6,0]}}},{"origin":[-1.5,6.4,-9.5],"size":[3,2,1],"uv":{"north":{"uv":[7,19],"uv_size":[3,2]},"east":{"uv":[19,53],"uv_size":[1,2]},"south":{"uv":[14,49],"uv_size":[3,2]},"west":{"uv":[21,53],"uv_size":[1,2]},"up":{"uv":[50,22],"uv_size":[3,1]},"down":{"uv":[6,52],"uv_size":[3,-1]}}},{"origin":[-0.5,7.60104,-9.575],"size":[1,0.9,0],"uv":{"north":{"uv":[55,20],"uv_size":[-1,1]},"east":{"uv":[40,56],"uv_size":[0,1]},"south":{"uv":[54,20],"uv_size":[1,1]},"west":{"uv":[41,56],"uv_size":[0,1]},"up":{"uv":[56,41],"uv_size":[1,0]},"down":{"uv":[56,42],"uv_size":[1,0]}}},{"origin":[-0.5,8.50004,-9.575],"size":[1,0,0.5],"uv":{"north":{"uv":[56,43],"uv_size":[1,0]},"east":{"uv":[56,44],"uv_size":[1,0]},"south":{"uv":[56,45],"uv_size":[1,0]},"west":{"uv":[46,56],"uv_size":[1,0]},"up":{"uv":[54,22],"uv_size":[1,1]},"down":{"uv":[54,29],"uv_size":[1,-1]}}}]},{"name":"h_ears","parent":"h_head","pivot":[0.02797,10.73835,-6.36348],"rotation":[16.92154,-1.95155,0]},{"name":"h_ear_left","parent":"h_ears","pivot":[3.7323,11.9246,-6.113],"rotation":[-18.31535,-52.49267,59.52414],"cubes":[{"origin":[-0.01347,8.83995,-6.2859],"size":[6,6,0.075],"pivot":[3.7323,11.9246,-6.113],"rotation":[22.5,0,0],"uv":{"north":{"uv":[7,22],"uv_size":[6,6]},"east":{"uv":[45,46],"uv_size":[1,6]},"south":{"uv":[24,0],"uv_size":[6,6]},"west":{"uv":[47,46],"uv_size":[1,6]},"up":{"uv":[46,24],"uv_size":[6,1]},"down":{"uv":[48,5],"uv_size":[6,-1]}}},{"origin":[-0.01347,11.78023,-12.14034],"size":[6,0.075,6],"uv":{"north":{"uv":[48,6],"uv_size":[6,1]},"east":{"uv":[48,12],"uv_size":[6,1]},"south":{"uv":[48,14],"uv_size":[6,1]},"west":{"uv":[20,48],"uv_size":[6,1]},"up":{"uv":[24,7],"uv_size":[6,6]},"down":{"uv":[24,20],"uv_size":[6,-6]}}}]},{"name":"h_ear_right","parent":"h_ears","pivot":[-3.7323,11.9246,-6.113],"rotation":[-18.31535,52.49267,-59.52414],"cubes":[{"origin":[-5.98653,8.83995,-6.2859],"size":[6,6,0.075],"pivot":[-3.7323,11.9246,-6.113],"rotation":[22.5,0,0],"uv":{"north":{"uv":[24,21],"uv_size":[6,6]},"east":{"uv":[27,48],"uv_size":[1,6]},"south":{"uv":[0,26],"uv_size":[6,6]},"west":{"uv":[29,48],"uv_size":[1,6]},"up":{"uv":[31,48],"uv_size":[6,1]},"down":{"uv":[38,49],"uv_size":[6,-1]}}},{"origin":[-5.98653,11.78023,-12.14034],"size":[6,0.075,6],"uv":{"north":{"uv":[0,49],"uv_size":[6,1]},"east":{"uv":[49,0],"uv_size":[6,1]},"south":{"uv":[49,2],"uv_size":[6,1]},"west":{"uv":[7,49],"uv_size":[6,1]},"up":{"uv":[14,28],"uv_size":[6,6]},"down":{"uv":[21,34],"uv_size":[6,-6]}}}]},{"name":"h_head_eyes_closed","parent":"body","pivot":[0,8.15,-4.25],"cubes":[{"origin":[-3,5.9,-8.5],"size":[6,6,6],"uv":{"north":{"uv":[0,12],"uv_size":[6,6]},"east":{"uv":[17,0],"uv_size":[6,6]},"south":{"uv":[17,7],"uv_size":[6,6]},"west":{"uv":[17,14],"uv_size":[6,6]},"up":{"uv":[0,19],"uv_size":[6,6]},"down":{"uv":[17,27],"uv_size":[6,-6]}}},{"origin":[-3.075,8.24431,-8.73765],"size":[1.95,1,0],"uv":{"north":{"uv":[31,26],"uv_size":[2,1]},"east":{"uv":[54,36],"uv_size":[0,1]},"south":{"uv":[4,33],"uv_size":[2,1]},"west":{"uv":[52,54],"uv_size":[0,1]},"up":{"uv":[53,54],"uv_size":[2,0]},"down":{"uv":[55,4],"uv_size":[2,0]}}},{"origin":[-1.126,9.44431,-8.73765],"size":[0,1,1],"pivot":[-2.0505,9.74431,-8.28765],"rotation":[-22.5,0,0],"uv":{"north":{"uv":[55,5],"uv_size":[0,1]},"east":{"uv":[31,53],"uv_size":[1,1]},"south":{"uv":[6,55],"uv_size":[0,1]},"west":{"uv":[33,53],"uv_size":[1,1]},"up":{"uv":[7,55],"uv_size":[0,1]},"down":{"uv":[8,56],"uv_size":[0,-1]}}},{"origin":[-1.125,8.17501,-8.76635],"size":[0,0.075,1],"uv":{"north":{"uv":[55,12],"uv_size":[0,1]},"east":{"uv":[35,53],"uv_size":[1,1]},"south":{"uv":[14,55],"uv_size":[0,1]},"west":{"uv":[37,53],"uv_size":[1,1]},"up":{"uv":[55,14],"uv_size":[0,1]},"down":{"uv":[15,56],"uv_size":[0,-1]}}},{"origin":[1.125,8.24431,-8.73765],"size":[1.95,1,0],"uv":{"north":{"uv":[38,28],"uv_size":[2,1]},"east":{"uv":[55,44],"uv_size":[0,1]},"south":{"uv":[42,26],"uv_size":[2,1]},"west":{"uv":[45,55],"uv_size":[0,1]},"up":{"uv":[46,55],"uv_size":[2,0]},"down":{"uv":[55,46],"uv_size":[2,0]}}},{"origin":[-3.075,8.17887,-8.73575],"size":[1.95,0.075,0],"uv":{"north":{"uv":[52,50],"uv_size":[2,1]},"east":{"uv":[55,47],"uv_size":[0,1]},"south":{"uv":[52,52],"uv_size":[2,1]},"west":{"uv":[49,55],"uv_size":[0,1]},"up":{"uv":[55,49],"uv_size":[2,0]},"down":{"uv":[55,50],"uv_size":[2,0]}}},{"origin":[1.126,8.24431,-8.73765],"size":[0,1,1],"uv":{"north":{"uv":[50,55],"uv_size":[0,1]},"east":{"uv":[53,46],"uv_size":[1,1]},"south":{"uv":[55,51],"uv_size":[0,1]},"west":{"uv":[47,53],"uv_size":[1,1]},"up":{"uv":[53,55],"uv_size":[0,1]},"down":{"uv":[54,56],"uv_size":[0,-1]}}},{"origin":[3.075,8.24431,-8.73865],"size":[0,1,1.05],"uv":{"north":{"uv":[55,55],"uv_size":[0,1]},"east":{"uv":[53,48],"uv_size":[1,1]},"south":{"uv":[0,56],"uv_size":[0,1]},"west":{"uv":[49,53],"uv_size":[1,1]},"up":{"uv":[56,0],"uv_size":[0,1]},"down":{"uv":[1,57],"uv_size":[0,-1]}}},{"origin":[-3.075,8.24431,-8.73865],"size":[0,1,1.05],"uv":{"north":{"uv":[2,56],"uv_size":[0,1]},"east":{"uv":[0,54],"uv_size":[1,1]},"south":{"uv":[56,2],"uv_size":[0,1]},"west":{"uv":[2,54],"uv_size":[1,1]},"up":{"uv":[3,56],"uv_size":[0,1]},"down":{"uv":[4,57],"uv_size":[0,-1]}}},{"origin":[-3.074,8.17083,-8.74729],"size":[0,0.1,1],"uv":{"north":{"uv":[5,56],"uv_size":[0,1]},"east":{"uv":[4,54],"uv_size":[1,1]},"south":{"uv":[56,5],"uv_size":[0,1]},"west":{"uv":[54,8],"uv_size":[1,1]},"up":{"uv":[56,8],"uv_size":[0,1]},"down":{"uv":[9,57],"uv_size":[0,-1]}}},{"origin":[1.125,8.17501,-8.76635],"size":[0,0.075,1],"uv":{"north":{"uv":[10,56],"uv_size":[0,1]},"east":{"uv":[9,54],"uv_size":[1,1]},"south":{"uv":[56,10],"uv_size":[0,1]},"west":{"uv":[54,10],"uv_size":[1,1]},"up":{"uv":[11,56],"uv_size":[0,1]},"down":{"uv":[12,57],"uv_size":[0,-1]}}},{"origin":[1.125,8.17887,-8.73575],"size":[1.95,0.075,0],"uv":{"north":{"uv":[6,53],"uv_size":[2,1]},"east":{"uv":[56,12],"uv_size":[0,1]},"south":{"uv":[16,53],"uv_size":[2,1]},"west":{"uv":[56,14],"uv_size":[0,1]},"up":{"uv":[55,53],"uv_size":[2,0]},"down":{"uv":[56,16],"uv_size":[2,0]}}},{"origin":[3.074,8.17083,-8.74729],"size":[0,0.1,1],"uv":{"north":{"uv":[56,17],"uv_size":[0,1]},"east":{"uv":[11,54],"uv_size":[1,1]},"south":{"uv":[19,56],"uv_size":[0,1]},"west":{"uv":[54,16],"uv_size":[1,1]},"up":{"uv":[56,19],"uv_size":[0,1]},"down":{"uv":[20,57],"uv_size":[0,-1]}}},{"origin":[0.62723,5.71502,-8.9],"size":[6,3,0],"uv":{"north":{"uv":[28,34],"uv_size":[6,3]},"east":{"uv":[21,56],"uv_size":[0,3]},"south":{"uv":[34,30],"uv_size":[6,3]},"west":{"uv":[56,21],"uv_size":[0,3]},"up":{"uv":[56,25],"uv_size":[6,0]},"down":{"uv":[56,26],"uv_size":[6,0]}}},{"origin":[-6.62723,5.71502,-8.9],"size":[6,3,0],"uv":{"north":{"uv":[34,34],"uv_size":[-6,3]},"east":{"uv":[56,21],"uv_size":[0,3]},"south":{"uv":[40,30],"uv_size":[-6,3]},"west":{"uv":[21,56],"uv_size":[0,3]},"up":{"uv":[62,25],"uv_size":[-6,0]},"down":{"uv":[62,26],"uv_size":[-6,0]}}},{"origin":[0.29895,4.81738,-8.7],"size":[6,2.6,0],"pivot":[3.24895,6.89374,-8.8],"rotation":[0,0,22.5],"uv":{"north":{"uv":[4,35],"uv_size":[6,3]},"east":{"uv":[22,56],"uv_size":[0,3]},"south":{"uv":[35,8],"uv_size":[6,3]},"west":{"uv":[32,56],"uv_size":[0,3]},"up":{"uv":[56,27],"uv_size":[6,0]},"down":{"uv":[56,28],"uv_size":[6,0]}}},{"origin":[-6.29895,4.81738,-8.7],"size":[6,2.6,0],"pivot":[-3.24895,6.89374,-8.8],"rotation":[0,0,-22.5],"uv":{"north":{"uv":[10,35],"uv_size":[-6,3]},"east":{"uv":[32,56],"uv_size":[0,3]},"south":{"uv":[41,8],"uv_size":[-6,3]},"west":{"uv":[22,56],"uv_size":[0,3]},"up":{"uv":[62,27],"uv_size":[-6,0]},"down":{"uv":[62,28],"uv_size":[-6,0]}}},{"origin":[-1.5,6.4,-9.5],"size":[3,2,1],"uv":{"north":{"uv":[7,19],"uv_size":[3,2]},"east":{"uv":[19,53],"uv_size":[1,2]},"south":{"uv":[14,49],"uv_size":[3,2]},"west":{"uv":[21,53],"uv_size":[1,2]},"up":{"uv":[50,22],"uv_size":[3,1]},"down":{"uv":[6,52],"uv_size":[3,-1]}}},{"origin":[-0.5,7.60104,-9.575],"size":[1,0.9,0],"uv":{"north":{"uv":[54,20],"uv_size":[1,1]},"east":{"uv":[40,56],"uv_size":[0,1]},"south":{"uv":[54,20],"uv_size":[1,1]},"west":{"uv":[41,56],"uv_size":[0,1]},"up":{"uv":[56,41],"uv_size":[1,0]},"down":{"uv":[56,42],"uv_size":[1,0]}}},{"origin":[-0.5,8.50004,-9.575],"size":[1,0,0.5],"uv":{"north":{"uv":[56,43],"uv_size":[1,0]},"east":{"uv":[56,44],"uv_size":[1,0]},"south":{"uv":[56,45],"uv_size":[1,0]},"west":{"uv":[46,56],"uv_size":[1,0]},"up":{"uv":[54,22],"uv_size":[1,1]},"down":{"uv":[54,29],"uv_size":[1,-1]}}}]},{"name":"h_ears2","parent":"h_head_eyes_closed","pivot":[0.02797,10.73835,-6.36348],"rotation":[16.92154,-1.95155,0]},{"name":"h_ear_left2","parent":"h_ears2","pivot":[3.7323,11.9246,-6.113],"rotation":[-18.31535,-52.49267,59.52414],"cubes":[{"origin":[-0.01347,8.83995,-6.2859],"size":[6,6,0.075],"pivot":[3.7323,11.9246,-6.113],"rotation":[22.5,0,0],"uv":{"north":{"uv":[7,22],"uv_size":[6,6]},"east":{"uv":[45,46],"uv_size":[1,6]},"south":{"uv":[24,0],"uv_size":[6,6]},"west":{"uv":[47,46],"uv_size":[1,6]},"up":{"uv":[46,24],"uv_size":[6,1]},"down":{"uv":[48,5],"uv_size":[6,-1]}}},{"origin":[-0.01347,11.78023,-12.14034],"size":[6,0.075,6],"uv":{"north":{"uv":[48,6],"uv_size":[6,1]},"east":{"uv":[48,12],"uv_size":[6,1]},"south":{"uv":[48,14],"uv_size":[6,1]},"west":{"uv":[20,48],"uv_size":[6,1]},"up":{"uv":[24,7],"uv_size":[6,6]},"down":{"uv":[24,20],"uv_size":[6,-6]}}}]},{"name":"h_ear_right2","parent":"h_ears2","pivot":[-3.7323,11.9246,-6.113],"rotation":[-18.31535,52.49267,-59.52414],"cubes":[{"origin":[-5.98653,8.83995,-6.2859],"size":[6,6,0.075],"pivot":[-3.7323,11.9246,-6.113],"rotation":[22.5,0,0],"uv":{"north":{"uv":[24,21],"uv_size":[6,6]},"east":{"uv":[27,48],"uv_size":[1,6]},"south":{"uv":[0,26],"uv_size":[6,6]},"west":{"uv":[29,48],"uv_size":[1,6]},"up":{"uv":[31,48],"uv_size":[6,1]},"down":{"uv":[38,49],"uv_size":[6,-1]}}},{"origin":[-5.98653,11.78023,-12.14034],"size":[6,0.075,6],"uv":{"north":{"uv":[0,49],"uv_size":[6,1]},"east":{"uv":[49,0],"uv_size":[6,1]},"south":{"uv":[49,2],"uv_size":[6,1]},"west":{"uv":[7,49],"uv_size":[6,1]},"up":{"uv":[14,28],"uv_size":[6,6]},"down":{"uv":[21,34],"uv_size":[6,-6]}}}]},{"name":"front_leg_left","parent":"body","pivot":[2.3,3.9,-3],"rotation":[-9.99067,0.43399,2.46207],"cubes":[{"origin":[1.1,1.25209,-4.20456],"size":[3,4,3],"inflate":-0.15,"uv":{"north":{"uv":[20,39],"uv_size":[3,4]},"east":{"uv":[0,40],"uv_size":[3,4]},"south":{"uv":[41,28],"uv_size":[3,4]},"west":{"uv":[41,38],"uv_size":[3,4]},"up":{"uv":[0,45],"uv_size":[3,3]},"down":{"uv":[45,3],"uv_size":[3,-3]}}}]},{"name":"front_foot_left","parent":"front_leg_left","pivot":[2.6,1.6,-2.9],"rotation":[9.99067,0.43399,-2.46207],"cubes":[{"origin":[1.1,-0.08937,-4.22155],"size":[3,2,3],"uv":{"north":{"uv":[49,26],"uv_size":[3,2]},"east":{"uv":[49,38],"uv_size":[3,2]},"south":{"uv":[49,41],"uv_size":[3,2]},"west":{"uv":[49,44],"uv_size":[3,2]},"up":{"uv":[32,44],"uv_size":[3,3]},"down":{"uv":[36,47],"uv_size":[3,-3]}}}]},{"name":"front_leg_right","parent":"body","pivot":[-2.3,3.9,-3],"rotation":[-9.99067,-0.43399,-2.46207],"cubes":[{"origin":[-4.1,1.25209,-4.20456],"size":[3,4,3],"inflate":-0.15,"uv":{"north":{"uv":[42,16],"uv_size":[3,4]},"east":{"uv":[42,21],"uv_size":[3,4]},"south":{"uv":[42,33],"uv_size":[3,4]},"west":{"uv":[41,43],"uv_size":[3,4]},"up":{"uv":[12,45],"uv_size":[3,3]},"down":{"uv":[16,48],"uv_size":[3,-3]}}}]},{"name":"front_foot_right","parent":"front_leg_right","pivot":[-2.6,1.6,-2.9],"rotation":[9.99067,-0.43399,2.46207],"cubes":[{"origin":[-4.1,-0.08937,-4.22155],"size":[3,2,3],"uv":{"north":{"uv":[49,47],"uv_size":[3,2]},"east":{"uv":[50,8],"uv_size":[3,2]},"south":{"uv":[50,16],"uv_size":[3,2]},"west":{"uv":[18,50],"uv_size":[3,2]},"up":{"uv":[4,45],"uv_size":[3,3]},"down":{"uv":[8,48],"uv_size":[3,-3]}}}]},{"name":"back_leg_right","parent":"body","pivot":[-2.3,5.3,2.6],"rotation":[10,0,0],"cubes":[{"origin":[-4.1,1.25209,1.30456],"size":[3,5,3],"inflate":-0.15,"uv":{"north":{"uv":[4,39],"uv_size":[3,5]},"east":{"uv":[8,39],"uv_size":[3,5]},"south":{"uv":[12,39],"uv_size":[3,5]},"west":{"uv":[16,39],"uv_size":[3,5]},"up":{"uv":[46,30],"uv_size":[3,3]},"down":{"uv":[46,37],"uv_size":[3,-3]}}}]},{"name":"back_foot_right","parent":"back_leg_right","pivot":[-2.6,1.6494,3],"rotation":[-10,0,0],"cubes":[{"origin":[-4.1,-0.1,1.2],"size":[3,2,3],"uv":{"north":{"uv":[50,32],"uv_size":[3,2]},"east":{"uv":[35,50],"uv_size":[3,2]},"south":{"uv":[50,35],"uv_size":[3,2]},"west":{"uv":[39,50],"uv_size":[3,2]},"up":{"uv":[46,16],"uv_size":[3,3]},"down":{"uv":[46,23],"uv_size":[3,-3]}}}]},{"name":"back_leg_left","parent":"body","pivot":[2.3,5.3,2.6],"rotation":[10,0,0],"cubes":[{"origin":[1.1,1.25209,1.30456],"size":[3,5,3],"inflate":-0.15,"uv":{"north":{"uv":[7,39],"uv_size":[-3,5]},"east":{"uv":[19,39],"uv_size":[-3,5]},"south":{"uv":[15,39],"uv_size":[-3,5]},"west":{"uv":[11,39],"uv_size":[-3,5]},"up":{"uv":[49,30],"uv_size":[-3,3]},"down":{"uv":[49,37],"uv_size":[-3,-3]}}}]},{"name":"back_foot_left","parent":"back_leg_left","pivot":[2.6,1.6494,3],"rotation":[-10,0,0],"cubes":[{"origin":[1.1,-0.1,1.2],"size":[3,2,3],"uv":{"north":{"uv":[53,32],"uv_size":[-3,2]},"east":{"uv":[42,50],"uv_size":[-3,2]},"south":{"uv":[53,35],"uv_size":[-3,2]},"west":{"uv":[38,50],"uv_size":[-3,2]},"up":{"uv":[49,16],"uv_size":[-3,3]},"down":{"uv":[49,23],"uv_size":[-3,-3]}}}]}]}]}
