{"format_version":"1.12.0","minecraft:geometry":[{"description":{"identifier":"geometry.orange_cat","texture_width":128,"texture_height":128,"visible_bounds_width":4,"visible_bounds_height":2.5,"visible_bounds_offset":[0,0.75,0]},"bones":[{"name":"hitbox","pivot":[0,11,-5],"cubes":[{"origin":[-6.5,0,-6.5],"size":[13,14,13],"uv":{}}]},{"name":"body","pivot":[0,6.2021,-1.08288],"cubes":[{"origin":[-2.5,2.7,-5.5],"size":[5,5,10],"uv":{"north":{"uv":[0,33],"uv_size":[5,5]},"east":{"uv":[0,0],"uv_size":[10,5]},"south":{"uv":[14,35],"uv_size":[5,5]},"west":{"uv":[0,6],"uv_size":[10,5]},"up":{"uv":[11,0],"uv_size":[5,10]},"down":{"uv":[11,21],"uv_size":[5,-10]}}}]},{"name":"tag_name","parent":"body","pivot":[0,14.2021,-1.08288]},{"name":"CONTROL_tail","parent":"body","pivot":[0,6.2021,-1.08288]},{"name":"tail","parent":"CONTROL_tail","pivot":[0,5.90926,3.08366],"rotation":[45.5,0,0],"cubes":[{"origin":[-1.5,3.64528,2.89769],"size":[3,3,4],"uv":{"north":{"uv":[7,18],"uv_size":[3,3]},"east":{"uv":[42,40],"uv_size":[4,3]},"south":{"uv":[47,38],"uv_size":[3,3]},"west":{"uv":[19,43],"uv_size":[4,3]},"up":{"uv":[24,43],"uv_size":[3,4]},"down":{"uv":[28,47],"uv_size":[3,-4]}}}]},{"name":"tail_half","parent":"tail","pivot":[0,4.89044,6.48891],"rotation":[47.5,0,0],"cubes":[{"origin":[-1.5,3.49046,6.06571],"size":[3,3,4],"inflate":0.01,"uv":{"north":{"uv":[47,42],"uv_size":[3,3]},"east":{"uv":[0,44],"uv_size":[4,3]},"south":{"uv":[47,46],"uv_size":[3,3]},"west":{"uv":[42,44],"uv_size":[4,3]},"up":{"uv":[45,0],"uv_size":[3,4]},"down":{"uv":[45,9],"uv_size":[3,-4]}}}]},{"name":"tail_end","parent":"tail_half","pivot":[-0.39625,5.07884,9.60723],"rotation":[62.5223,0,0],"cubes":[{"origin":[-1.5,3.61943,8.95275],"size":[3,3,4],"inflate":0.1,"uv":{"north":{"uv":[0,48],"uv_size":[3,3]},"east":{"uv":[45,10],"uv_size":[4,3]},"south":{"uv":[21,48],"uv_size":[3,3]},"west":{"uv":[45,14],"uv_size":[4,3]},"up":{"uv":[45,18],"uv_size":[3,4]},"down":{"uv":[45,27],"uv_size":[3,-4]}}}]},{"name":"h_head","parent":"body","pivot":[0,8.15,-4.25],"cubes":[{"origin":[-3,5.4,-8.5],"size":[6,6,6],"uv":{"north":{"uv":[0,12],"uv_size":[6,6]},"east":{"uv":[17,0],"uv_size":[6,6]},"south":{"uv":[17,7],"uv_size":[6,6]},"west":{"uv":[17,14],"uv_size":[6,6]},"up":{"uv":[0,19],"uv_size":[6,6]},"down":{"uv":[17,27],"uv_size":[6,-6]}}},{"origin":[-3.05,8.94431,-8.73865],"size":[0,1,1],"pivot":[-2.0505,9.24431,-8.28765],"rotation":[-22.5,0,0],"uv":{"north":{"uv":[35,59],"uv_size":[0,1]},"east":{"uv":[4,58],"uv_size":[1,1]},"south":{"uv":[36,59],"uv_size":[0,1]},"west":{"uv":[6,58],"uv_size":[1,1]},"up":{"uv":[59,38],"uv_size":[0,1]},"down":{"uv":[39,60],"uv_size":[0,-1]}}},{"origin":[-3.025,7.4,-8.575],"size":[0,1.8,0.5],"uv":{"north":{"uv":[31,59],"uv_size":[0,2]},"east":{"uv":[55,56],"uv_size":[1,2]},"south":{"uv":[32,59],"uv_size":[0,2]},"west":{"uv":[57,4],"uv_size":[1,2]},"up":{"uv":[33,59],"uv_size":[0,1]},"down":{"uv":[34,60],"uv_size":[0,-1]}}},{"origin":[-3.025,7.4,-8.575],"size":[1.8,1.8,0],"uv":{"north":{"uv":[29,48],"uv_size":[2,2]},"east":{"uv":[24,59],"uv_size":[0,2]},"south":{"uv":[49,54],"uv_size":[2,2]},"west":{"uv":[25,59],"uv_size":[0,2]},"up":{"uv":[59,22],"uv_size":[2,0]},"down":{"uv":[26,59],"uv_size":[2,0]}}},{"origin":[-2.375,7.525,-8.6],"size":[1,1.3,0],"uv":{"north":{"uv":[49,57],"uv_size":[1,1]},"east":{"uv":[59,20],"uv_size":[0,1]},"south":{"uv":[57,56],"uv_size":[1,1]},"west":{"uv":[21,59],"uv_size":[0,1]},"up":{"uv":[58,55],"uv_size":[1,0]},"down":{"uv":[22,59],"uv_size":[1,0]}}},{"origin":[-1.675,8.525,-8.625],"size":[0.4,0.4,0],"uv":{"north":{"uv":[45,57],"uv_size":[1,1]},"east":{"uv":[19,59],"uv_size":[0,1]},"south":{"uv":[47,57],"uv_size":[1,1]},"west":{"uv":[20,59],"uv_size":[0,1]},"up":{"uv":[9,46],"uv_size":[1,0]},"down":{"uv":[56,44],"uv_size":[1,0]}}},{"origin":[3.025,7.4,-8.575],"size":[0,1.8,0.5],"uv":{"north":{"uv":[59,4],"uv_size":[0,2]},"east":{"uv":[32,43],"uv_size":[1,2]},"south":{"uv":[16,59],"uv_size":[0,2]},"west":{"uv":[56,53],"uv_size":[1,2]},"up":{"uv":[17,59],"uv_size":[0,1]},"down":{"uv":[18,60],"uv_size":[0,-1]}}},{"origin":[-1.126,8.94431,-8.73765],"size":[0,1,1],"pivot":[-2.0505,9.24431,-8.28765],"rotation":[-22.5,0,0],"uv":{"north":{"uv":[0,59],"uv_size":[0,1]},"east":{"uv":[57,42],"uv_size":[1,1]},"south":{"uv":[1,59],"uv_size":[0,1]},"west":{"uv":[43,57],"uv_size":[1,1]},"up":{"uv":[2,59],"uv_size":[0,1]},"down":{"uv":[3,60],"uv_size":[0,-1]}}},{"origin":[-3.05,8.94431,-8.73765],"size":[1.925,1,0],"pivot":[-2.0505,9.24431,-8.28765],"rotation":[-22.5,0,0],"uv":{"north":{"uv":[20,55],"uv_size":[2,1]},"east":{"uv":[57,58],"uv_size":[0,1]},"south":{"uv":[52,56],"uv_size":[2,1]},"west":{"uv":[58,58],"uv_size":[0,1]},"up":{"uv":[58,37],"uv_size":[2,0]},"down":{"uv":[58,48],"uv_size":[2,0]}}},{"origin":[1.126,8.94431,-8.73765],"size":[0,1,1],"pivot":[2.0505,9.24431,-8.28765],"rotation":[-22.5,0,0],"uv":{"north":{"uv":[52,58],"uv_size":[0,1]},"east":{"uv":[57,40],"uv_size":[1,1]},"south":{"uv":[53,58],"uv_size":[0,1]},"west":{"uv":[41,57],"uv_size":[1,1]},"up":{"uv":[58,53],"uv_size":[0,1]},"down":{"uv":[54,59],"uv_size":[0,-1]}}},{"origin":[3.05,8.94431,-8.73865],"size":[0,1,1],"pivot":[2.0505,9.24431,-8.28765],"rotation":[-22.5,0,0],"uv":{"north":{"uv":[49,26],"uv_size":[0,1]},"east":{"uv":[35,57],"uv_size":[1,1]},"south":{"uv":[53,24],"uv_size":[0,1]},"west":{"uv":[57,38],"uv_size":[1,1]},"up":{"uv":[22,57],"uv_size":[0,1]},"down":{"uv":[51,58],"uv_size":[0,-1]}}},{"origin":[1.125,8.94431,-8.73765],"size":[1.925,1,0],"pivot":[2.0505,9.24431,-8.28765],"rotation":[-22.5,0,0],"uv":{"north":{"uv":[44,48],"uv_size":[2,1]},"east":{"uv":[4,48],"uv_size":[0,1]},"south":{"uv":[41,52],"uv_size":[2,1]},"west":{"uv":[49,8],"uv_size":[0,1]},"up":{"uv":[12,54],"uv_size":[2,0]},"down":{"uv":[58,15],"uv_size":[2,0]}}},{"origin":[1.375,7.525,-8.6],"size":[1,1.3,0],"uv":{"north":{"uv":[31,57],"uv_size":[1,1]},"east":{"uv":[19,41],"uv_size":[0,1]},"south":{"uv":[33,57],"uv_size":[1,1]},"west":{"uv":[46,38],"uv_size":[0,1]},"up":{"uv":[4,39],"uv_size":[1,0]},"down":{"uv":[11,40],"uv_size":[1,0]}}},{"origin":[1.225,7.4,-8.575],"size":[1.8,1.8,0],"uv":{"north":{"uv":[14,22],"uv_size":[2,2]},"east":{"uv":[13,38],"uv_size":[0,2]},"south":{"uv":[14,25],"uv_size":[2,2]},"west":{"uv":[41,36],"uv_size":[0,2]},"up":{"uv":[21,47],"uv_size":[2,0]},"down":{"uv":[53,44],"uv_size":[2,0]}}},{"origin":[2.075,8.525,-8.625],"size":[0.4,0.4,0],"uv":{"north":{"uv":[5,44],"uv_size":[1,1]},"east":{"uv":[6,33],"uv_size":[0,1]},"south":{"uv":[40,46],"uv_size":[1,1]},"west":{"uv":[13,36],"uv_size":[0,1]},"up":{"uv":[0,39],"uv_size":[1,0]},"down":{"uv":[2,39],"uv_size":[1,0]}}},{"origin":[-0.02975,4.1307,-8.7],"size":[6,3,0],"pivot":[3.10111,6.22826,-8.8],"rotation":[0,0,22.5],"uv":{"north":{"uv":[20,35],"uv_size":[6,3]},"east":{"uv":[40,59],"uv_size":[0,3]},"south":{"uv":[27,35],"uv_size":[6,3]},"west":{"uv":[59,40],"uv_size":[0,3]},"up":{"uv":[41,59],"uv_size":[6,0]},"down":{"uv":[59,49],"uv_size":[6,0]}}},{"origin":[0.52723,5.41502,-8.9],"size":[6,3,0],"uv":{"north":{"uv":[35,28],"uv_size":[6,3]},"east":{"uv":[48,59],"uv_size":[0,3]},"south":{"uv":[35,32],"uv_size":[6,3]},"west":{"uv":[49,59],"uv_size":[0,3]},"up":{"uv":[59,50],"uv_size":[6,0]},"down":{"uv":[59,51],"uv_size":[6,0]}}},{"origin":[-6.52723,5.41502,-8.9],"size":[6,3,0],"uv":{"north":{"uv":[6,36],"uv_size":[6,3]},"east":{"uv":[50,59],"uv_size":[0,3]},"south":{"uv":[34,36],"uv_size":[6,3]},"west":{"uv":[51,59],"uv_size":[0,3]},"up":{"uv":[59,52],"uv_size":[6,0]},"down":{"uv":[59,53],"uv_size":[6,0]}}},{"origin":[-5.97025,4.1307,-8.7],"size":[6,3,0],"pivot":[-3.10111,6.22826,-8.8],"rotation":[0,0,-22.5],"uv":{"north":{"uv":[38,0],"uv_size":[6,3]},"east":{"uv":[55,59],"uv_size":[0,3]},"south":{"uv":[38,4],"uv_size":[6,3]},"west":{"uv":[56,59],"uv_size":[0,3]},"up":{"uv":[59,54],"uv_size":[6,0]},"down":{"uv":[59,56],"uv_size":[6,0]}}},{"origin":[-1.5,5.9,-9.5],"size":[3,2,1],"uv":{"north":{"uv":[15,52],"uv_size":[3,2]},"east":{"uv":[8,57],"uv_size":[1,2]},"south":{"uv":[19,52],"uv_size":[3,2]},"west":{"uv":[10,57],"uv_size":[1,2]},"up":{"uv":[54,36],"uv_size":[3,1]},"down":{"uv":[16,56],"uv_size":[3,-1]}}},{"origin":[-0.5,7.15,-9.575],"size":[1,0.8,0],"uv":{"north":{"uv":[58,7],"uv_size":[1,1]},"east":{"uv":[59,57],"uv_size":[0,1]},"south":{"uv":[58,9],"uv_size":[1,1]},"west":{"uv":[59,59],"uv_size":[0,1]},"up":{"uv":[60,0],"uv_size":[1,0]},"down":{"uv":[60,1],"uv_size":[1,0]}}},{"origin":[-0.5,7.949,-9.575],"size":[1,0,0.6],"uv":{"north":{"uv":[60,2],"uv_size":[1,0]},"east":{"uv":[60,3],"uv_size":[1,0]},"south":{"uv":[4,60],"uv_size":[1,0]},"west":{"uv":[60,4],"uv_size":[1,0]},"up":{"uv":[58,11],"uv_size":[1,1]},"down":{"uv":[12,59],"uv_size":[1,-1]}}}]},{"name":"h_ears","parent":"h_head","pivot":[0.02797,10.73835,-6.36348],"rotation":[16.92154,-1.95155,0],"cubes":[{"origin":[-0.08464,9.18266,-6.55853],"size":[6,6,0.075],"pivot":[3.5323,12.6246,-6.413],"rotation":[0,0,22.5],"uv":{"north":{"uv":[7,22],"uv_size":[6,6]},"east":{"uv":[37,51],"uv_size":[1,6]},"south":{"uv":[24,0],"uv_size":[6,6]},"west":{"uv":[51,38],"uv_size":[1,6]},"up":{"uv":[50,16],"uv_size":[6,1]},"down":{"uv":[51,46],"uv_size":[6,-1]}}},{"origin":[-5.91536,9.18266,-6.55853],"size":[6,6,0.075],"pivot":[-3.5323,12.6246,-6.413],"rotation":[0,0,-22.5],"uv":{"north":{"uv":[24,7],"uv_size":[6,6]},"east":{"uv":[0,52],"uv_size":[1,6]},"south":{"uv":[24,14],"uv_size":[6,6]},"west":{"uv":[2,52],"uv_size":[1,6]},"up":{"uv":[51,47],"uv_size":[6,1]},"down":{"uv":[8,53],"uv_size":[6,-1]}}}]},{"name":"h_head_eyes_closed","parent":"body","pivot":[0,8.15,-4.25],"cubes":[{"origin":[-3,5.4,-8.5],"size":[6,6,6],"uv":{"north":{"uv":[24,21],"uv_size":[6,6]},"east":{"uv":[0,26],"uv_size":[6,6]},"south":{"uv":[14,28],"uv_size":[6,6]},"west":{"uv":[21,28],"uv_size":[6,6]},"up":{"uv":[28,28],"uv_size":[6,6]},"down":{"uv":[7,35],"uv_size":[6,-6]}}},{"origin":[-3.05,7.64431,-8.73865],"size":[0,1,1],"uv":{"north":{"uv":[60,25],"uv_size":[0,1]},"east":{"uv":[58,31],"uv_size":[1,1]},"south":{"uv":[26,60],"uv_size":[0,1]},"west":{"uv":[58,33],"uv_size":[1,1]},"up":{"uv":[27,60],"uv_size":[0,1]},"down":{"uv":[60,28],"uv_size":[0,-1]}}},{"origin":[-1.126,7.64431,-8.73765],"size":[0,1,1],"uv":{"north":{"uv":[60,19],"uv_size":[0,1]},"east":{"uv":[58,27],"uv_size":[1,1]},"south":{"uv":[22,60],"uv_size":[0,1]},"west":{"uv":[58,29],"uv_size":[1,1]},"up":{"uv":[23,60],"uv_size":[0,1]},"down":{"uv":[60,24],"uv_size":[0,-1]}}},{"origin":[-3.05,7.64431,-8.73765],"size":[1.925,1,0],"uv":{"north":{"uv":[57,18],"uv_size":[2,1]},"east":{"uv":[15,60],"uv_size":[0,1]},"south":{"uv":[59,18],"uv_size":[-2,1]},"west":{"uv":[60,16],"uv_size":[0,1]},"up":{"uv":[60,14],"uv_size":[2,0]},"down":{"uv":[60,18],"uv_size":[2,0]}}},{"origin":[1.126,7.64431,-8.73765],"size":[0,1,1],"uv":{"north":{"uv":[12,60],"uv_size":[0,1]},"east":{"uv":[58,23],"uv_size":[1,1]},"south":{"uv":[60,12],"uv_size":[0,1]},"west":{"uv":[58,25],"uv_size":[1,1]},"up":{"uv":[13,60],"uv_size":[0,1]},"down":{"uv":[14,61],"uv_size":[0,-1]}}},{"origin":[3.05,7.64431,-8.73865],"size":[0,1,1],"uv":{"north":{"uv":[60,8],"uv_size":[0,1]},"east":{"uv":[58,13],"uv_size":[1,1]},"south":{"uv":[10,60],"uv_size":[0,1]},"west":{"uv":[14,58],"uv_size":[1,1]},"up":{"uv":[60,10],"uv_size":[0,1]},"down":{"uv":[11,61],"uv_size":[0,-1]}}},{"origin":[1.125,7.64431,-8.73765],"size":[1.925,1,0],"uv":{"north":{"uv":[16,57],"uv_size":[2,1]},"east":{"uv":[60,5],"uv_size":[0,1]},"south":{"uv":[18,57],"uv_size":[-2,1]},"west":{"uv":[6,60],"uv_size":[0,1]},"up":{"uv":[7,60],"uv_size":[2,0]},"down":{"uv":[60,7],"uv_size":[2,0]}}},{"origin":[-0.02975,4.1307,-8.7],"size":[6,3,0],"pivot":[3.10111,6.22826,-8.8],"rotation":[0,0,22.5],"uv":{"north":{"uv":[38,8],"uv_size":[6,3]},"east":{"uv":[28,60],"uv_size":[0,3]},"south":{"uv":[38,12],"uv_size":[6,3]},"west":{"uv":[29,60],"uv_size":[0,3]},"up":{"uv":[60,21],"uv_size":[6,0]},"down":{"uv":[60,29],"uv_size":[6,0]}}},{"origin":[0.52723,5.41502,-8.9],"size":[6,3,0],"uv":{"north":{"uv":[38,16],"uv_size":[6,3]},"east":{"uv":[30,60],"uv_size":[0,3]},"south":{"uv":[38,20],"uv_size":[6,3]},"west":{"uv":[60,30],"uv_size":[0,3]},"up":{"uv":[60,34],"uv_size":[6,0]},"down":{"uv":[60,35],"uv_size":[6,0]}}},{"origin":[-6.52723,5.41502,-8.9],"size":[6,3,0],"uv":{"north":{"uv":[38,24],"uv_size":[6,3]},"east":{"uv":[37,60],"uv_size":[0,3]},"south":{"uv":[20,39],"uv_size":[6,3]},"west":{"uv":[38,60],"uv_size":[0,3]},"up":{"uv":[60,36],"uv_size":[6,0]},"down":{"uv":[60,38],"uv_size":[6,0]}}},{"origin":[-5.97025,4.1307,-8.7],"size":[6,3,0],"pivot":[-3.10111,6.22826,-8.8],"rotation":[0,0,-22.5],"uv":{"north":{"uv":[27,39],"uv_size":[6,3]},"east":{"uv":[60,39],"uv_size":[0,3]},"south":{"uv":[0,40],"uv_size":[6,3]},"west":{"uv":[41,60],"uv_size":[0,3]},"up":{"uv":[60,43],"uv_size":[6,0]},"down":{"uv":[60,44],"uv_size":[6,0]}}},{"origin":[-1.5,5.9,-9.5],"size":[3,2,1],"uv":{"north":{"uv":[53,4],"uv_size":[3,2]},"east":{"uv":[57,20],"uv_size":[1,2]},"south":{"uv":[53,18],"uv_size":[3,2]},"west":{"uv":[29,57],"uv_size":[1,2]},"up":{"uv":[29,55],"uv_size":[3,1]},"down":{"uv":[33,56],"uv_size":[3,-1]}}},{"origin":[-0.5,7.15,-9.575],"size":[1,0.8,0],"uv":{"north":{"uv":[58,35],"uv_size":[1,1]},"east":{"uv":[42,60],"uv_size":[0,1]},"south":{"uv":[37,58],"uv_size":[1,1]},"west":{"uv":[43,60],"uv_size":[0,1]},"up":{"uv":[44,60],"uv_size":[1,0]},"down":{"uv":[60,45],"uv_size":[1,0]}}},{"origin":[-0.5,7.949,-9.575],"size":[1,0,0.6],"uv":{"north":{"uv":[46,60],"uv_size":[1,0]},"east":{"uv":[60,46],"uv_size":[1,0]},"south":{"uv":[60,47],"uv_size":[1,0]},"west":{"uv":[52,60],"uv_size":[1,0]},"up":{"uv":[58,44],"uv_size":[1,1]},"down":{"uv":[58,47],"uv_size":[1,-1]}}}]},{"name":"h_ears2","parent":"h_head_eyes_closed","pivot":[0.02797,10.73835,-6.36348],"rotation":[16.92154,-1.95155,0],"cubes":[{"origin":[-0.08464,9.18266,-6.55853],"size":[6,6,0.075],"pivot":[3.5323,12.6246,-6.413],"rotation":[0,0,22.5],"uv":{"north":{"uv":[31,0],"uv_size":[6,6]},"east":{"uv":[23,52],"uv_size":[1,6]},"south":{"uv":[31,7],"uv_size":[6,6]},"west":{"uv":[25,52],"uv_size":[1,6]},"up":{"uv":[52,49],"uv_size":[6,1]},"down":{"uv":[52,52],"uv_size":[6,-1]}}},{"origin":[-5.91536,9.18266,-6.55853],"size":[6,6,0.075],"pivot":[-3.5323,12.6246,-6.413],"rotation":[0,0,-22.5],"uv":{"north":{"uv":[31,14],"uv_size":[6,6]},"east":{"uv":[27,52],"uv_size":[1,6]},"south":{"uv":[31,21],"uv_size":[6,6]},"west":{"uv":[39,52],"uv_size":[1,6]},"up":{"uv":[53,0],"uv_size":[6,1]},"down":{"uv":[53,3],"uv_size":[6,-1]}}}]},{"name":"front_leg_left","parent":"body","pivot":[2.3,3.9,-3],"rotation":[-9.77519,5.42936,2.4731],"cubes":[{"origin":[1.1,1.25209,-4.20456],"size":[3,4,3],"inflate":-0.15,"uv":{"north":{"uv":[5,46],"uv_size":[3,4]},"east":{"uv":[46,28],"uv_size":[3,4]},"south":{"uv":[32,46],"uv_size":[3,4]},"west":{"uv":[46,33],"uv_size":[3,4]},"up":{"uv":[49,0],"uv_size":[3,3]},"down":{"uv":[49,7],"uv_size":[3,-3]}}}]},{"name":"front_foot_left","parent":"front_leg_left","pivot":[2.6,1.6,-2.9],"rotation":[9.99067,0.43399,-2.46207],"cubes":[{"origin":[1.1,-0.08937,-4.22155],"size":[3,2,3],"uv":{"north":{"uv":[53,21],"uv_size":[3,2]},"east":{"uv":[53,38],"uv_size":[3,2]},"south":{"uv":[53,41],"uv_size":[3,2]},"west":{"uv":[52,53],"uv_size":[3,2]},"up":{"uv":[25,48],"uv_size":[3,3]},"down":{"uv":[40,51],"uv_size":[3,-3]}}}]},{"name":"front_leg_right","parent":"body","pivot":[-2.3,3.9,-3],"rotation":[-9.77519,-5.42936,-2.4731],"cubes":[{"origin":[-4.1,1.25209,-4.20456],"size":[3,4,3],"inflate":-0.15,"uv":{"north":{"uv":[36,46],"uv_size":[3,4]},"east":{"uv":[9,47],"uv_size":[3,4]},"south":{"uv":[13,47],"uv_size":[3,4]},"west":{"uv":[17,47],"uv_size":[3,4]},"up":{"uv":[50,8],"uv_size":[3,3]},"down":{"uv":[50,15],"uv_size":[3,-3]}}}]},{"name":"front_foot_right","parent":"front_leg_right","pivot":[-2.6,1.6,-2.9],"rotation":[9.99067,-0.43399,2.46207],"cubes":[{"origin":[-4.1,-0.08937,-4.22155],"size":[3,2,3],"uv":{"north":{"uv":[54,7],"uv_size":[3,2]},"east":{"uv":[8,54],"uv_size":[3,2]},"south":{"uv":[54,10],"uv_size":[3,2]},"west":{"uv":[54,13],"uv_size":[3,2]},"up":{"uv":[49,18],"uv_size":[3,3]},"down":{"uv":[49,25],"uv_size":[3,-3]}}}]},{"name":"back_leg_left","parent":"body","pivot":[2.1,5.3,2.6],"rotation":[10,0,0],"cubes":[{"origin":[0.9,1.25209,1.30456],"size":[3,5,3],"inflate":-0.15,"uv":{"north":{"uv":[7,12],"uv_size":[3,5]},"east":{"uv":[7,40],"uv_size":[3,5]},"south":{"uv":[34,40],"uv_size":[3,5]},"west":{"uv":[38,40],"uv_size":[3,5]},"up":{"uv":[50,34],"uv_size":[3,3]},"down":{"uv":[44,53],"uv_size":[3,-3]}}}]},{"name":"back_foot_left","parent":"back_leg_left","pivot":[2.4,1.5155,3.10853],"rotation":[-10,0,0],"cubes":[{"origin":[0.9,-0.10946,1.30853],"size":[3,2,3],"uv":{"north":{"uv":[54,24],"uv_size":[3,2]},"east":{"uv":[54,27],"uv_size":[3,2]},"south":{"uv":[54,30],"uv_size":[3,2]},"west":{"uv":[54,33],"uv_size":[3,2]},"up":{"uv":[50,26],"uv_size":[3,3]},"down":{"uv":[50,33],"uv_size":[3,-3]}}}]},{"name":"back_leg_right","parent":"body","pivot":[-2.1,5.3,2.6],"rotation":[10,0,0],"cubes":[{"origin":[-3.9,1.25209,1.30456],"size":[3,5,3],"inflate":-0.15,"uv":{"north":{"uv":[10,12],"uv_size":[-3,5]},"east":{"uv":[41,40],"uv_size":[-3,5]},"south":{"uv":[37,40],"uv_size":[-3,5]},"west":{"uv":[10,40],"uv_size":[-3,5]},"up":{"uv":[53,34],"uv_size":[-3,3]},"down":{"uv":[47,53],"uv_size":[-3,-3]}}}]},{"name":"back_foot_right","parent":"back_leg_right","pivot":[-2.4,1.5155,3.10853],"rotation":[-10,0,0],"cubes":[{"origin":[-3.9,-0.10946,1.30853],"size":[3,2,3],"uv":{"north":{"uv":[57,24],"uv_size":[-3,2]},"east":{"uv":[57,33],"uv_size":[-3,2]},"south":{"uv":[57,30],"uv_size":[-3,2]},"west":{"uv":[57,27],"uv_size":[-3,2]},"up":{"uv":[53,26],"uv_size":[-3,3]},"down":{"uv":[53,33],"uv_size":[-3,-3]}}}]}]}]}
