{"format_version":"1.12.0","minecraft:geometry":[{"description":{"identifier":"geometry.siamese_cat","texture_width":64,"texture_height":64,"visible_bounds_width":3,"visible_bounds_height":2.5,"visible_bounds_offset":[0,0.75,0]},"bones":[{"name":"hitbox","pivot":[0,11,-5],"cubes":[{"origin":[-6.5,0,-6.5],"size":[13,14,13],"uv":{}}]},{"name":"body","pivot":[0,6.2021,-1.08288],"cubes":[{"origin":[-2.5,3.2,-5.5],"size":[5,5,10],"uv":{"north":{"uv":[24,21],"uv_size":[5,5]},"east":{"uv":[0,0],"uv_size":[10,5]},"south":{"uv":[0,26],"uv_size":[5,5]},"west":{"uv":[0,6],"uv_size":[10,5]},"up":{"uv":[11,0],"uv_size":[5,10]},"down":{"uv":[11,21],"uv_size":[5,-10]}}}]},{"name":"tag_name","parent":"body","pivot":[0,14.2021,-1.08288]},{"name":"CONTROL_tail","parent":"body","pivot":[0,6.2021,-1.08288]},{"name":"tail","parent":"CONTROL_tail","pivot":[0,6.2,4.3],"rotation":[45.5,0,0],"cubes":[{"origin":[-1.5,4.56352,2.82491],"size":[3,3,6],"inflate":-0.15,"uv":{"north":{"uv":[38,0],"uv_size":[3,3]},"east":{"uv":[24,27],"uv_size":[6,3]},"south":{"uv":[36,41],"uv_size":[3,3]},"west":{"uv":[14,28],"uv_size":[6,3]},"up":{"uv":[7,12],"uv_size":[3,6]},"down":{"uv":[6,35],"uv_size":[3,-6]}}}]},{"name":"tail_half","parent":"tail","pivot":[0,6.10926,8.68366],"rotation":[47.5,0,0],"cubes":[{"origin":[-1.5,4.60926,7.68366],"size":[3,3,6],"uv":{"north":{"uv":[40,41],"uv_size":[3,3]},"east":{"uv":[30,21],"uv_size":[6,3]},"south":{"uv":[0,42],"uv_size":[3,3]},"west":{"uv":[31,0],"uv_size":[6,3]},"up":{"uv":[10,29],"uv_size":[3,6]},"down":{"uv":[31,10],"uv_size":[3,-6]}}}]},{"name":"tail_end","parent":"tail_half","pivot":[0,6.10926,13.68366],"rotation":[62.5223,0,0],"cubes":[{"origin":[-1.5,4.60926,12.68366],"size":[3,3,5],"inflate":0.1,"uv":{"north":{"uv":[42,0],"uv_size":[3,3]},"east":{"uv":[0,32],"uv_size":[5,3]},"south":{"uv":[4,42],"uv_size":[3,3]},"west":{"uv":[28,35],"uv_size":[5,3]},"up":{"uv":[35,29],"uv_size":[3,5]},"down":{"uv":[34,40],"uv_size":[3,-5]}}}]},{"name":"h_head","parent":"body","pivot":[0,8.15,-4.25],"cubes":[{"origin":[-3,5.9,-8.5],"size":[6,6,6],"uv":{"north":{"uv":[0,12],"uv_size":[6,6]},"east":{"uv":[17,0],"uv_size":[6,6]},"south":{"uv":[17,7],"uv_size":[6,6]},"west":{"uv":[17,14],"uv_size":[6,6]},"up":{"uv":[0,19],"uv_size":[6,6]},"down":{"uv":[17,27],"uv_size":[6,-6]}}},{"origin":[-1.126,9.44431,-8.83765],"size":[0,1,1],"pivot":[-2.0505,9.74431,-8.28765],"rotation":[-22.5,0,0],"uv":{"north":{"uv":[50,32],"uv_size":[0,1]},"east":{"uv":[10,49],"uv_size":[1,1]},"south":{"uv":[50,34],"uv_size":[0,1]},"west":{"uv":[11,49],"uv_size":[-1,1]},"up":{"uv":[50,39],"uv_size":[0,1]},"down":{"uv":[40,51],"uv_size":[0,-1]}}},{"origin":[-3.05,9.44431,-8.83865],"size":[0,1,1],"pivot":[-2.0505,9.74431,-8.28765],"rotation":[-22.5,0,0],"uv":{"north":{"uv":[10,51],"uv_size":[0,1]},"east":{"uv":[49,19],"uv_size":[1,1]},"south":{"uv":[11,51],"uv_size":[0,1]},"west":{"uv":[50,19],"uv_size":[-1,1]},"up":{"uv":[51,11],"uv_size":[0,1]},"down":{"uv":[12,52],"uv_size":[0,-1]}}},{"origin":[-3.05,9.44431,-8.83765],"size":[1.925,1,0],"pivot":[-2.0505,9.74431,-8.28765],"rotation":[-22.5,0,0],"uv":{"north":{"uv":[44,16],"uv_size":[-2,1]},"east":{"uv":[35,49],"uv_size":[0,1]},"south":{"uv":[42,16],"uv_size":[2,1]},"west":{"uv":[18,49],"uv_size":[0,1]},"up":{"uv":[52,7],"uv_size":[-2,0]},"down":{"uv":[52,8],"uv_size":[-2,0]}}},{"origin":[3.05,9.44431,-8.83865],"size":[0,1,1],"pivot":[2.0505,9.74431,-8.28765],"rotation":[-22.5,0,0],"uv":{"north":{"uv":[10,51],"uv_size":[0,1]},"east":{"uv":[49,19],"uv_size":[1,1]},"south":{"uv":[11,51],"uv_size":[0,1]},"west":{"uv":[50,19],"uv_size":[-1,1]},"up":{"uv":[51,11],"uv_size":[0,1]},"down":{"uv":[12,52],"uv_size":[0,-1]}}},{"origin":[1.126,9.44431,-8.83765],"size":[0,1,1],"pivot":[2.0505,9.74431,-8.28765],"rotation":[-22.5,0,0],"uv":{"north":{"uv":[50,32],"uv_size":[0,1]},"east":{"uv":[10,49],"uv_size":[1,1]},"south":{"uv":[50,34],"uv_size":[0,1]},"west":{"uv":[11,49],"uv_size":[-1,1]},"up":{"uv":[50,39],"uv_size":[0,1]},"down":{"uv":[40,51],"uv_size":[0,-1]}}},{"origin":[1.125,9.44431,-8.83765],"size":[1.925,1,0],"pivot":[2.0505,9.74431,-8.28765],"rotation":[-22.5,0,0],"uv":{"north":{"uv":[42,16],"uv_size":[2,1]},"east":{"uv":[18,49],"uv_size":[0,1]},"south":{"uv":[44,16],"uv_size":[-2,1]},"west":{"uv":[35,49],"uv_size":[0,1]},"up":{"uv":[50,7],"uv_size":[2,0]},"down":{"uv":[50,8],"uv_size":[2,0]}}},{"origin":[-3.025,7.9,-8.575],"size":[0,1.8,0.5],"uv":{"north":{"uv":[7,51],"uv_size":[0,2]},"east":{"uv":[29,48],"uv_size":[1,2]},"south":{"uv":[8,51],"uv_size":[0,2]},"west":{"uv":[48,39],"uv_size":[1,2]},"up":{"uv":[9,51],"uv_size":[0,1]},"down":{"uv":[51,10],"uv_size":[0,-1]}}},{"origin":[-3.025,7.9,-8.575],"size":[1.8,1.8,0],"uv":{"north":{"uv":[21,28],"uv_size":[2,2]},"east":{"uv":[50,49],"uv_size":[0,2]},"south":{"uv":[35,8],"uv_size":[2,2]},"west":{"uv":[0,51],"uv_size":[0,2]},"up":{"uv":[1,51],"uv_size":[2,0]},"down":{"uv":[4,51],"uv_size":[2,0]}}},{"origin":[-2.375,8.025,-8.6],"size":[1,1.3,0],"uv":{"north":{"uv":[16,49],"uv_size":[1,1]},"east":{"uv":[50,46],"uv_size":[0,1]},"south":{"uv":[49,17],"uv_size":[1,1]},"west":{"uv":[47,50],"uv_size":[0,1]},"up":{"uv":[48,50],"uv_size":[1,0]},"down":{"uv":[50,48],"uv_size":[1,0]}}},{"origin":[-1.675,9.025,-8.625],"size":[0.4,0.4,0],"uv":{"north":{"uv":[14,49],"uv_size":[1,1]},"east":{"uv":[44,50],"uv_size":[0,1]},"south":{"uv":[49,15],"uv_size":[1,1]},"west":{"uv":[50,44],"uv_size":[0,1]},"up":{"uv":[50,36],"uv_size":[1,0]},"down":{"uv":[45,50],"uv_size":[1,0]}}},{"origin":[3.025,7.9,-8.575],"size":[0,1.8,0.5],"uv":{"north":{"uv":[41,50],"uv_size":[0,2]},"east":{"uv":[4,48],"uv_size":[1,2]},"south":{"uv":[50,41],"uv_size":[0,2]},"west":{"uv":[27,48],"uv_size":[1,2]},"up":{"uv":[42,50],"uv_size":[0,1]},"down":{"uv":[43,51],"uv_size":[0,-1]}}},{"origin":[1.375,8.025,-8.6],"size":[1,1.3,0],"uv":{"north":{"uv":[42,39],"uv_size":[1,1]},"east":{"uv":[19,46],"uv_size":[0,1]},"south":{"uv":[48,48],"uv_size":[1,1]},"west":{"uv":[43,48],"uv_size":[0,1]},"up":{"uv":[49,23],"uv_size":[1,0]},"down":{"uv":[50,6],"uv_size":[1,0]}}},{"origin":[1.225,7.9,-8.575],"size":[1.8,1.8,0],"uv":{"north":{"uv":[14,22],"uv_size":[2,2]},"east":{"uv":[20,36],"uv_size":[0,2]},"south":{"uv":[14,25],"uv_size":[2,2]},"west":{"uv":[38,25],"uv_size":[0,2]},"up":{"uv":[43,34],"uv_size":[2,0]},"down":{"uv":[46,15],"uv_size":[2,0]}}},{"origin":[2.075,9.025,-8.625],"size":[0.4,0.4,0],"uv":{"north":{"uv":[35,19],"uv_size":[1,1]},"east":{"uv":[6,26],"uv_size":[0,1]},"south":{"uv":[32,39],"uv_size":[1,1]},"west":{"uv":[30,25],"uv_size":[0,1]},"up":{"uv":[41,24],"uv_size":[1,0]},"down":{"uv":[42,18],"uv_size":[1,0]}}},{"origin":[0.52723,5.71502,-8.9],"size":[6,3,0],"uv":{"north":{"uv":[34,31],"uv_size":[-6,3]},"east":{"uv":[35,51],"uv_size":[0,3]},"south":{"uv":[20,32],"uv_size":[-6,3]},"west":{"uv":[51,30],"uv_size":[0,3]},"up":{"uv":[57,34],"uv_size":[-6,0]},"down":{"uv":[57,35],"uv_size":[-6,0]}}},{"origin":[0.39895,4.11738,-8.7],"size":[6,3,0],"pivot":[3.34895,6.79374,-8.8],"rotation":[0,0,45],"uv":{"north":{"uv":[41,4],"uv_size":[-6,3]},"east":{"uv":[51,41],"uv_size":[0,3]},"south":{"uv":[27,35],"uv_size":[-6,3]},"west":{"uv":[51,37],"uv_size":[0,3]},"up":{"uv":[57,45],"uv_size":[-6,0]},"down":{"uv":[57,46],"uv_size":[-6,0]}}},{"origin":[-6.39895,4.11738,-8.7],"size":[6,3,0],"pivot":[-3.34895,6.79374,-8.8],"rotation":[0,0,-45],"uv":{"north":{"uv":[35,4],"uv_size":[6,3]},"east":{"uv":[51,37],"uv_size":[0,3]},"south":{"uv":[21,35],"uv_size":[6,3]},"west":{"uv":[51,41],"uv_size":[0,3]},"up":{"uv":[51,45],"uv_size":[6,0]},"down":{"uv":[51,46],"uv_size":[6,0]}}},{"origin":[-6.52723,5.71502,-8.9],"size":[6,3,0],"uv":{"north":{"uv":[28,31],"uv_size":[6,3]},"east":{"uv":[51,30],"uv_size":[0,3]},"south":{"uv":[14,32],"uv_size":[6,3]},"west":{"uv":[35,51],"uv_size":[0,3]},"up":{"uv":[51,34],"uv_size":[6,0]},"down":{"uv":[51,35],"uv_size":[6,0]}}},{"origin":[-1.5,6.4,-9.5],"size":[3,2,1],"uv":{"north":{"uv":[7,19],"uv_size":[3,2]},"east":{"uv":[48,42],"uv_size":[1,2]},"south":{"uv":[40,45],"uv_size":[3,2]},"west":{"uv":[48,45],"uv_size":[1,2]},"up":{"uv":[31,19],"uv_size":[3,1]},"down":{"uv":[31,30],"uv_size":[3,-1]}}},{"origin":[-0.5,7.65,-9.575],"size":[1,0.8,0],"uv":{"north":{"uv":[49,37],"uv_size":[1,1]},"east":{"uv":[48,51],"uv_size":[0,1]},"south":{"uv":[50,37],"uv_size":[-1,1]},"west":{"uv":[49,51],"uv_size":[0,1]},"up":{"uv":[51,50],"uv_size":[1,0]},"down":{"uv":[51,51],"uv_size":[1,0]}}},{"origin":[-0.5,8.449,-9.575],"size":[1,0,0.6],"uv":{"north":{"uv":[52,0],"uv_size":[1,0]},"east":{"uv":[1,52],"uv_size":[1,0]},"south":{"uv":[52,1],"uv_size":[1,0]},"west":{"uv":[52,2],"uv_size":[1,0]},"up":{"uv":[50,2],"uv_size":[1,1]},"down":{"uv":[50,3],"uv_size":[1,-1]}}}]},{"name":"h_ears","parent":"h_head","pivot":[0.02797,10.73835,-6.36348],"rotation":[16.92154,-1.95155,0],"cubes":[{"origin":[-0.2677,9.6246,-6.413],"size":[6,6,0.075],"pivot":[3.5323,12.6246,-6.413],"rotation":[0,0,22.5],"uv":{"north":{"uv":[7,22],"uv_size":[6,6]},"east":{"uv":[36,45],"uv_size":[1,6]},"south":{"uv":[24,0],"uv_size":[6,6]},"west":{"uv":[38,45],"uv_size":[1,6]},"up":{"uv":[43,32],"uv_size":[6,1]},"down":{"uv":[0,47],"uv_size":[6,-1]}}},{"origin":[-5.7323,9.6246,-6.413],"size":[6,6,0.075],"pivot":[-3.5323,12.6246,-6.413],"rotation":[0,0,-22.5],"uv":{"north":{"uv":[13,22],"uv_size":[-6,6]},"east":{"uv":[39,45],"uv_size":[-1,6]},"south":{"uv":[30,0],"uv_size":[-6,6]},"west":{"uv":[37,45],"uv_size":[-1,6]},"up":{"uv":[49,32],"uv_size":[-6,1]},"down":{"uv":[6,47],"uv_size":[-6,-1]}}}]},{"name":"h_head_eyes_closed","parent":"body","pivot":[0,8.15,-4.25],"cubes":[{"origin":[-3,5.9,-8.5],"size":[6,6,6],"uv":{"north":{"uv":[0,12],"uv_size":[6,6]},"east":{"uv":[17,0],"uv_size":[6,6]},"south":{"uv":[17,7],"uv_size":[6,6]},"west":{"uv":[17,14],"uv_size":[6,6]},"up":{"uv":[0,19],"uv_size":[6,6]},"down":{"uv":[17,27],"uv_size":[6,-6]}}},{"origin":[-1.126,8.14431,-8.73765],"size":[0,1,1],"uv":{"north":{"uv":[50,32],"uv_size":[0,1]},"east":{"uv":[10,49],"uv_size":[1,1]},"south":{"uv":[50,34],"uv_size":[0,1]},"west":{"uv":[11,49],"uv_size":[-1,1]},"up":{"uv":[50,39],"uv_size":[0,1]},"down":{"uv":[40,51],"uv_size":[0,-1]}}},{"origin":[-3.05,8.14431,-8.73865],"size":[0,1,1],"uv":{"north":{"uv":[10,51],"uv_size":[0,1]},"east":{"uv":[49,19],"uv_size":[1,1]},"south":{"uv":[11,51],"uv_size":[0,1]},"west":{"uv":[50,19],"uv_size":[-1,1]},"up":{"uv":[51,11],"uv_size":[0,1]},"down":{"uv":[12,52],"uv_size":[0,-1]}}},{"origin":[-3.05,8.14431,-8.73765],"size":[1.925,1,0],"uv":{"north":{"uv":[44,16],"uv_size":[-2,1]},"east":{"uv":[35,49],"uv_size":[0,1]},"south":{"uv":[42,16],"uv_size":[2,1]},"west":{"uv":[18,49],"uv_size":[0,1]},"up":{"uv":[52,7],"uv_size":[-2,0]},"down":{"uv":[52,8],"uv_size":[-2,0]}}},{"origin":[3.05,8.14431,-8.73865],"size":[0,1,1],"uv":{"north":{"uv":[10,51],"uv_size":[0,1]},"east":{"uv":[49,19],"uv_size":[1,1]},"south":{"uv":[11,51],"uv_size":[0,1]},"west":{"uv":[50,19],"uv_size":[-1,1]},"up":{"uv":[51,11],"uv_size":[0,1]},"down":{"uv":[12,52],"uv_size":[0,-1]}}},{"origin":[1.126,8.14431,-8.73765],"size":[0,1,1],"uv":{"north":{"uv":[50,32],"uv_size":[0,1]},"east":{"uv":[10,49],"uv_size":[1,1]},"south":{"uv":[50,34],"uv_size":[0,1]},"west":{"uv":[11,49],"uv_size":[-1,1]},"up":{"uv":[50,39],"uv_size":[0,1]},"down":{"uv":[40,51],"uv_size":[0,-1]}}},{"origin":[1.125,8.14431,-8.73765],"size":[1.925,1,0],"uv":{"north":{"uv":[42,16],"uv_size":[2,1]},"east":{"uv":[18,49],"uv_size":[0,1]},"south":{"uv":[44,16],"uv_size":[-2,1]},"west":{"uv":[35,49],"uv_size":[0,1]},"up":{"uv":[50,7],"uv_size":[2,0]},"down":{"uv":[50,8],"uv_size":[2,0]}}},{"origin":[0.52723,5.71502,-8.9],"size":[6,3,0],"uv":{"north":{"uv":[34,31],"uv_size":[-6,3]},"east":{"uv":[35,51],"uv_size":[0,3]},"south":{"uv":[20,32],"uv_size":[-6,3]},"west":{"uv":[51,30],"uv_size":[0,3]},"up":{"uv":[57,34],"uv_size":[-6,0]},"down":{"uv":[57,35],"uv_size":[-6,0]}}},{"origin":[0.39895,4.11738,-8.7],"size":[6,3,0],"pivot":[3.34895,6.79374,-8.8],"rotation":[0,0,45],"uv":{"north":{"uv":[41,4],"uv_size":[-6,3]},"east":{"uv":[51,41],"uv_size":[0,3]},"south":{"uv":[27,35],"uv_size":[-6,3]},"west":{"uv":[51,37],"uv_size":[0,3]},"up":{"uv":[57,45],"uv_size":[-6,0]},"down":{"uv":[57,46],"uv_size":[-6,0]}}},{"origin":[-6.39895,4.11738,-8.7],"size":[6,3,0],"pivot":[-3.34895,6.79374,-8.8],"rotation":[0,0,-45],"uv":{"north":{"uv":[35,4],"uv_size":[6,3]},"east":{"uv":[51,37],"uv_size":[0,3]},"south":{"uv":[21,35],"uv_size":[6,3]},"west":{"uv":[51,41],"uv_size":[0,3]},"up":{"uv":[51,45],"uv_size":[6,0]},"down":{"uv":[51,46],"uv_size":[6,0]}}},{"origin":[-6.52723,5.71502,-8.9],"size":[6,3,0],"uv":{"north":{"uv":[28,31],"uv_size":[6,3]},"east":{"uv":[51,30],"uv_size":[0,3]},"south":{"uv":[14,32],"uv_size":[6,3]},"west":{"uv":[35,51],"uv_size":[0,3]},"up":{"uv":[51,34],"uv_size":[6,0]},"down":{"uv":[51,35],"uv_size":[6,0]}}},{"origin":[-1.5,6.4,-9.5],"size":[3,2,1],"uv":{"north":{"uv":[7,19],"uv_size":[3,2]},"east":{"uv":[48,42],"uv_size":[1,2]},"south":{"uv":[40,45],"uv_size":[3,2]},"west":{"uv":[48,45],"uv_size":[1,2]},"up":{"uv":[31,19],"uv_size":[3,1]},"down":{"uv":[31,30],"uv_size":[3,-1]}}},{"origin":[-0.5,7.65,-9.575],"size":[1,0.8,0],"uv":{"north":{"uv":[49,37],"uv_size":[1,1]},"east":{"uv":[48,51],"uv_size":[0,1]},"south":{"uv":[50,37],"uv_size":[-1,1]},"west":{"uv":[49,51],"uv_size":[0,1]},"up":{"uv":[51,50],"uv_size":[1,0]},"down":{"uv":[51,51],"uv_size":[1,0]}}},{"origin":[-0.5,8.449,-9.575],"size":[1,0,0.6],"uv":{"north":{"uv":[52,0],"uv_size":[1,0]},"east":{"uv":[1,52],"uv_size":[1,0]},"south":{"uv":[52,1],"uv_size":[1,0]},"west":{"uv":[52,2],"uv_size":[1,0]},"up":{"uv":[50,2],"uv_size":[1,1]},"down":{"uv":[50,3],"uv_size":[1,-1]}}}]},{"name":"h_ears2","parent":"h_head_eyes_closed","pivot":[0.02797,10.73835,-6.36348],"rotation":[16.92154,-1.95155,0],"cubes":[{"origin":[-0.2677,9.6246,-6.413],"size":[6,6,0.075],"pivot":[3.5323,12.6246,-6.413],"rotation":[0,0,22.5],"uv":{"north":{"uv":[7,22],"uv_size":[6,6]},"east":{"uv":[36,45],"uv_size":[1,6]},"south":{"uv":[24,0],"uv_size":[6,6]},"west":{"uv":[38,45],"uv_size":[1,6]},"up":{"uv":[43,32],"uv_size":[6,1]},"down":{"uv":[0,47],"uv_size":[6,-1]}}},{"origin":[-5.7323,9.6246,-6.413],"size":[6,6,0.075],"pivot":[-3.5323,12.6246,-6.413],"rotation":[0,0,-22.5],"uv":{"north":{"uv":[13,22],"uv_size":[-6,6]},"east":{"uv":[39,45],"uv_size":[-1,6]},"south":{"uv":[30,0],"uv_size":[-6,6]},"west":{"uv":[37,45],"uv_size":[-1,6]},"up":{"uv":[49,32],"uv_size":[-6,1]},"down":{"uv":[6,47],"uv_size":[-6,-1]}}}]},{"name":"front_leg_left","parent":"body","pivot":[2.3,4.3,-2.5],"rotation":[-9.99067,0.43399,2.46207],"cubes":[{"origin":[1.12097,1.1718,-4.1275],"size":[3,4,3],"inflate":-0.15,"uv":{"north":{"uv":[38,14],"uv_size":[3,4]},"east":{"uv":[20,39],"uv_size":[3,4]},"south":{"uv":[24,39],"uv_size":[3,4]},"west":{"uv":[39,25],"uv_size":[3,4]},"up":{"uv":[42,8],"uv_size":[3,3]},"down":{"uv":[12,45],"uv_size":[3,-3]}}}]},{"name":"front_foot_left","parent":"front_leg_left","pivot":[2.62097,1.51971,-2.82294],"rotation":[9.99067,0.43399,-2.46207],"cubes":[{"origin":[1.12097,-0.16966,-4.1445],"size":[3,2,3],"uv":{"north":{"uv":[46,0],"uv_size":[3,2]},"east":{"uv":[46,3],"uv_size":[3,2]},"south":{"uv":[46,6],"uv_size":[3,2]},"west":{"uv":[7,46],"uv_size":[3,2]},"up":{"uv":[42,4],"uv_size":[3,3]},"down":{"uv":[8,45],"uv_size":[3,-3]}}}]},{"name":"front_leg_right","parent":"body","pivot":[-2.3,4.3,-2.6],"rotation":[-9.99067,-0.43399,-2.46207],"cubes":[{"origin":[-4.12021,1.18915,-4.12902],"size":[3,4,3],"inflate":-0.15,"uv":{"north":{"uv":[28,39],"uv_size":[3,4]},"east":{"uv":[39,30],"uv_size":[3,4]},"south":{"uv":[41,19],"uv_size":[3,4]},"west":{"uv":[32,41],"uv_size":[3,4]},"up":{"uv":[42,35],"uv_size":[3,3]},"down":{"uv":[43,27],"uv_size":[3,-3]}}}]},{"name":"front_foot_right","parent":"front_leg_right","pivot":[-2.62021,1.53706,-2.82446],"rotation":[9.99067,-0.43399,2.46207],"cubes":[{"origin":[-4.12021,-0.15231,-4.14602],"size":[3,2,3],"uv":{"north":{"uv":[46,9],"uv_size":[3,2]},"east":{"uv":[11,46],"uv_size":[3,2]},"south":{"uv":[46,12],"uv_size":[3,2]},"west":{"uv":[15,46],"uv_size":[3,2]},"up":{"uv":[42,12],"uv_size":[3,3]},"down":{"uv":[16,45],"uv_size":[3,-3]}}}]},{"name":"back_leg_left","parent":"body","pivot":[2.3,5.3,2.6],"rotation":[10,0,0],"cubes":[{"origin":[1.1,1.20149,0.93008],"size":[3,5,3],"inflate":-0.15,"uv":{"north":{"uv":[0,36],"uv_size":[3,5]},"east":{"uv":[4,36],"uv_size":[3,5]},"south":{"uv":[8,36],"uv_size":[3,5]},"west":{"uv":[12,36],"uv_size":[3,5]},"up":{"uv":[24,44],"uv_size":[3,3]},"down":{"uv":[28,47],"uv_size":[3,-3]}}}]},{"name":"back_foot_left","parent":"back_leg_left","pivot":[2.6,1.6494,2.62552],"rotation":[-10,0,0],"cubes":[{"origin":[1.1,-0.15033,0.84646],"size":[3,2,3],"uv":{"north":{"uv":[32,46],"uv_size":[3,2]},"east":{"uv":[46,34],"uv_size":[3,2]},"south":{"uv":[47,24],"uv_size":[3,2]},"west":{"uv":[47,27],"uv_size":[3,2]},"up":{"uv":[43,28],"uv_size":[3,3]},"down":{"uv":[20,47],"uv_size":[3,-3]}}}]},{"name":"back_leg_right","parent":"body","pivot":[-2.3,5.3,2.6],"rotation":[10,0,0],"cubes":[{"origin":[-4.1,1.20149,0.93008],"size":[3,5,3],"inflate":-0.15,"uv":{"north":{"uv":[3,36],"uv_size":[-3,5]},"east":{"uv":[15,36],"uv_size":[-3,5]},"south":{"uv":[11,36],"uv_size":[-3,5]},"west":{"uv":[7,36],"uv_size":[-3,5]},"up":{"uv":[27,44],"uv_size":[-3,3]},"down":{"uv":[31,47],"uv_size":[-3,-3]}}}]},{"name":"back_foot_right","parent":"back_leg_right","pivot":[-2.6,1.6494,2.62552],"rotation":[-10,0,0],"cubes":[{"origin":[-4.1,-0.15033,0.84646],"size":[3,2,3],"uv":{"north":{"uv":[35,46],"uv_size":[-3,2]},"east":{"uv":[50,27],"uv_size":[-3,2]},"south":{"uv":[50,24],"uv_size":[-3,2]},"west":{"uv":[49,34],"uv_size":[-3,2]},"up":{"uv":[46,28],"uv_size":[-3,3]},"down":{"uv":[23,47],"uv_size":[-3,-3]}}}]}]}]}
