{"format_version":"1.12.0","minecraft:geometry":[{"description":{"identifier":"geometry.pigeon","texture_width":64,"texture_height":64,"visible_bounds_width":3,"visible_bounds_height":1,"visible_bounds_offset":[0,0.5,0]},"bones":[{"name":"body","pivot":[0,4.79866,-1.14889],"cubes":[{"origin":[-2.5,3.09063,-5.04226],"size":[5,5,8],"pivot":[0,4.5,-2],"rotation":[-25,0,0],"uv":[0,0]}]},{"name":"wing_left","parent":"body","pivot":[2.5,6.6,-4],"rotation":[-15,0,0],"cubes":[{"origin":[2.51,4.05903,-4.16475],"size":[0,5,10],"uv":[0,8]}]},{"name":"wing_right","parent":"body","pivot":[-2.5,6.6,-4],"rotation":[-15,0,0],"cubes":[{"origin":[-2.51,4.05903,-4.16475],"size":[0,5,10],"uv":[0,8],"mirror":true}]},{"name":"right_leg","parent":"body","pivot":[-1,2.45032,0.95774],"cubes":[{"origin":[-1.5,0.01,-0.64226],"size":[1,0,3],"uv":[2,2]},{"origin":[-1.5,-0.50937,-0.04226],"size":[1,4,1],"pivot":[0,4.5,-2],"rotation":[10,0,0],"uv":[10,23]}]},{"name":"left_leg","parent":"body","pivot":[1,2.45032,0.95774],"cubes":[{"origin":[0.5,0.01,-0.64226],"size":[1,0,3],"uv":[0,0]},{"origin":[0.5,-0.50937,-0.04226],"size":[1,4,1],"pivot":[0,4.5,-2],"rotation":[10,0,0],"uv":[0,2]}]},{"name":"tail","parent":"body","pivot":[0.05,5.48482,4.00701],"cubes":[{"origin":[-2.45,2.18482,3.20701],"size":[4.9,2,6],"pivot":[0.05,3.48482,6.30701],"rotation":[-30,0,0],"uv":[14,17]}]},{"name":"neck","parent":"body","pivot":[0,4.7,-5],"cubes":[{"origin":[-1.5,4.99848,-5.68264],"size":[3,5,3],"pivot":[0,7.1,-3.2],"rotation":[10,0,0],"uv":[18,0]}]},{"name":"head","parent":"neck","pivot":[0,9.97839,-3.23301],"cubes":[{"origin":[-0.5,10.07839,-7.73301],"size":[1,1,1],"pivot":[-0.2,11.27839,-4.83301],"rotation":[20,0,0],"uv":[4,5]},{"origin":[-1.4,9.47839,-6.73301],"size":[2.8,3,3],"pivot":[-0.1,11.27839,-4.83301],"rotation":[20,0,0],"uv":[0,23]}]}]}]}
