{"format_version":"1.14.0","sound_definitions":{"galactix_ambient":{"category":"ambient","sounds":[{"name":"sounds/galactix/city_ambient","is3D":false}]},"galactix_cars_toeter_1":{"category":"block","sounds":[{"name":"sounds/galactix/cars/toeter1"}]},"galactix_cars_police_siren":{"category":"block","sounds":[{"name":"sounds/galactix/cars/police_siren","is3D":false}]},"galactix_gunshot":{"category":"block","sounds":[{"name":"sounds/galactix/gunshot"}]},"galactix_mixer":{"category":"block","sounds":[{"name":"sounds/galactix/bakkerquest/dough_mixer"}]},"galactix_waterspray":{"category":"block","sounds":[{"name":"sounds/galactix/waterspray"}]}}}
