{"resource_pack_name":"GalactixPE Server Pack","texture_name":"atlas.items","texture_data":{"icon_playing_card_ruit_A":{"textures":["textures/items/playing_cards/ruit/A"]},"icon_playing_card_ruit_2":{"textures":["textures/items/playing_cards/ruit/2"]},"icon_playing_card_ruit_3":{"textures":["textures/items/playing_cards/ruit/3"]},"icon_playing_card_ruit_4":{"textures":["textures/items/playing_cards/ruit/4"]},"icon_playing_card_ruit_5":{"textures":["textures/items/playing_cards/ruit/5"]},"icon_playing_card_ruit_6":{"textures":["textures/items/playing_cards/ruit/6"]},"icon_playing_card_ruit_7":{"textures":["textures/items/playing_cards/ruit/7"]},"icon_playing_card_ruit_8":{"textures":["textures/items/playing_cards/ruit/8"]},"icon_playing_card_ruit_9":{"textures":["textures/items/playing_cards/ruit/9"]},"icon_playing_card_ruit_10":{"textures":["textures/items/playing_cards/ruit/10"]},"icon_playing_card_ruit_J":{"textures":["textures/items/playing_cards/ruit/J"]},"icon_playing_card_ruit_K":{"textures":["textures/items/playing_cards/ruit/K"]},"icon_playing_card_ruit_Q":{"textures":["textures/items/playing_cards/ruit/Q"]},"icon_playing_card_klaver_A":{"textures":["textures/items/playing_cards/klaver/A"]},"icon_playing_card_klaver_2":{"textures":["textures/items/playing_cards/klaver/2"]},"icon_playing_card_klaver_3":{"textures":["textures/items/playing_cards/klaver/3"]},"icon_playing_card_klaver_4":{"textures":["textures/items/playing_cards/klaver/4"]},"icon_playing_card_klaver_5":{"textures":["textures/items/playing_cards/klaver/5"]},"icon_playing_card_klaver_6":{"textures":["textures/items/playing_cards/klaver/6"]},"icon_playing_card_klaver_7":{"textures":["textures/items/playing_cards/klaver/7"]},"icon_playing_card_klaver_8":{"textures":["textures/items/playing_cards/klaver/8"]},"icon_playing_card_klaver_9":{"textures":["textures/items/playing_cards/klaver/9"]},"icon_playing_card_klaver_10":{"textures":["textures/items/playing_cards/klaver/10"]},"icon_playing_card_klaver_J":{"textures":["textures/items/playing_cards/klaver/J"]},"icon_playing_card_klaver_K":{"textures":["textures/items/playing_cards/klaver/K"]},"icon_playing_card_klaver_Q":{"textures":["textures/items/playing_cards/klaver/Q"]},"icon_playing_card_hart_A":{"textures":["textures/items/playing_cards/hart/A"]},"icon_playing_card_hart_2":{"textures":["textures/items/playing_cards/hart/2"]},"icon_playing_card_hart_3":{"textures":["textures/items/playing_cards/hart/3"]},"icon_playing_card_hart_4":{"textures":["textures/items/playing_cards/hart/4"]},"icon_playing_card_hart_5":{"textures":["textures/items/playing_cards/hart/5"]},"icon_playing_card_hart_6":{"textures":["textures/items/playing_cards/hart/6"]},"icon_playing_card_hart_7":{"textures":["textures/items/playing_cards/hart/7"]},"icon_playing_card_hart_8":{"textures":["textures/items/playing_cards/hart/8"]},"icon_playing_card_hart_9":{"textures":["textures/items/playing_cards/hart/9"]},"icon_playing_card_hart_10":{"textures":["textures/items/playing_cards/hart/10"]},"icon_playing_card_hart_J":{"textures":["textures/items/playing_cards/hart/J"]},"icon_playing_card_hart_K":{"textures":["textures/items/playing_cards/hart/K"]},"icon_playing_card_hart_Q":{"textures":["textures/items/playing_cards/hart/Q"]},"icon_playing_card_schoppen_A":{"textures":["textures/items/playing_cards/schoppen/A"]},"icon_playing_card_schoppen_2":{"textures":["textures/items/playing_cards/schoppen/2"]},"icon_playing_card_schoppen_3":{"textures":["textures/items/playing_cards/schoppen/3"]},"icon_playing_card_schoppen_4":{"textures":["textures/items/playing_cards/schoppen/4"]},"icon_playing_card_schoppen_5":{"textures":["textures/items/playing_cards/schoppen/5"]},"icon_playing_card_schoppen_6":{"textures":["textures/items/playing_cards/schoppen/6"]},"icon_playing_card_schoppen_7":{"textures":["textures/items/playing_cards/schoppen/7"]},"icon_playing_card_schoppen_8":{"textures":["textures/items/playing_cards/schoppen/8"]},"icon_playing_card_schoppen_9":{"textures":["textures/items/playing_cards/schoppen/9"]},"icon_playing_card_schoppen_10":{"textures":["textures/items/playing_cards/schoppen/10"]},"icon_playing_card_schoppen_J":{"textures":["textures/items/playing_cards/schoppen/J"]},"icon_playing_card_schoppen_K":{"textures":["textures/items/playing_cards/schoppen/K"]},"icon_playing_card_schoppen_Q":{"textures":["textures/items/playing_cards/schoppen/Q"]},"icon_playing_card_joker":{"textures":["textures/items/playing_cards/joker"]},"icon_empty_pouch":{"textures":["textures/items/grinding/pouch/empty_pouch"]},"icon_full_pouch":{"textures":["textures/items/grinding/pouch/full_pouch"]},"icon_fuller_pouch":{"textures":["textures/items/grinding/pouch/fuller_pouch"]},"deg_coin":{"textures":["textures/items/coins/deg_coin"]},"banana":{"textures":["textures/items/food/banana"]},"bruin_brood":{"textures":["textures/items/food/bruin_brood"]},"burrito":{"textures":["textures/items/food/burrito"]},"chicken_bucket":{"textures":["textures/items/food/chicken_bucket"]},"cucumber":{"textures":["textures/items/food/cucumber"]},"donut":{"textures":["textures/items/food/donut"]},"fish_taco":{"textures":["textures/items/food/fish_taco"]},"friet":{"textures":["textures/items/food/friet"]},"frikandelbroodje":{"textures":["textures/items/food/frikandelbroodje"]},"garnaal":{"textures":["textures/items/food/garnaal"]},"hamburger":{"textures":["textures/items/food/hamburger"]},"hotdog":{"textures":["textures/items/food/hotdog"]},"ijsje":{"textures":["textures/items/food/ijsje"]},"kibbeling":{"textures":["textures/items/food/kibbeling"]},"kipnugget":{"textures":["textures/items/food/kipnugget"]},"krab":{"textures":["textures/items/food/krab"]},"krakeling":{"textures":["textures/items/food/krakeling"]},"lemon":{"textures":["textures/items/food/lemon"]},"muffin":{"textures":["textures/items/food/muffin"]},"nigiri_sushi":{"textures":["textures/items/food/nigiri_sushi"]},"pizza":{"textures":["textures/items/food/pizza"]},"puddingbroodje":{"textures":["textures/items/food/puddingbroodje"]},"smoothie":{"textures":["textures/items/food/smoothie"]},"sparerib":{"textures":["textures/items/food/sparerib"]},"stawberry":{"textures":["textures/items/food/stawberry"]},"stokbrood":{"textures":["textures/items/food/stokbrood"]},"suikerbrood":{"textures":["textures/items/food/suikerbrood"]},"sushi":{"textures":["textures/items/food/sushi"]},"taco":{"textures":["textures/items/food/taco"]},"tomato":{"textures":["textures/items/food/tomato"]},"vissalade":{"textures":["textures/items/food/vissalade"]},"broodje_gezond":{"textures":["textures/items/food/broodje_gezond"]},"chocolade":{"textures":["textures/items/food/chocolade"]},"koffie":{"textures":["textures/items/food/koffie"]},"meatball":{"textures":["textures/items/food/meatball"]},"oreo":{"textures":["textures/items/food/oreo"]},"sausage":{"textures":["textures/items/food/sausage"]},"snoep":{"textures":["textures/items/food/snoep"]},"t_steak":{"textures":["textures/items/food/t_steak"]},"zure_matten":{"textures":["textures/items/food/zure_matten"]},"funko_pop":{"textures":["textures/items/funko_pop"]},"portofoon":{"textures":["textures/items/portofoon"]},"money_ten":{"textures":["textures/items/money/ten"]},"money_hundred":{"textures":["textures/items/money/hundred"]},"money_thousand":{"textures":["textures/items/money/thousand"]},"money_tenthousand":{"textures":["textures/items/money/tenthousand"]},"black_pickaxe":{"textures":["textures/items/grinding/pickaxes/black_pickaxe"]},"emerald_pickaxe":{"textures":["textures/items/grinding/pickaxes/emerald_pickaxe"]},"ender_pickaxe":{"textures":["textures/items/grinding/pickaxes/ender_pickaxe"]},"magma_pickaxe":{"textures":["textures/items/grinding/pickaxes/magma_pickaxe"]},"suitcase":{"textures":["textures/items/suitcase"]},"pinpas":{"textures":["textures/items/money/pinpas"]},"purple_telefoon":{"textures":["textures/items/mobile/purple_phone"]}}}
