{"format_version":"1.8.0","render_controllers":{"controller.render.animated":{"arrays":{"textures":{"Array.frames":["Texture.frame0","Texture.frame1","Texture.frame2"]}},"geometry":"Geometry.default","materials":[{"*":"Material.default"}],"textures":["Array.frames[variable.textureindex]"]},"controller.render.teddyrainbow":{"arrays":{"textures":{"Array.frames":["Texture.variant0","Texture.variant1","Texture.variant2","Texture.variant3","Texture.variant4","Texture.variant5","Texture.variant6"]}},"geometry":"Geometry.default","materials":[{"*":"Material.default"}],"textures":["Array.frames[variable.textureindex]"]},"controller.render.funk_pop":{"arrays":{"textures":{"Array.frames":["Texture.variant1","Texture.variant2","Texture.variant3","Texture.variant4","Texture.variant5","Texture.variant6","Texture.variant7","Texture.variant8","Texture.variant9","Texture.variant10","Texture.variant11","Texture.variant12","Texture.variant13","Texture.variant14","Texture.variant15","Texture.variant16","Texture.variant17","Texture.variant18","Texture.variant19","Texture.variant20"]}},"geometry":"Geometry.default","materials":[{"*":"Material.default"}],"textures":["Array.frames[variable.textureindex]"]},"controller.render.slot_machines":{"arrays":{"textures":{"Array.frames":["Texture.variant1","Texture.variant2","Texture.variant3","Texture.variant4","Texture.variant5","Texture.variant6"]}},"geometry":"Geometry.default","materials":[{"*":"Material.default"}],"textures":["Array.frames[variable.textureindex]"]},"controller.render.chevy":{"arrays":{"textures":{"Array.frames":["Texture.variant1","Texture.variant2","Texture.variant3","Texture.variant4","Texture.variant5","Texture.variant6"]}},"geometry":"Geometry.default","materials":[{"*":"Material.default"}],"textures":["Array.frames[variable.textureindex]"]},"controller.render.mini_cooper":{"arrays":{"textures":{"Array.frames":["Texture.variant1","Texture.variant2","Texture.variant3","Texture.variant4","Texture.variant5","Texture.variant6"]}},"geometry":"Geometry.default","materials":[{"*":"Material.default"}],"textures":["Array.frames[variable.textureindex]"]},"controller.render.porsche":{"arrays":{"textures":{"Array.frames":["Texture.variant1","Texture.variant2","Texture.variant3","Texture.variant4","Texture.variant5","Texture.variant6","Texture.variant7"]},"geometries":{"Array.geo":["geometry.variant1","geometry.variant2","geometry.variant3","geometry.variant4","geometry.variant5","geometry.variant6","geometry.variant7"]}},"geometry":"Array.geo[query.variant]","materials":[{"*":"Material.default"}],"textures":["Array.frames[variable.textureindex]"]},"controller.render.harley":{"arrays":{"textures":{"Array.frames":["Texture.variant1","Texture.variant2","Texture.variant3","Texture.variant4","Texture.variant5","Texture.variant6","Texture.variant7"]}},"geometry":"Geometry.default","materials":[{"*":"Material.default"}],"textures":["Array.frames[variable.textureindex]"]}}}
