{"format_version":"1.8.0","animations":{"animation.booster_pickaxe.loop":{"loop":true,"animation_length":3,"bones":{"effect1":{"rotation":[0,0,0]},"outerWhite":{"rotation":{"0.0":[0,0,0],"3.0":[0,365,0]}},"ow1":{"position":{"0.0":[0,0,0],"0.5":{"post":[0,0,-0.4],"lerp_mode":"catmullrom"},"1.0":{"post":[0,0,0],"lerp_mode":"catmullrom"},"1.5":{"post":[0,0,-0.4],"lerp_mode":"catmullrom"},"2.0":{"post":[0,0,0],"lerp_mode":"catmullrom"},"2.5":{"post":[0,0,-0.4],"lerp_mode":"catmullrom"},"3.0":[0,0,0]}},"ow2":{"position":{"0.0":[0,0,0],"0.5":{"post":[-0.4,0,0],"lerp_mode":"catmullrom"},"1.0":{"post":[0,0,0],"lerp_mode":"catmullrom"},"1.5":{"post":[-0.4,0,0],"lerp_mode":"catmullrom"},"2.0":{"post":[0,0,0],"lerp_mode":"catmullrom"},"2.5":{"post":[-0.4,0,0],"lerp_mode":"catmullrom"},"3.0":[0,0,0]}},"ow3":{"position":{"0.0":[0,0,0],"0.5":{"post":[0,0,0.4],"lerp_mode":"catmullrom"},"1.0":{"post":[0,0,0],"lerp_mode":"catmullrom"},"1.5":{"post":[0,0,0.4],"lerp_mode":"catmullrom"},"2.0":{"post":[0,0,0],"lerp_mode":"catmullrom"},"2.5":{"post":[0,0,0.4],"lerp_mode":"catmullrom"},"3.0":[0,0,0]}},"ow4":{"position":{"0.0":[0,0,0],"0.5":{"post":[0.4,0,0],"lerp_mode":"catmullrom"},"1.0":{"post":[0,0,0],"lerp_mode":"catmullrom"},"1.5":{"post":[0.4,0,0],"lerp_mode":"catmullrom"},"2.0":{"post":[0,0,0],"lerp_mode":"catmullrom"},"2.5":{"post":[0.4,0,0],"lerp_mode":"catmullrom"},"3.0":[0,0,0]}},"circle_one":{"rotation":{"0.0":[0,0,0],"3.0":[0,-720,0]}},"circle_two":{"rotation":{"0.0":[0,0,0],"3.0":[0,720,0]}},"outerWhite2":{"rotation":{"0.0":[0,0,0],"3.0":[0,-365,0]}},"ow5":{"position":{"0.0":[0,0,0],"0.5":{"post":[0,0,-0.4],"lerp_mode":"catmullrom"},"1.0":{"post":[0,0,0],"lerp_mode":"catmullrom"},"1.5":{"post":[0,0,-0.4],"lerp_mode":"catmullrom"},"2.0":{"post":[0,0,0],"lerp_mode":"catmullrom"},"2.5":{"post":[0,0,-0.4],"lerp_mode":"catmullrom"},"3.0":[0,0,0]}},"ow6":{"position":{"0.0":[0,0,0],"0.5":{"post":[-0.4,0,0],"lerp_mode":"catmullrom"},"1.0":{"post":[0,0,0],"lerp_mode":"catmullrom"},"1.5":{"post":[-0.4,0,0],"lerp_mode":"catmullrom"},"2.0":{"post":[0,0,0],"lerp_mode":"catmullrom"},"2.5":{"post":[-0.4,0,0],"lerp_mode":"catmullrom"},"3.0":[0,0,0]}},"ow7":{"position":{"0.0":[0,0,0],"0.5":{"post":[0,0,0.4],"lerp_mode":"catmullrom"},"1.0":{"post":[0,0,0],"lerp_mode":"catmullrom"},"1.5":{"post":[0,0,0.4],"lerp_mode":"catmullrom"},"2.0":{"post":[0,0,0],"lerp_mode":"catmullrom"},"2.5":{"post":[0,0,0.4],"lerp_mode":"catmullrom"},"3.0":[0,0,0]}},"ow8":{"position":{"0.0":[0,0,0],"0.5":{"post":[0.4,0,0],"lerp_mode":"catmullrom"},"1.0":{"post":[0,0,0],"lerp_mode":"catmullrom"},"1.5":{"post":[0.4,0,0],"lerp_mode":"catmullrom"},"2.0":{"post":[0,0,0],"lerp_mode":"catmullrom"},"2.5":{"post":[0.4,0,0],"lerp_mode":"catmullrom"},"3.0":[0,0,0]}}}},"animation.booster_pickaxe.first_person_main_hand":{"loop":true,"bones":{"pickaxe":{"rotation":[154.41256,-11.75173,23.73912],"position":[0,17,0],"scale":2}}},"animation.booster_pickaxe.third_person_main_hand":{"loop":true,"bones":{"pickaxe":{"rotation":[90,17.5,90],"position":[-6,13,3],"scale":2}}}}}
