{"format_version":"1.8.0","animations":{"animation.motor.drive.loop":{"loop":true,"animation_length":1,"bones":{"base":{"position":{"0.0":[0,0,0],"0.5":[0,"query.ground_speed > 0 ? 0.25 : 0",0],"0.9167":[0,0,0]}},"wiel1":{"rotation":{"0.0":["this",0,0],"1.0":["360 * (query.ground_speed / 2)",0,0]}},"wiel2":{"rotation":{"0.0":["this",0,0],"1.0":["360 * (query.ground_speed / 2)",0,0]}},"steeringWheel":{"rotation":[0,"math.clamp(query.yaw_speed * 0.5, -20, 20)",0]},"Harleymotor":{"rotation":{"0.0":[0,0,"-math.clamp(query.yaw_speed * 0.5, -10, 10)"],"1.0":[0,0,"-math.clamp(query.yaw_speed * 0.5, -10, 10)"]}}}},"animation.motor.wheelie":{"animation_length":2,"bones":{"Harleymotor":{"rotation":{"0.0":[0,0,0],"1.5":["query.ground_speed > 0 ? -22.5 : 0",0,0],"2.0":[0,0,0]}}}}}}
