{"format_version":"1.12.0","minecraft:geometry":[{"description":{"identifier":"geometry.normal_humvee","texture_width":336,"texture_height":336,"visible_bounds_width":10,"visible_bounds_height":5,"visible_bounds_offset":[0,0.5,0]},"bones":[{"name":"humvee","pivot":[0,2.4,-7]},{"name":"base","parent":"humvee","pivot":[0,0.4512,-8.12],"cubes":[{"origin":[12.6208,8.7104,-14.888],"size":[1.5776,11.0432,24.4528],"uv":{"north":{"uv":[115,91],"uv_size":[2,14]},"east":{"uv":[84,91],"uv_size":[31,14]},"south":{"uv":[148,91],"uv_size":[2,14]},"west":{"uv":[117,91],"uv_size":[31,14]},"up":{"uv":[115,60],"uv_size":[2,31]},"down":{"uv":[117,91],"uv_size":[2,-31]}}},{"origin":[14.1984,11.0768,-13.3104],"size":[0.7888,7.0992,7.888],"uv":{"north":{"uv":[140,76],"uv_size":[1,9]},"east":{"uv":[130,76],"uv_size":[10,9]},"south":{"uv":[151,76],"uv_size":[1,9]},"west":{"uv":[141,76],"uv_size":[10,9]},"up":{"uv":[140,66],"uv_size":[1,10]},"down":{"uv":[141,76],"uv_size":[1,-10]}}},{"origin":[-14.9872,11.0768,-13.3104],"size":[0.7888,7.0992,7.888],"uv":{"north":{"uv":[141,76],"uv_size":[-1,9]},"east":{"uv":[151,76],"uv_size":[-10,9]},"south":{"uv":[152,76],"uv_size":[-1,9]},"west":{"uv":[140,76],"uv_size":[-10,9]},"up":{"uv":[141,66],"uv_size":[-1,10]},"down":{"uv":[142,76],"uv_size":[-1,-10]}}},{"origin":[14.1984,11.0768,-0.6896],"size":[0.7888,7.0992,7.888],"uv":{"north":{"uv":[140,76],"uv_size":[1,9]},"east":{"uv":[130,76],"uv_size":[10,9]},"south":{"uv":[151,76],"uv_size":[1,9]},"west":{"uv":[141,76],"uv_size":[10,9]},"up":{"uv":[140,66],"uv_size":[1,10]},"down":{"uv":[141,76],"uv_size":[1,-10]}}},{"origin":[-14.9872,11.0768,-0.6896],"size":[0.7888,7.0992,7.888],"uv":{"north":{"uv":[141,76],"uv_size":[-1,9]},"east":{"uv":[151,76],"uv_size":[-10,9]},"south":{"uv":[152,76],"uv_size":[-1,9]},"west":{"uv":[140,76],"uv_size":[-10,9]},"up":{"uv":[141,66],"uv_size":[-1,10]},"down":{"uv":[142,76],"uv_size":[-1,-10]}}},{"origin":[-14.1984,8.7104,-14.888],"size":[1.5776,11.0432,24.4528],"uv":{"north":{"uv":[117,91],"uv_size":[-2,14]},"east":{"uv":[148,91],"uv_size":[-31,14]},"south":{"uv":[150,91],"uv_size":[-2,14]},"west":{"uv":[115,91],"uv_size":[-31,14]},"up":{"uv":[117,60],"uv_size":[-2,31]},"down":{"uv":[119,91],"uv_size":[-2,-31]}}},{"origin":[-12.6208,8.7104,-14.888],"size":[25.2416,0.7888,24.4528],"uv":{"north":{"uv":[171,31],"uv_size":[32,1]},"east":{"uv":[140,31],"uv_size":[31,1]},"south":{"uv":[234,31],"uv_size":[32,1]},"west":{"uv":[203,31],"uv_size":[31,1]},"up":{"uv":[171,0],"uv_size":[32,31]},"down":{"uv":[203,31],"uv_size":[32,-31]}}},{"origin":[-2.17523,9.44909,-2.82214],"size":[11.77613,2.33485,8.17197],"uv":{"north":{"uv":[183,216],"uv_size":[-8,2]},"east":{"uv":[190,216],"uv_size":[-7,2]},"south":{"uv":[198,216],"uv_size":[-8,2]},"west":{"uv":[175,216],"uv_size":[-7,2]},"up":{"uv":[183,209],"uv_size":[-8,7]},"down":{"uv":[191,216],"uv_size":[-8,-7]}}},{"origin":[-11.12208,9.4992,-10.944],"size":[4.81168,2.3664,5.5216],"uv":{"north":{"uv":[302,20],"uv_size":[-6,3]},"east":{"uv":[309,20],"uv_size":[-7,3]},"south":{"uv":[315,20],"uv_size":[-6,3]},"west":{"uv":[296,20],"uv_size":[-7,3]},"up":{"uv":[302,13],"uv_size":[-6,7]},"down":{"uv":[308,20],"uv_size":[-6,-7]}}},{"origin":[-11.12208,9.4992,-0.6896],"size":[4.81168,2.3664,5.5216],"uv":{"north":{"uv":[302,20],"uv_size":[-6,3]},"east":{"uv":[309,20],"uv_size":[-7,3]},"south":{"uv":[315,20],"uv_size":[-6,3]},"west":{"uv":[296,20],"uv_size":[-7,3]},"up":{"uv":[302,13],"uv_size":[-6,7]},"down":{"uv":[308,20],"uv_size":[-6,-7]}}},{"origin":[-2.17523,9.44909,5.34982],"size":[11.77613,10.50682,2.33485],"uv":{"north":{"uv":[44,226],"uv_size":[-8,9]},"east":{"uv":[46,226],"uv_size":[-2,9]},"south":{"uv":[54,226],"uv_size":[-8,9]},"west":{"uv":[36,226],"uv_size":[-2,9]},"up":{"uv":[44,224],"uv_size":[-8,2]},"down":{"uv":[52,226],"uv_size":[-8,-2]}}},{"origin":[-12.6208,8.7104,-14.888],"size":[9.4656,6.3104,23.664],"uv":{"north":{"uv":[30,90],"uv_size":[12,8]},"east":{"uv":[0,90],"uv_size":[30,8]},"south":{"uv":[72,90],"uv_size":[12,8]},"west":{"uv":[42,90],"uv_size":[30,8]},"up":{"uv":[30,60],"uv_size":[12,30]},"down":{"uv":[42,90],"uv_size":[12,-30]}}},{"origin":[-11.0432,15.8096,-7.7888],"size":[6.3104,0.7888,6.3104],"uv":{"north":{"uv":[110,217],"uv_size":[8,1]},"east":{"uv":[102,217],"uv_size":[8,1]},"south":{"uv":[126,217],"uv_size":[8,1]},"west":{"uv":[118,217],"uv_size":[8,1]},"up":{"uv":[110,209],"uv_size":[8,8]},"down":{"uv":[118,217],"uv_size":[8,-8]}}},{"origin":[-11.00096,15.85184,-7.74656],"size":[6.22592,0.70432,6.22592],"inflate":0.2,"uv":{"north":{"uv":[134,203],"uv_size":[8,1]},"east":{"uv":[126,203],"uv_size":[8,1]},"south":{"uv":[150,203],"uv_size":[8,1]},"west":{"uv":[142,203],"uv_size":[8,1]},"up":{"uv":[134,195],"uv_size":[8,8]},"down":{"uv":[142,203],"uv_size":[8,-8]}}},{"origin":[-11.832,15.8096,2.4656],"size":[7.888,0.7888,4.7328],"uv":{"north":{"uv":[140,222],"uv_size":[10,1]},"east":{"uv":[134,222],"uv_size":[6,1]},"south":{"uv":[156,222],"uv_size":[10,1]},"west":{"uv":[150,222],"uv_size":[6,1]},"up":{"uv":[140,216],"uv_size":[10,6]},"down":{"uv":[150,222],"uv_size":[10,-6]}}},{"origin":[-14.20051,8.70829,5.61869],"size":[28.40102,11.04742,3.94822],"inflate":-0.01,"pivot":[0.3944,8.7104,9.5648],"rotation":[-25,0,0],"uv":{"north":{"uv":[225,110],"uv_size":[36,14]},"east":{"uv":[220,110],"uv_size":[5,14]},"south":{"uv":[266,110],"uv_size":[36,14]},"west":{"uv":[261,110],"uv_size":[5,14]},"up":{"uv":[225,105],"uv_size":[36,5]},"down":{"uv":[261,110],"uv_size":[36,-5]}}},{"origin":[-14.1984,13.4432,-33.8192],"size":[28.3968,4.7328,2.3664],"uv":{"north":{"uv":[83,173],"uv_size":[36,6]},"east":{"uv":[80,173],"uv_size":[3,6]},"south":{"uv":[122,173],"uv_size":[36,6]},"west":{"uv":[119,173],"uv_size":[3,6]},"up":{"uv":[83,170],"uv_size":[36,3]},"down":{"uv":[119,173],"uv_size":[36,-3]}}},{"origin":[-8.6768,13.8376,-36.1856],"size":[17.3536,3.944,2.3664],"uv":{"north":{"uv":[55,212],"uv_size":[22,5]},"east":{"uv":[52,212],"uv_size":[3,5]},"south":{"uv":[80,212],"uv_size":[22,5]},"west":{"uv":[77,212],"uv_size":[3,5]},"up":{"uv":[55,209],"uv_size":[22,3]},"down":{"uv":[77,212],"uv_size":[22,-3]}}},{"origin":[10.2544,14.6264,-34.608],"size":[3.1552,3.1552,0.7888],"uv":{"north":{"uv":[47,240],"uv_size":[4,4]},"east":{"uv":[46,240],"uv_size":[1,4]},"south":{"uv":[52,240],"uv_size":[4,4]},"west":{"uv":[51,240],"uv_size":[1,4]},"up":{"uv":[47,239],"uv_size":[4,1]},"down":{"uv":[51,240],"uv_size":[4,-1]}}},{"origin":[-13.4096,14.6264,-34.608],"size":[3.1552,3.1552,0.7888],"uv":{"north":{"uv":[51,240],"uv_size":[-4,4]},"east":{"uv":[52,240],"uv_size":[-1,4]},"south":{"uv":[56,240],"uv_size":[-4,4]},"west":{"uv":[47,240],"uv_size":[-1,4]},"up":{"uv":[51,239],"uv_size":[-4,1]},"down":{"uv":[55,240],"uv_size":[-4,-1]}}},{"origin":[-6.31251,8.70829,-33.82131],"size":[12.62502,7.89222,14.99142],"inflate":-0.01,"uv":{"north":{"uv":[101,160],"uv_size":[16,10]},"east":{"uv":[82,160],"uv_size":[19,10]},"south":{"uv":[136,160],"uv_size":[16,10]},"west":{"uv":[117,160],"uv_size":[19,10]},"up":{"uv":[101,141],"uv_size":[16,19]},"down":{"uv":[117,160],"uv_size":[16,-19]}}},{"origin":[-6.3104,9.1048,-36.1856],"size":[12.6208,4.7328,0.7888],"uv":{"north":{"uv":[135,210],"uv_size":[16,6]},"east":{"uv":[134,210],"uv_size":[1,6]},"south":{"uv":[152,210],"uv_size":[16,6]},"west":{"uv":[151,210],"uv_size":[1,6]},"up":{"uv":[135,209],"uv_size":[16,1]},"down":{"uv":[151,210],"uv_size":[16,-1]}}},{"origin":[-5.5216,9.8936,-35.3968],"size":[11.0432,0.7888,1.5776],"uv":{"north":{"uv":[2,233],"uv_size":[14,1]},"east":{"uv":[0,233],"uv_size":[2,1]},"south":{"uv":[18,233],"uv_size":[14,1]},"west":{"uv":[16,233],"uv_size":[2,1]},"up":{"uv":[2,231],"uv_size":[14,2]},"down":{"uv":[16,233],"uv_size":[14,-2]}}},{"origin":[-5.5216,12.26,-35.3968],"size":[11.0432,0.7888,1.5776],"uv":{"north":{"uv":[2,230],"uv_size":[14,1]},"east":{"uv":[0,230],"uv_size":[2,1]},"south":{"uv":[18,230],"uv_size":[14,1]},"west":{"uv":[16,230],"uv_size":[2,1]},"up":{"uv":[2,228],"uv_size":[14,2]},"down":{"uv":[16,230],"uv_size":[14,-2]}}},{"origin":[3.5496,9.1048,-38.552],"size":[0.7888,1.5776,2.3664],"uv":{"north":{"uv":[73,242],"uv_size":[1,2]},"east":{"uv":[70,242],"uv_size":[3,2]},"south":{"uv":[77,242],"uv_size":[1,2]},"west":{"uv":[74,242],"uv_size":[3,2]},"up":{"uv":[73,239],"uv_size":[1,3]},"down":{"uv":[74,242],"uv_size":[1,-3]}}},{"origin":[-4.3384,9.1048,-38.552],"size":[0.7888,1.5776,2.3664],"uv":{"north":{"uv":[74,242],"uv_size":[-1,2]},"east":{"uv":[77,242],"uv_size":[-3,2]},"south":{"uv":[78,242],"uv_size":[-1,2]},"west":{"uv":[73,242],"uv_size":[-3,2]},"up":{"uv":[74,239],"uv_size":[-1,3]},"down":{"uv":[75,242],"uv_size":[-1,-3]}}},{"origin":[3.5496,10.6824,-38.552],"size":[0.7888,2.3664,0.7888],"uv":{"north":{"uv":[93,243],"uv_size":[1,3]},"east":{"uv":[92,243],"uv_size":[1,3]},"south":{"uv":[95,243],"uv_size":[1,3]},"west":{"uv":[94,243],"uv_size":[1,3]},"up":{"uv":[93,242],"uv_size":[1,1]},"down":{"uv":[94,243],"uv_size":[1,-1]}}},{"origin":[-4.3384,10.6824,-38.552],"size":[0.7888,2.3664,0.7888],"uv":{"north":{"uv":[94,243],"uv_size":[-1,3]},"east":{"uv":[95,243],"uv_size":[-1,3]},"south":{"uv":[96,243],"uv_size":[-1,3]},"west":{"uv":[93,243],"uv_size":[-1,3]},"up":{"uv":[94,242],"uv_size":[-1,1]},"down":{"uv":[95,243],"uv_size":[-1,-1]}}},{"origin":[3.5496,13.0488,-37.7632],"size":[0.7888,0.7888,1.5776],"uv":{"north":{"uv":[94,241],"uv_size":[1,1]},"east":{"uv":[92,241],"uv_size":[2,1]},"south":{"uv":[97,241],"uv_size":[1,1]},"west":{"uv":[95,241],"uv_size":[2,1]},"up":{"uv":[94,239],"uv_size":[1,2]},"down":{"uv":[95,241],"uv_size":[1,-2]}}},{"origin":[-4.3384,13.0488,-37.7632],"size":[0.7888,0.7888,1.5776],"uv":{"north":{"uv":[95,241],"uv_size":[-1,1]},"east":{"uv":[97,241],"uv_size":[-2,1]},"south":{"uv":[98,241],"uv_size":[-1,1]},"west":{"uv":[94,241],"uv_size":[-2,1]},"up":{"uv":[95,239],"uv_size":[-1,2]},"down":{"uv":[96,241],"uv_size":[-1,-2]}}},{"origin":[-14.9872,18.5704,-38.552],"size":[29.9744,0.7888,0.7888],"uv":{"north":{"uv":[1,191],"uv_size":[38,1]},"east":{"uv":[0,191],"uv_size":[1,1]},"south":{"uv":[40,191],"uv_size":[38,1]},"west":{"uv":[39,191],"uv_size":[1,1]},"up":{"uv":[1,190],"uv_size":[38,1]},"down":{"uv":[39,191],"uv_size":[38,-1]}}},{"origin":[-14.9872,13.0488,-38.552],"size":[29.9744,0.7888,0.7888],"uv":{"north":{"uv":[1,189],"uv_size":[38,1]},"east":{"uv":[0,189],"uv_size":[1,1]},"south":{"uv":[40,189],"uv_size":[38,1]},"west":{"uv":[39,189],"uv_size":[1,1]},"up":{"uv":[1,188],"uv_size":[38,1]},"down":{"uv":[39,189],"uv_size":[38,-1]}}},{"origin":[14.1984,13.8376,-38.552],"size":[0.7888,4.7328,0.7888],"uv":{"north":{"uv":[87,240],"uv_size":[1,6]},"east":{"uv":[86,240],"uv_size":[1,6]},"south":{"uv":[89,240],"uv_size":[1,6]},"west":{"uv":[88,240],"uv_size":[1,6]},"up":{"uv":[87,239],"uv_size":[1,1]},"down":{"uv":[88,240],"uv_size":[1,-1]}}},{"origin":[-14.9872,13.8376,-38.552],"size":[0.7888,4.7328,0.7888],"uv":{"north":{"uv":[79,240],"uv_size":[1,6]},"east":{"uv":[78,240],"uv_size":[1,6]},"south":{"uv":[81,240],"uv_size":[1,6]},"west":{"uv":[80,240],"uv_size":[1,6]},"up":{"uv":[79,239],"uv_size":[1,1]},"down":{"uv":[80,240],"uv_size":[1,-1]}}},{"origin":[9.0712,13.8376,-38.552],"size":[0.7888,4.7328,0.7888],"uv":{"north":{"uv":[83,240],"uv_size":[1,6]},"east":{"uv":[82,240],"uv_size":[1,6]},"south":{"uv":[85,240],"uv_size":[1,6]},"west":{"uv":[84,240],"uv_size":[1,6]},"up":{"uv":[83,239],"uv_size":[1,1]},"down":{"uv":[84,240],"uv_size":[1,-1]}}},{"origin":[3.5496,13.8376,-38.552],"size":[0.7888,4.7328,0.7888],"uv":{"north":{"uv":[83,240],"uv_size":[1,6]},"east":{"uv":[82,240],"uv_size":[1,6]},"south":{"uv":[85,240],"uv_size":[1,6]},"west":{"uv":[84,240],"uv_size":[1,6]},"up":{"uv":[83,239],"uv_size":[1,1]},"down":{"uv":[84,240],"uv_size":[1,-1]}}},{"origin":[-4.3384,13.8376,-38.552],"size":[0.7888,4.7328,0.7888],"uv":{"north":{"uv":[83,240],"uv_size":[1,6]},"east":{"uv":[82,240],"uv_size":[1,6]},"south":{"uv":[85,240],"uv_size":[1,6]},"west":{"uv":[84,240],"uv_size":[1,6]},"up":{"uv":[83,239],"uv_size":[1,1]},"down":{"uv":[84,240],"uv_size":[1,-1]}}},{"origin":[-9.86,13.8376,-38.552],"size":[0.7888,4.7328,0.7888],"uv":{"north":{"uv":[84,240],"uv_size":[-1,6]},"east":{"uv":[85,240],"uv_size":[-1,6]},"south":{"uv":[86,240],"uv_size":[-1,6]},"west":{"uv":[83,240],"uv_size":[-1,6]},"up":{"uv":[84,239],"uv_size":[-1,1]},"down":{"uv":[85,240],"uv_size":[-1,-1]}}},{"origin":[-1.5776,5.5552,-29.0864],"size":[11.832,1.5776,1.5776],"pivot":[9.4656,6.7384,-27.9032],"rotation":[0,-10,25],"uv":{"north":{"uv":[170,220],"uv_size":[15,2]},"east":{"uv":[168,220],"uv_size":[2,2]},"south":{"uv":[187,220],"uv_size":[15,2]},"west":{"uv":[185,220],"uv_size":[2,2]},"up":{"uv":[170,218],"uv_size":[15,2]},"down":{"uv":[185,220],"uv_size":[15,-2]}}},{"origin":[-1.5776,5.5552,15.8752],"size":[11.832,1.5776,1.5776],"pivot":[9.4656,6.7384,17.0584],"rotation":[0,-10,25],"uv":{"north":{"uv":[170,220],"uv_size":[15,2]},"east":{"uv":[168,220],"uv_size":[2,2]},"south":{"uv":[187,220],"uv_size":[15,2]},"west":{"uv":[185,220],"uv_size":[2,2]},"up":{"uv":[170,218],"uv_size":[15,2]},"down":{"uv":[185,220],"uv_size":[15,-2]}}},{"origin":[-10.2544,5.5552,-29.0864],"size":[11.832,1.5776,1.5776],"pivot":[-9.4656,6.7384,-27.9032],"rotation":[0,10,-25],"uv":{"north":{"uv":[185,220],"uv_size":[-15,2]},"east":{"uv":[187,220],"uv_size":[-2,2]},"south":{"uv":[202,220],"uv_size":[-15,2]},"west":{"uv":[170,220],"uv_size":[-2,2]},"up":{"uv":[185,218],"uv_size":[-15,2]},"down":{"uv":[200,220],"uv_size":[-15,-2]}}},{"origin":[-10.2544,5.5552,15.8752],"size":[11.832,1.5776,1.5776],"pivot":[-9.4656,6.7384,17.0584],"rotation":[0,10,-25],"uv":{"north":{"uv":[185,220],"uv_size":[-15,2]},"east":{"uv":[187,220],"uv_size":[-2,2]},"south":{"uv":[202,220],"uv_size":[-15,2]},"west":{"uv":[170,220],"uv_size":[-2,2]},"up":{"uv":[185,218],"uv_size":[-15,2]},"down":{"uv":[200,220],"uv_size":[-15,-2]}}},{"origin":[7.0992,7.1328,-27.9032],"size":[2.3664,9.4656,2.3664],"pivot":[8.2824,7.9216,-26.72],"rotation":[0,0,-15],"uv":{"north":{"uv":[57,227],"uv_size":[3,12]},"east":{"uv":[54,227],"uv_size":[3,12]},"south":{"uv":[63,227],"uv_size":[3,12]},"west":{"uv":[60,227],"uv_size":[3,12]},"up":{"uv":[57,224],"uv_size":[3,3]},"down":{"uv":[60,227],"uv_size":[3,-3]}}},{"origin":[7.0992,7.1328,17.0584],"size":[2.3664,9.4656,2.3664],"pivot":[8.2824,7.9216,18.2416],"rotation":[0,0,-15],"uv":{"north":{"uv":[57,227],"uv_size":[3,12]},"east":{"uv":[54,227],"uv_size":[3,12]},"south":{"uv":[63,227],"uv_size":[3,12]},"west":{"uv":[60,227],"uv_size":[3,12]},"up":{"uv":[57,224],"uv_size":[3,3]},"down":{"uv":[60,227],"uv_size":[3,-3]}}},{"origin":[-9.4656,7.1328,-27.9032],"size":[2.3664,9.4656,2.3664],"pivot":[-8.2824,7.9216,-26.72],"rotation":[0,0,15],"uv":{"north":{"uv":[60,227],"uv_size":[-3,12]},"east":{"uv":[63,227],"uv_size":[-3,12]},"south":{"uv":[66,227],"uv_size":[-3,12]},"west":{"uv":[57,227],"uv_size":[-3,12]},"up":{"uv":[60,224],"uv_size":[-3,3]},"down":{"uv":[63,227],"uv_size":[-3,-3]}}},{"origin":[-9.4128,7.1856,-27.8504],"size":[2.2608,9.36,2.2608],"inflate":0.25,"pivot":[-8.2824,7.9216,-26.72],"rotation":[0,0,15],"uv":{"north":{"uv":[313,109],"uv_size":[-3,12]},"east":{"uv":[316,109],"uv_size":[-3,12]},"south":{"uv":[319,109],"uv_size":[-3,12]},"west":{"uv":[310,109],"uv_size":[-3,12]},"up":{"uv":[313,106],"uv_size":[-3,3]},"down":{"uv":[316,109],"uv_size":[-3,-3]}}},{"origin":[-9.4128,7.1856,17.1112],"size":[2.2608,9.36,2.2608],"inflate":0.25,"pivot":[-8.2824,7.9216,18.2416],"rotation":[0,0,15],"uv":{"north":{"uv":[313,109],"uv_size":[-3,12]},"east":{"uv":[316,109],"uv_size":[-3,12]},"south":{"uv":[319,109],"uv_size":[-3,12]},"west":{"uv":[310,109],"uv_size":[-3,12]},"up":{"uv":[313,106],"uv_size":[-3,3]},"down":{"uv":[316,109],"uv_size":[-3,-3]}}},{"origin":[7.152,7.1856,-27.8504],"size":[2.2608,9.36,2.2608],"inflate":0.25,"pivot":[8.2824,7.9216,-26.72],"rotation":[0,0,-15],"uv":{"north":{"uv":[310,109],"uv_size":[3,12]},"east":{"uv":[307,109],"uv_size":[3,12]},"south":{"uv":[316,109],"uv_size":[3,12]},"west":{"uv":[313,109],"uv_size":[3,12]},"up":{"uv":[310,106],"uv_size":[3,3]},"down":{"uv":[313,109],"uv_size":[3,-3]}}},{"origin":[7.152,7.1856,17.1112],"size":[2.2608,9.36,2.2608],"inflate":0.25,"pivot":[8.2824,7.9216,18.2416],"rotation":[0,0,-15],"uv":{"north":{"uv":[310,109],"uv_size":[3,12]},"east":{"uv":[307,109],"uv_size":[3,12]},"south":{"uv":[316,109],"uv_size":[3,12]},"west":{"uv":[313,109],"uv_size":[3,12]},"up":{"uv":[310,106],"uv_size":[3,3]},"down":{"uv":[313,109],"uv_size":[3,-3]}}},{"origin":[-9.4656,7.1328,17.0584],"size":[2.3664,9.4656,2.3664],"pivot":[-8.2824,7.9216,18.2416],"rotation":[0,0,15],"uv":{"north":{"uv":[60,227],"uv_size":[-3,12]},"east":{"uv":[63,227],"uv_size":[-3,12]},"south":{"uv":[66,227],"uv_size":[-3,12]},"west":{"uv":[57,227],"uv_size":[-3,12]},"up":{"uv":[60,224],"uv_size":[-3,3]},"down":{"uv":[63,227],"uv_size":[-3,-3]}}},{"origin":[-1.5776,5.5552,-25.9312],"size":[11.832,1.5776,1.5776],"pivot":[9.4656,6.7384,-24.748],"rotation":[0,10,25],"uv":{"north":{"uv":[2,226],"uv_size":[15,2]},"east":{"uv":[0,226],"uv_size":[2,2]},"south":{"uv":[19,226],"uv_size":[15,2]},"west":{"uv":[17,226],"uv_size":[2,2]},"up":{"uv":[2,224],"uv_size":[15,2]},"down":{"uv":[17,226],"uv_size":[15,-2]}}},{"origin":[-1.5776,5.5552,19.0304],"size":[11.832,1.5776,1.5776],"pivot":[9.4656,6.7384,20.2136],"rotation":[0,10,25],"uv":{"north":{"uv":[2,226],"uv_size":[15,2]},"east":{"uv":[0,226],"uv_size":[2,2]},"south":{"uv":[19,226],"uv_size":[15,2]},"west":{"uv":[17,226],"uv_size":[2,2]},"up":{"uv":[2,224],"uv_size":[15,2]},"down":{"uv":[17,226],"uv_size":[15,-2]}}},{"origin":[-10.2544,5.5552,-25.9312],"size":[11.832,1.5776,1.5776],"pivot":[-9.4656,6.7384,-24.748],"rotation":[0,-10,-25],"uv":{"north":{"uv":[17,226],"uv_size":[-15,2]},"east":{"uv":[19,226],"uv_size":[-2,2]},"south":{"uv":[34,226],"uv_size":[-15,2]},"west":{"uv":[2,226],"uv_size":[-2,2]},"up":{"uv":[17,224],"uv_size":[-15,2]},"down":{"uv":[32,226],"uv_size":[-15,-2]}}},{"origin":[-10.2544,5.5552,19.0304],"size":[11.832,1.5776,1.5776],"pivot":[-9.4656,6.7384,20.2136],"rotation":[0,-10,-25],"uv":{"north":{"uv":[17,226],"uv_size":[-15,2]},"east":{"uv":[19,226],"uv_size":[-2,2]},"south":{"uv":[34,226],"uv_size":[-15,2]},"west":{"uv":[2,226],"uv_size":[-2,2]},"up":{"uv":[17,224],"uv_size":[-15,2]},"down":{"uv":[32,226],"uv_size":[-15,-2]}}},{"origin":[-14.1984,8.7104,-18.832],"size":[28.3968,11.0432,3.944],"uv":{"north":{"uv":[5,146],"uv_size":[36,14]},"east":{"uv":[0,146],"uv_size":[5,14]},"south":{"uv":[46,146],"uv_size":[36,14]},"west":{"uv":[41,146],"uv_size":[5,14]},"up":{"uv":[5,141],"uv_size":[36,5]},"down":{"uv":[41,146],"uv_size":[36,-5]}}},{"origin":[-12.6208,15.0208,-18.832],"size":[25.2416,4.7328,3.944],"pivot":[0,19.7536,-14.888],"rotation":[30,0,0],"uv":{"north":{"uv":[163,175],"uv_size":[32,6]},"east":{"uv":[158,175],"uv_size":[5,6]},"south":{"uv":[200,175],"uv_size":[32,6]},"west":{"uv":[195,175],"uv_size":[5,6]},"up":{"uv":[163,170],"uv_size":[32,5]},"down":{"uv":[195,175],"uv_size":[32,-5]}}},{"origin":[-11.2752,15.0208,-14.888],"size":[6.3104,4.7328,0.7888],"pivot":[0,19.7536,-14.888],"rotation":[30,0,0],"uv":{"north":{"uv":[240,21],"uv_size":[8,6]},"east":{"uv":[239,21],"uv_size":[1,6]},"south":{"uv":[249,21],"uv_size":[8,6]},"west":{"uv":[248,21],"uv_size":[1,6]},"up":{"uv":[240,20],"uv_size":[8,1]},"down":{"uv":[248,21],"uv_size":[8,-1]}}},{"origin":[-13.4096,18.9648,-19.6208],"size":[3.1552,1.5776,3.1552],"uv":{"north":{"uv":[114,236],"uv_size":[4,2]},"east":{"uv":[110,236],"uv_size":[4,2]},"south":{"uv":[122,236],"uv_size":[4,2]},"west":{"uv":[118,236],"uv_size":[4,2]},"up":{"uv":[114,232],"uv_size":[4,4]},"down":{"uv":[118,236],"uv_size":[4,-4]}}},{"origin":[-14.20051,8.70829,-18.83411],"size":[28.40102,8.68102,3.94822],"inflate":-0.01,"pivot":[0.3944,8.7104,-18.832],"rotation":[30,0,0],"uv":{"north":{"uv":[157,146],"uv_size":[36,11]},"east":{"uv":[152,146],"uv_size":[5,11]},"south":{"uv":[198,146],"uv_size":[36,11]},"west":{"uv":[193,146],"uv_size":[5,11]},"up":{"uv":[157,141],"uv_size":[36,5]},"down":{"uv":[193,146],"uv_size":[36,-5]}}},{"origin":[-14.19629,16.60051,-33.89597],"size":[28.39258,3.15098,15.06186],"inflate":0.01,"pivot":[0.3944,19.7536,-18.832],"rotation":[5,0,0],"uv":{"north":{"uv":[245,54],"uv_size":[36,4]},"east":{"uv":[226,54],"uv_size":[19,4]},"south":{"uv":[300,54],"uv_size":[36,4]},"west":{"uv":[281,54],"uv_size":[19,4]},"up":{"uv":[245,35],"uv_size":[36,19]},"down":{"uv":[281,54],"uv_size":[36,-19]}}},{"origin":[-4.7328,19.7536,-32.2416],"size":[9.4656,0.7888,11.832],"pivot":[1.972,19.7536,-18.832],"rotation":[5,0,0],"uv":{"north":{"uv":[272,83],"uv_size":[12,1]},"east":{"uv":[257,83],"uv_size":[15,1]},"south":{"uv":[299,83],"uv_size":[12,1]},"west":{"uv":[284,83],"uv_size":[15,1]},"up":{"uv":[272,68],"uv_size":[12,15]},"down":{"uv":[284,83],"uv_size":[12,-15]}}},{"origin":[-14.1984,16.5984,9.5648],"size":[28.3968,3.944,14.9872],"uv":{"north":{"uv":[135,54],"uv_size":[36,5]},"east":{"uv":[116,54],"uv_size":[19,5]},"south":{"uv":[190,54],"uv_size":[36,5]},"west":{"uv":[171,54],"uv_size":[19,5]},"up":{"uv":[135,35],"uv_size":[36,19]},"down":{"uv":[171,54],"uv_size":[36,-19]}}},{"origin":[-14.1984,19.7536,21.3968],"size":[28.3968,2.3664,3.1552],"uv":{"north":{"uv":[4,174],"uv_size":[36,3]},"east":{"uv":[0,174],"uv_size":[4,3]},"south":{"uv":[44,174],"uv_size":[36,3]},"west":{"uv":[40,174],"uv_size":[4,3]},"up":{"uv":[4,170],"uv_size":[36,4]},"down":{"uv":[40,174],"uv_size":[36,-4]}}},{"origin":[-14.1984,13.4432,24.552],"size":[28.3968,8.6768,3.1552],"uv":{"north":{"uv":[238,145],"uv_size":[36,11]},"east":{"uv":[234,145],"uv_size":[4,11]},"south":{"uv":[278,145],"uv_size":[36,11]},"west":{"uv":[274,145],"uv_size":[4,11]},"up":{"uv":[238,141],"uv_size":[36,4]},"down":{"uv":[274,145],"uv_size":[36,-4]}}},{"origin":[5.1272,14.232,27.54944],"size":[1.5776,6.3104,0.7888],"uv":{"north":{"uv":[41,240],"uv_size":[2,8]},"east":{"uv":[40,240],"uv_size":[1,8]},"south":{"uv":[44,240],"uv_size":[2,8]},"west":{"uv":[43,240],"uv_size":[1,8]},"up":{"uv":[41,239],"uv_size":[2,1]},"down":{"uv":[43,240],"uv_size":[2,-1]}}},{"origin":[8.2824,15.0208,27.54944],"size":[4.7328,3.1552,0.7888],"uv":{"north":{"uv":[323,46],"uv_size":[6,4]},"east":{"uv":[322,46],"uv_size":[1,4]},"south":{"uv":[330,46],"uv_size":[6,4]},"west":{"uv":[329,46],"uv_size":[1,4]},"up":{"uv":[323,45],"uv_size":[6,1]},"down":{"uv":[329,46],"uv_size":[6,-1]}}},{"origin":[-13.0152,15.0208,27.54944],"size":[4.7328,3.1552,0.7888],"uv":{"north":{"uv":[329,46],"uv_size":[-6,4]},"east":{"uv":[330,46],"uv_size":[-1,4]},"south":{"uv":[336,46],"uv_size":[-6,4]},"west":{"uv":[323,46],"uv_size":[-1,4]},"up":{"uv":[329,45],"uv_size":[-6,1]},"down":{"uv":[335,46],"uv_size":[-6,-1]}}},{"origin":[2.7608,14.232,27.54944],"size":[1.5776,6.3104,0.7888],"uv":{"north":{"uv":[41,240],"uv_size":[2,8]},"east":{"uv":[40,240],"uv_size":[1,8]},"south":{"uv":[44,240],"uv_size":[2,8]},"west":{"uv":[43,240],"uv_size":[1,8]},"up":{"uv":[41,239],"uv_size":[2,1]},"down":{"uv":[43,240],"uv_size":[2,-1]}}},{"origin":[0.3944,14.232,27.3128],"size":[1.5776,6.3104,0.7888],"uv":{"north":{"uv":[41,240],"uv_size":[2,8]},"east":{"uv":[40,240],"uv_size":[1,8]},"south":{"uv":[44,240],"uv_size":[2,8]},"west":{"uv":[43,240],"uv_size":[1,8]},"up":{"uv":[41,239],"uv_size":[2,1]},"down":{"uv":[43,240],"uv_size":[2,-1]}}},{"origin":[-1.972,14.232,27.3128],"size":[1.5776,6.3104,0.7888],"uv":{"north":{"uv":[41,240],"uv_size":[2,8]},"east":{"uv":[40,240],"uv_size":[1,8]},"south":{"uv":[44,240],"uv_size":[2,8]},"west":{"uv":[43,240],"uv_size":[1,8]},"up":{"uv":[41,239],"uv_size":[2,1]},"down":{"uv":[43,240],"uv_size":[2,-1]}}},{"origin":[-4.3384,14.232,27.3128],"size":[1.5776,6.3104,0.7888],"uv":{"north":{"uv":[41,240],"uv_size":[2,8]},"east":{"uv":[40,240],"uv_size":[1,8]},"south":{"uv":[44,240],"uv_size":[2,8]},"west":{"uv":[43,240],"uv_size":[1,8]},"up":{"uv":[41,239],"uv_size":[2,1]},"down":{"uv":[43,240],"uv_size":[2,-1]}}},{"origin":[-6.7048,14.232,27.3128],"size":[1.5776,6.3104,0.7888],"uv":{"north":{"uv":[41,240],"uv_size":[2,8]},"east":{"uv":[40,240],"uv_size":[1,8]},"south":{"uv":[44,240],"uv_size":[2,8]},"west":{"uv":[43,240],"uv_size":[1,8]},"up":{"uv":[41,239],"uv_size":[2,1]},"down":{"uv":[43,240],"uv_size":[2,-1]}}},{"origin":[3.944,10.288,24.552],"size":[1.5776,2.3664,3.944],"uv":{"north":{"uv":[131,229],"uv_size":[2,3]},"east":{"uv":[126,229],"uv_size":[5,3]},"south":{"uv":[138,229],"uv_size":[2,3]},"west":{"uv":[133,229],"uv_size":[5,3]},"up":{"uv":[131,224],"uv_size":[2,5]},"down":{"uv":[133,229],"uv_size":[2,-5]}}},{"origin":[-5.5216,10.288,24.552],"size":[1.5776,2.3664,3.944],"uv":{"north":{"uv":[115,229],"uv_size":[2,3]},"east":{"uv":[110,229],"uv_size":[5,3]},"south":{"uv":[122,229],"uv_size":[2,3]},"west":{"uv":[117,229],"uv_size":[5,3]},"up":{"uv":[115,224],"uv_size":[2,5]},"down":{"uv":[117,229],"uv_size":[2,-5]}}},{"origin":[-14.1984,9.4992,28.496],"size":[28.3968,3.944,1.5776],"uv":{"north":{"uv":[2,183],"uv_size":[36,5]},"east":{"uv":[0,183],"uv_size":[2,5]},"south":{"uv":[40,183],"uv_size":[36,5]},"west":{"uv":[38,183],"uv_size":[2,5]},"up":{"uv":[2,181],"uv_size":[36,2]},"down":{"uv":[38,183],"uv_size":[36,-2]}}},{"origin":[-15.776,9.4992,25.3408],"size":[1.5776,3.944,4.7328],"uv":{"north":{"uv":[88,230],"uv_size":[2,5]},"east":{"uv":[82,230],"uv_size":[6,5]},"south":{"uv":[96,230],"uv_size":[2,5]},"west":{"uv":[90,230],"uv_size":[6,5]},"up":{"uv":[88,224],"uv_size":[2,6]},"down":{"uv":[90,230],"uv_size":[2,-6]}}},{"origin":[14.1984,9.4992,25.3408],"size":[1.5776,3.944,4.7328],"uv":{"north":{"uv":[72,230],"uv_size":[2,5]},"east":{"uv":[66,230],"uv_size":[6,5]},"south":{"uv":[80,230],"uv_size":[2,5]},"west":{"uv":[74,230],"uv_size":[6,5]},"up":{"uv":[72,224],"uv_size":[2,6]},"down":{"uv":[74,230],"uv_size":[2,-6]}}},{"origin":[-7.888,10.288,10.3536],"size":[15.776,6.3104,14.1984],"uv":{"north":{"uv":[162,123],"uv_size":[20,8]},"east":{"uv":[144,123],"uv_size":[18,8]},"south":{"uv":[200,123],"uv_size":[20,8]},"west":{"uv":[182,123],"uv_size":[18,8]},"up":{"uv":[162,105],"uv_size":[20,18]},"down":{"uv":[182,123],"uv_size":[20,-18]}}},{"origin":[-5.5216,6.344,14.2976],"size":[11.0432,3.944,7.888],"uv":{"north":{"uv":[243,189],"uv_size":[14,5]},"east":{"uv":[233,189],"uv_size":[10,5]},"south":{"uv":[267,189],"uv_size":[14,5]},"west":{"uv":[257,189],"uv_size":[10,5]},"up":{"uv":[243,179],"uv_size":[14,10]},"down":{"uv":[257,189],"uv_size":[14,-10]}}},{"origin":[-14.20051,13.44109,24.54989],"size":[28.40102,3.94822,1.58182],"inflate":-0.01,"pivot":[0.3944,13.4432,24.552],"rotation":[30,0,0],"uv":{"north":{"uv":[234,172],"uv_size":[36,5]},"east":{"uv":[232,172],"uv_size":[2,5]},"south":{"uv":[272,172],"uv_size":[36,5]},"west":{"uv":[270,172],"uv_size":[2,5]},"up":{"uv":[234,170],"uv_size":[36,2]},"down":{"uv":[270,172],"uv_size":[36,-2]}}},{"origin":[12.6208,19.7536,-15.6768],"size":[1.5776,5.5216,2.3664],"uv":{"north":{"uv":[3,242],"uv_size":[2,7]},"east":{"uv":[0,242],"uv_size":[3,7]},"south":{"uv":[8,242],"uv_size":[2,7]},"west":{"uv":[5,242],"uv_size":[3,7]},"up":{"uv":[3,239],"uv_size":[2,3]},"down":{"uv":[5,242],"uv_size":[2,-3]}}},{"origin":[-14.1984,19.7536,-15.6768],"size":[1.5776,5.5216,2.3664],"uv":{"north":{"uv":[5,242],"uv_size":[-2,7]},"east":{"uv":[8,242],"uv_size":[-3,7]},"south":{"uv":[10,242],"uv_size":[-2,7]},"west":{"uv":[3,242],"uv_size":[-3,7]},"up":{"uv":[5,239],"uv_size":[-2,3]},"down":{"uv":[7,242],"uv_size":[-2,-3]}}},{"origin":[14.5928,20.9368,-15.6768],"size":[2.3664,3.944,0.7888],"pivot":[15.776,22.9088,-15.2824],"rotation":[0,-15,0],"uv":{"north":{"uv":[63,240],"uv_size":[3,5]},"east":{"uv":[62,240],"uv_size":[1,5]},"south":{"uv":[67,240],"uv_size":[3,5]},"west":{"uv":[66,240],"uv_size":[1,5]},"up":{"uv":[63,239],"uv_size":[3,1]},"down":{"uv":[66,240],"uv_size":[3,-1]}}},{"origin":[-17.3536,20.9368,-15.6768],"size":[2.3664,3.944,0.7888],"pivot":[-16.1704,22.9088,-15.2824],"rotation":[0,15,0],"uv":{"north":{"uv":[66,240],"uv_size":[-3,5]},"east":{"uv":[67,240],"uv_size":[-1,5]},"south":{"uv":[70,240],"uv_size":[-3,5]},"west":{"uv":[63,240],"uv_size":[-1,5]},"up":{"uv":[66,239],"uv_size":[-3,1]},"down":{"uv":[69,240],"uv_size":[-3,-1]}}},{"origin":[14.1984,19.7536,-15.2824],"size":[3.944,6.3104,0],"uv":{"north":{"uv":[20,239],"uv_size":[5,8]},"east":{"uv":[20,239],"uv_size":[0,8]},"south":{"uv":[25,239],"uv_size":[5,8]},"west":{"uv":[25,239],"uv_size":[0,8]},"up":{"uv":[20,239],"uv_size":[5,0]},"down":{"uv":[25,239],"uv_size":[5,0]}}},{"origin":[-18.1424,19.7536,-15.2824],"size":[3.944,6.3104,0],"uv":{"north":{"uv":[25,239],"uv_size":[-5,8]},"east":{"uv":[25,239],"uv_size":[0,8]},"south":{"uv":[30,239],"uv_size":[-5,8]},"west":{"uv":[20,239],"uv_size":[0,8]},"up":{"uv":[25,239],"uv_size":[-5,0]},"down":{"uv":[30,239],"uv_size":[-5,0]}}},{"origin":[-0.7888,19.7536,-15.6768],"size":[1.5776,6.3104,0.7388],"uv":{"north":{"uv":[57,240],"uv_size":[2,8]},"east":{"uv":[56,240],"uv_size":[1,8]},"south":{"uv":[60,240],"uv_size":[2,8]},"west":{"uv":[59,240],"uv_size":[1,8]},"up":{"uv":[57,239],"uv_size":[2,1]},"down":{"uv":[59,240],"uv_size":[2,-1]}}},{"origin":[-12.6208,19.7536,-14.888],"size":[25.2416,6.3104,0],"uv":{"north":{"uv":[226,197],"uv_size":[32,8]},"east":{"uv":[226,197],"uv_size":[0,8]},"south":{"uv":[258,197],"uv_size":[32,8]},"west":{"uv":[258,197],"uv_size":[0,8]},"up":{"uv":[226,197],"uv_size":[32,0]},"down":{"uv":[258,197],"uv_size":[32,0]}}},{"origin":[12.6208,25.2752,-15.6768],"size":[1.5776,1.5776,26.8192],"uv":{"north":{"uv":[106,139],"uv_size":[2,2]},"east":{"uv":[72,139],"uv_size":[34,2]},"south":{"uv":[142,139],"uv_size":[2,2]},"west":{"uv":[108,139],"uv_size":[34,2]},"up":{"uv":[106,105],"uv_size":[2,34]},"down":{"uv":[108,139],"uv_size":[2,-34]}}},{"origin":[-14.1984,25.2752,-15.6768],"size":[1.5776,1.5776,26.8192],"uv":{"north":{"uv":[34,139],"uv_size":[2,2]},"east":{"uv":[0,139],"uv_size":[34,2]},"south":{"uv":[70,139],"uv_size":[2,2]},"west":{"uv":[36,139],"uv_size":[34,2]},"up":{"uv":[34,105],"uv_size":[2,34]},"down":{"uv":[36,139],"uv_size":[2,-34]}}},{"origin":[-12.6208,26.064,-15.6768],"size":[25.2416,0.7888,0.7888],"uv":{"north":{"uv":[121,182],"uv_size":[32,1]},"east":{"uv":[120,182],"uv_size":[1,1]},"south":{"uv":[154,182],"uv_size":[32,1]},"west":{"uv":[153,182],"uv_size":[1,1]},"up":{"uv":[121,181],"uv_size":[32,1]},"down":{"uv":[153,182],"uv_size":[32,-1]}}},{"origin":[13.41171,24.48851,12.72211],"size":[-0.00422,0.78458,10.25018],"inflate":0.01,"pivot":[0.3944,27.6416,11.1424],"rotation":[-18.5,0,0],"uv":{"north":{"uv":[287,30],"uv_size":[0,1]},"east":{"uv":[274,30],"uv_size":[13,1]},"south":{"uv":[300,30],"uv_size":[0,1]},"west":{"uv":[287,30],"uv_size":[13,1]},"up":{"uv":[287,17],"uv_size":[0,13]},"down":{"uv":[287,30],"uv_size":[0,-13]}}},{"origin":[-13.40749,24.48851,12.72211],"size":[-0.00422,0.78458,10.25018],"inflate":0.01,"pivot":[-0.3944,27.6416,11.1424],"rotation":[-18.5,0,0],"uv":{"north":{"uv":[287,30],"uv_size":[0,1]},"east":{"uv":[300,30],"uv_size":[-13,1]},"south":{"uv":[300,30],"uv_size":[0,1]},"west":{"uv":[287,30],"uv_size":[-13,1]},"up":{"uv":[287,17],"uv_size":[0,13]},"down":{"uv":[287,30],"uv_size":[0,-13]}}},{"origin":[12.6208,19.7536,-4.6336],"size":[1.5776,5.5216,3.1552],"uv":{"north":{"uv":[102,228],"uv_size":[2,7]},"east":{"uv":[98,228],"uv_size":[4,7]},"south":{"uv":[108,228],"uv_size":[2,7]},"west":{"uv":[104,228],"uv_size":[4,7]},"up":{"uv":[102,224],"uv_size":[2,4]},"down":{"uv":[104,228],"uv_size":[2,-4]}}},{"origin":[13.4096,19.7536,-13.3104],"size":[0,5.5216,20.5088],"uv":{"north":{"uv":[250,209],"uv_size":[0,7]},"east":{"uv":[224,209],"uv_size":[26,7]},"south":{"uv":[276,209],"uv_size":[0,7]},"west":{"uv":[250,209],"uv_size":[26,7]},"up":{"uv":[250,183],"uv_size":[0,26]},"down":{"uv":[250,209],"uv_size":[0,-26]}}},{"origin":[-13.4096,19.7536,-13.3104],"size":[0,5.5216,20.5088],"uv":{"north":{"uv":[250,209],"uv_size":[0,7]},"east":{"uv":[276,209],"uv_size":[-26,7]},"south":{"uv":[276,209],"uv_size":[0,7]},"west":{"uv":[250,209],"uv_size":[-26,7]},"up":{"uv":[250,183],"uv_size":[0,26]},"down":{"uv":[250,209],"uv_size":[0,-26]}}},{"origin":[-14.1984,19.7536,-4.6336],"size":[1.5776,5.5216,3.1552],"uv":{"north":{"uv":[104,228],"uv_size":[-2,7]},"east":{"uv":[108,228],"uv_size":[-4,7]},"south":{"uv":[110,228],"uv_size":[-2,7]},"west":{"uv":[102,228],"uv_size":[-4,7]},"up":{"uv":[104,224],"uv_size":[-2,4]},"down":{"uv":[106,228],"uv_size":[-2,-4]}}},{"origin":[12.6208,19.7536,7.1984],"size":[1.5776,5.5216,2.3664],"uv":{"north":{"uv":[143,227],"uv_size":[2,7]},"east":{"uv":[140,227],"uv_size":[3,7]},"south":{"uv":[148,227],"uv_size":[2,7]},"west":{"uv":[145,227],"uv_size":[3,7]},"up":{"uv":[143,224],"uv_size":[2,3]},"down":{"uv":[145,227],"uv_size":[2,-3]}}},{"origin":[-14.1984,19.7536,7.1984],"size":[1.5776,5.5216,2.3664],"uv":{"north":{"uv":[145,227],"uv_size":[-2,7]},"east":{"uv":[148,227],"uv_size":[-3,7]},"south":{"uv":[150,227],"uv_size":[-2,7]},"west":{"uv":[143,227],"uv_size":[-3,7]},"up":{"uv":[145,224],"uv_size":[-2,3]},"down":{"uv":[147,227],"uv_size":[-2,-3]}}},{"origin":[12.6208,20.5424,9.5648],"size":[1.5776,4.7328,2.3664],"uv":{"north":{"uv":[13,242],"uv_size":[2,6]},"east":{"uv":[10,242],"uv_size":[3,6]},"south":{"uv":[18,242],"uv_size":[2,6]},"west":{"uv":[15,242],"uv_size":[3,6]},"up":{"uv":[13,239],"uv_size":[2,3]},"down":{"uv":[15,242],"uv_size":[2,-3]}}},{"origin":[-14.1984,20.5424,9.5648],"size":[1.5776,4.7328,2.3664],"uv":{"north":{"uv":[15,242],"uv_size":[-2,6]},"east":{"uv":[18,242],"uv_size":[-3,6]},"south":{"uv":[20,242],"uv_size":[-2,6]},"west":{"uv":[13,242],"uv_size":[-3,6]},"up":{"uv":[15,239],"uv_size":[-2,3]},"down":{"uv":[17,242],"uv_size":[-2,-3]}}},{"origin":[13.4096,20.5424,11.9312],"size":[0,4.7328,9.4656],"uv":{"north":{"uv":[22,251],"uv_size":[0,6]},"east":{"uv":[10,251],"uv_size":[12,6]},"south":{"uv":[34,251],"uv_size":[0,6]},"west":{"uv":[22,251],"uv_size":[12,6]},"up":{"uv":[22,239],"uv_size":[0,12]},"down":{"uv":[22,251],"uv_size":[0,-12]}}},{"origin":[-13.4096,20.5424,11.9312],"size":[0,4.7328,9.4656],"uv":{"north":{"uv":[22,251],"uv_size":[0,6]},"east":{"uv":[34,251],"uv_size":[-12,6]},"south":{"uv":[34,251],"uv_size":[0,6]},"west":{"uv":[22,251],"uv_size":[-12,6]},"up":{"uv":[22,239],"uv_size":[0,12]},"down":{"uv":[22,251],"uv_size":[0,-12]}}},{"origin":[5.8,20.37657,-17.47138],"size":[1.16,1.16,6.67],"pivot":[6.38,18.05657,-12.83138],"rotation":[0,12.5,-90],"uv":{"north":{"uv":[144,40],"uv_size":[0,0]},"east":{"uv":[144,40],"uv_size":[0,0]},"south":{"uv":[144,40],"uv_size":[0,0]},"west":{"uv":[144,40],"uv_size":[0,0]},"up":{"uv":[145,45],"uv_size":[0,0]},"down":{"uv":[145,40],"uv_size":[0,0]}}}]},{"name":"steeringWheel","parent":"base","pivot":[3.712,19.22,-11.6]},{"name":"steeringWheelInner2","parent":"steeringWheel","pivot":[2.0416,15.55152,-4.89836],"rotation":[12.5,0,0],"cubes":[{"origin":[-35.94531,-23.10989,-10.03148],"size":[4.872,0.9744,0.4872],"pivot":[-34.9856,18.90531,-3.12876],"rotation":[0,0,-90],"uv":{"north":{"uv":[177,46],"uv_size":[0,0]},"east":{"uv":[177,46],"uv_size":[0,0]},"south":{"uv":[177,46],"uv_size":[0,0]},"west":{"uv":[177,46],"uv_size":[0,0]},"up":{"uv":[182,46],"uv_size":[0,0]},"down":{"uv":[182,46],"uv_size":[0,0]}}},{"origin":[0.2088,16.9712,-10.03148],"size":[6.8208,0.9744,0.4872],"uv":{"north":{"uv":[177,46],"uv_size":[0,0]},"east":{"uv":[177,46],"uv_size":[0,0]},"south":{"uv":[177,46],"uv_size":[0,0]},"west":{"uv":[177,46],"uv_size":[0,0]},"up":{"uv":[184,46],"uv_size":[0,0]},"down":{"uv":[184,46],"uv_size":[0,0]}}},{"origin":[-35.94531,-21.16109,-10.03148],"size":[4.872,2.9232,0.4872],"pivot":[-34.9856,18.90531,-3.12876],"rotation":[0,0,-90],"uv":{"north":{"uv":[177,46],"uv_size":[0,0]},"east":{"uv":[177,46],"uv_size":[0,0]},"south":{"uv":[177,46],"uv_size":[0,0]},"west":{"uv":[177,46],"uv_size":[0,0]},"up":{"uv":[182,46],"uv_size":[0,0]},"down":{"uv":[182,46],"uv_size":[0,0]}}},{"origin":[-35.94531,-17.26349,-10.03148],"size":[4.872,0.9744,0.4872],"pivot":[-34.9856,18.90531,-3.12876],"rotation":[0,0,-90],"uv":{"north":{"uv":[177,46],"uv_size":[0,0]},"east":{"uv":[177,46],"uv_size":[0,0]},"south":{"uv":[177,46],"uv_size":[0,0]},"west":{"uv":[177,46],"uv_size":[0,0]},"up":{"uv":[182,46],"uv_size":[0,0]},"down":{"uv":[182,46],"uv_size":[0,0]}}},{"origin":[0.2088,22.8176,-10.03148],"size":[6.8208,0.9744,0.4872],"uv":{"north":{"uv":[177,46],"uv_size":[0,0]},"east":{"uv":[177,46],"uv_size":[0,0]},"south":{"uv":[177,46],"uv_size":[0,0]},"west":{"uv":[177,46],"uv_size":[0,0]},"up":{"uv":[184,46],"uv_size":[0,0]},"down":{"uv":[184,46],"uv_size":[0,0]}}}]},{"name":"wheel1","parent":"humvee","pivot":[12.2264,5.9216,-26.84]},{"name":"rotatingWheel1","parent":"wheel1","pivot":[11.6,5.86418,-26.73763],"cubes":[{"origin":[9.28,0.08,-29.14007],"size":[4.64,1.74,4.80488],"uv":{"north":{"uv":[82,185],"uv_size":[0,0]},"east":{"uv":[94,195],"uv_size":[-2,2]},"south":{"uv":[99,181],"uv_size":[-7,7]},"west":{"uv":[108,196],"uv_size":[-6,1]},"up":{"uv":[92,188],"uv_size":[7,-7]},"down":{"uv":[92,188],"uv_size":[7,-7]}}},{"origin":[9.27968,3.47724,-32.53795],"size":[4.64064,4.80552,1.74064],"inflate":0.002,"pivot":[11.02,5.88,-26.73763],"rotation":[-45,0,0],"uv":{"north":{"uv":[92,181],"uv_size":[7,7]},"east":{"uv":[94,195],"uv_size":[-2,2]},"south":{"uv":[99,181],"uv_size":[-7,7]},"west":{"uv":[108,196],"uv_size":[-6,1]},"up":{"uv":[92,188],"uv_size":[7,-7]},"down":{"uv":[92,188],"uv_size":[7,-7]}}},{"origin":[9.28,3.47756,-32.53763],"size":[4.64,4.80488,1.74],"uv":{"north":{"uv":[92,181],"uv_size":[7,7]},"east":{"uv":[94,195],"uv_size":[-2,2]},"south":{"uv":[99,181],"uv_size":[-7,7]},"west":{"uv":[108,196],"uv_size":[-6,1]},"up":{"uv":[92,188],"uv_size":[7,-7]},"down":{"uv":[92,188],"uv_size":[7,-7]}}},{"origin":[9.27968,3.47724,-22.67795],"size":[4.64064,4.80552,1.74064],"inflate":0.002,"pivot":[11.02,5.88,-26.73763],"rotation":[-45,0,0],"uv":{"north":{"uv":[99,181],"uv_size":[-7,7]},"east":{"uv":[94,195],"uv_size":[-2,2]},"south":{"uv":[99,181],"uv_size":[-7,7]},"west":{"uv":[108,196],"uv_size":[-6,1]},"up":{"uv":[92,188],"uv_size":[7,-7]},"down":{"uv":[92,188],"uv_size":[7,-7]}}},{"origin":[9.28,3.47756,-22.67763],"size":[4.64,4.80488,1.74],"uv":{"north":{"uv":[99,181],"uv_size":[-7,7]},"east":{"uv":[94,195],"uv_size":[-2,2]},"south":{"uv":[99,181],"uv_size":[-7,7]},"west":{"uv":[108,196],"uv_size":[-6,1]},"up":{"uv":[92,188],"uv_size":[7,-7]},"down":{"uv":[92,188],"uv_size":[7,-7]}}},{"origin":[9.27968,0.07968,-29.14039],"size":[4.64064,1.74064,4.80552],"inflate":0.002,"pivot":[11.02,5.88,-26.73763],"rotation":[-45,0,0],"uv":{"north":{"uv":[82,185],"uv_size":[0,0]},"east":{"uv":[94,195],"uv_size":[-2,2]},"south":{"uv":[99,181],"uv_size":[-7,7]},"west":{"uv":[108,196],"uv_size":[-6,1]},"up":{"uv":[92,188],"uv_size":[7,-7]},"down":{"uv":[92,188],"uv_size":[7,-7]}}},{"origin":[9.27968,9.93968,-29.14039],"size":[4.64064,1.74064,4.80552],"inflate":0.002,"pivot":[11.02,5.88,-26.73763],"rotation":[-45,0,0],"uv":{"north":{"uv":[82,185],"uv_size":[0,0]},"east":{"uv":[94,195],"uv_size":[-2,2]},"south":{"uv":[99,181],"uv_size":[-7,7]},"west":{"uv":[108,196],"uv_size":[-6,1]},"up":{"uv":[92,188],"uv_size":[7,-7]},"down":{"uv":[92,188],"uv_size":[7,-7]}}},{"origin":[9.28,9.94,-29.14007],"size":[4.64,1.74,4.80488],"uv":{"north":{"uv":[82,185],"uv_size":[0,0]},"east":{"uv":[94,195],"uv_size":[-2,2]},"south":{"uv":[99,181],"uv_size":[-7,7]},"west":{"uv":[108,196],"uv_size":[-6,1]},"up":{"uv":[92,188],"uv_size":[7,-7]},"down":{"uv":[92,188],"uv_size":[7,-7]}}},{"origin":[9.86,1.24,-28.47763],"size":[3.48,9.28,3.48],"uv":{"north":{"uv":[108,198],"uv_size":[-4,8]},"east":{"uv":[105,203],"uv_size":[0,0]},"south":{"uv":[108,198],"uv_size":[-4,8]},"west":{"uv":[108,197],"uv_size":[-4,10]},"up":{"uv":[104,206],"uv_size":[4,-8]},"down":{"uv":[104,206],"uv_size":[4,-8]}}},{"origin":[9.86,1.704,-30.79763],"size":[3.48,8.12,2.32],"uv":{"north":{"uv":[108,198],"uv_size":[-4,8]},"east":{"uv":[105,203],"uv_size":[0,0]},"south":{"uv":[108,198],"uv_size":[-4,8]},"west":{"uv":[110,197.7],"uv_size":[-2,8.8]},"up":{"uv":[104,206],"uv_size":[4,-8]},"down":{"uv":[104,206],"uv_size":[4,-8]}}},{"origin":[9.86,1.82,-24.99763],"size":[3.48,8.004,2.32],"uv":{"north":{"uv":[108,198],"uv_size":[-4,8]},"east":{"uv":[105,203],"uv_size":[0,0]},"south":{"uv":[108,198],"uv_size":[-4,8]},"west":{"uv":[104,197.7],"uv_size":[-2,8.7]},"up":{"uv":[104,206],"uv_size":[4,-8]},"down":{"uv":[104,206],"uv_size":[4,-8]}}}]},{"name":"wheel2","parent":"humvee","pivot":[-12.2264,5.9216,-26.84]},{"name":"rotatingWheel2","parent":"wheel2","pivot":[-11.6,5.86418,-26.73763],"cubes":[{"origin":[-13.92,0.08,-29.14007],"size":[4.64,1.74,4.80488],"uv":{"north":{"uv":[82,185],"uv_size":[0,0]},"east":{"uv":[102,196],"uv_size":[6,1]},"south":{"uv":[92,181],"uv_size":[7,7]},"west":{"uv":[92,195],"uv_size":[2,2]},"up":{"uv":[99,188],"uv_size":[-7,-7]},"down":{"uv":[99,188],"uv_size":[-7,-7]}}},{"origin":[-13.92032,3.47724,-32.53795],"size":[4.64064,4.80552,1.74064],"inflate":0.002,"pivot":[-11.02,5.88,-26.73763],"rotation":[-45,0,0],"uv":{"north":{"uv":[99,181],"uv_size":[-7,7]},"east":{"uv":[102,196],"uv_size":[6,1]},"south":{"uv":[92,181],"uv_size":[7,7]},"west":{"uv":[92,195],"uv_size":[2,2]},"up":{"uv":[99,188],"uv_size":[-7,-7]},"down":{"uv":[99,188],"uv_size":[-7,-7]}}},{"origin":[-13.92,3.47756,-32.53763],"size":[4.64,4.80488,1.74],"uv":{"north":{"uv":[99,181],"uv_size":[-7,7]},"east":{"uv":[102,196],"uv_size":[6,1]},"south":{"uv":[92,181],"uv_size":[7,7]},"west":{"uv":[92,195],"uv_size":[2,2]},"up":{"uv":[99,188],"uv_size":[-7,-7]},"down":{"uv":[99,188],"uv_size":[-7,-7]}}},{"origin":[-13.92032,3.47724,-22.67795],"size":[4.64064,4.80552,1.74064],"inflate":0.002,"pivot":[-11.02,5.88,-26.73763],"rotation":[-45,0,0],"uv":{"north":{"uv":[99,181],"uv_size":[-7,7]},"east":{"uv":[102,196],"uv_size":[6,1]},"south":{"uv":[92,181],"uv_size":[7,7]},"west":{"uv":[92,195],"uv_size":[2,2]},"up":{"uv":[99,188],"uv_size":[-7,-7]},"down":{"uv":[99,188],"uv_size":[-7,-7]}}},{"origin":[-13.92,3.47756,-22.67763],"size":[4.64,4.80488,1.74],"uv":{"north":{"uv":[99,181],"uv_size":[-7,7]},"east":{"uv":[102,196],"uv_size":[6,1]},"south":{"uv":[92,181],"uv_size":[7,7]},"west":{"uv":[92,195],"uv_size":[2,2]},"up":{"uv":[99,188],"uv_size":[-7,-7]},"down":{"uv":[99,188],"uv_size":[-7,-7]}}},{"origin":[-13.92032,0.07968,-29.14039],"size":[4.64064,1.74064,4.80552],"inflate":0.002,"pivot":[-11.02,5.88,-26.73763],"rotation":[-45,0,0],"uv":{"north":{"uv":[82,185],"uv_size":[0,0]},"east":{"uv":[102,196],"uv_size":[6,1]},"south":{"uv":[92,181],"uv_size":[7,7]},"west":{"uv":[92,195],"uv_size":[2,2]},"up":{"uv":[99,188],"uv_size":[-7,-7]},"down":{"uv":[99,188],"uv_size":[-7,-7]}}},{"origin":[-13.92032,9.93968,-29.14039],"size":[4.64064,1.74064,4.80552],"inflate":0.002,"pivot":[-11.02,5.88,-26.73763],"rotation":[-45,0,0],"uv":{"north":{"uv":[82,185],"uv_size":[0,0]},"east":{"uv":[102,196],"uv_size":[6,1]},"south":{"uv":[92,181],"uv_size":[7,7]},"west":{"uv":[92,195],"uv_size":[2,2]},"up":{"uv":[99,188],"uv_size":[-7,-7]},"down":{"uv":[99,188],"uv_size":[-7,-7]}}},{"origin":[-13.92,9.94,-29.14007],"size":[4.64,1.74,4.80488],"uv":{"north":{"uv":[82,185],"uv_size":[0,0]},"east":{"uv":[102,196],"uv_size":[6,1]},"south":{"uv":[92,181],"uv_size":[7,7]},"west":{"uv":[92,195],"uv_size":[2,2]},"up":{"uv":[99,188],"uv_size":[-7,-7]},"down":{"uv":[99,188],"uv_size":[-7,-7]}}},{"origin":[-13.34,1.24,-28.47763],"size":[3.48,9.28,3.48],"uv":{"north":{"uv":[104,198],"uv_size":[4,8]},"east":{"uv":[104,197],"uv_size":[4,10]},"south":{"uv":[104,198],"uv_size":[4,8]},"west":{"uv":[105,203],"uv_size":[0,0]},"up":{"uv":[108,206],"uv_size":[-4,-8]},"down":{"uv":[108,206],"uv_size":[-4,-8]}}},{"origin":[-13.34,1.704,-30.79763],"size":[3.48,8.12,2.32],"uv":{"north":{"uv":[104,198],"uv_size":[4,8]},"east":{"uv":[108,197.7],"uv_size":[2,8.8]},"south":{"uv":[104,198],"uv_size":[4,8]},"west":{"uv":[105,203],"uv_size":[0,0]},"up":{"uv":[108,206],"uv_size":[-4,-8]},"down":{"uv":[108,206],"uv_size":[-4,-8]}}},{"origin":[-13.34,1.82,-24.99763],"size":[3.48,8.004,2.32],"uv":{"north":{"uv":[104,198],"uv_size":[4,8]},"east":{"uv":[102,197.7],"uv_size":[2,8.7]},"south":{"uv":[104,198],"uv_size":[4,8]},"west":{"uv":[105,203],"uv_size":[0,0]},"up":{"uv":[108,206],"uv_size":[-4,-8]},"down":{"uv":[108,206],"uv_size":[-4,-8]}}}]},{"name":"wheel_back_right","parent":"humvee","pivot":[-12.2264,7.9216,17.1216]},{"name":"wheel3","parent":"wheel_back_right","pivot":[-13.6,5.86418,18.27037],"cubes":[{"origin":[-13.92,0.08,15.86793],"size":[4.64,1.74,4.80488],"uv":{"north":{"uv":[82,185],"uv_size":[0,0]},"east":{"uv":[102,196],"uv_size":[6,1]},"south":{"uv":[92,181],"uv_size":[7,7]},"west":{"uv":[92,195],"uv_size":[2,2]},"up":{"uv":[99,188],"uv_size":[-7,-7]},"down":{"uv":[99,188],"uv_size":[-7,-7]}}},{"origin":[-13.92032,3.47724,12.47005],"size":[4.64064,4.80552,1.74064],"inflate":0.002,"pivot":[-11.02,5.88,18.27037],"rotation":[-45,0,0],"uv":{"north":{"uv":[99,181],"uv_size":[-7,7]},"east":{"uv":[102,196],"uv_size":[6,1]},"south":{"uv":[92,181],"uv_size":[7,7]},"west":{"uv":[92,195],"uv_size":[2,2]},"up":{"uv":[99,188],"uv_size":[-7,-7]},"down":{"uv":[99,188],"uv_size":[-7,-7]}}},{"origin":[-13.92,3.47756,12.47037],"size":[4.64,4.80488,1.74],"uv":{"north":{"uv":[99,181],"uv_size":[-7,7]},"east":{"uv":[102,196],"uv_size":[6,1]},"south":{"uv":[92,181],"uv_size":[7,7]},"west":{"uv":[92,195],"uv_size":[2,2]},"up":{"uv":[99,188],"uv_size":[-7,-7]},"down":{"uv":[99,188],"uv_size":[-7,-7]}}},{"origin":[-13.92032,3.47724,22.33005],"size":[4.64064,4.80552,1.74064],"inflate":0.002,"pivot":[-11.02,5.88,18.27037],"rotation":[-45,0,0],"uv":{"north":{"uv":[99,181],"uv_size":[-7,7]},"east":{"uv":[102,196],"uv_size":[6,1]},"south":{"uv":[92,181],"uv_size":[7,7]},"west":{"uv":[92,195],"uv_size":[2,2]},"up":{"uv":[99,188],"uv_size":[-7,-7]},"down":{"uv":[99,188],"uv_size":[-7,-7]}}},{"origin":[-13.92,3.47756,22.33037],"size":[4.64,4.80488,1.74],"uv":{"north":{"uv":[99,181],"uv_size":[-7,7]},"east":{"uv":[102,196],"uv_size":[6,1]},"south":{"uv":[92,181],"uv_size":[7,7]},"west":{"uv":[92,195],"uv_size":[2,2]},"up":{"uv":[99,188],"uv_size":[-7,-7]},"down":{"uv":[99,188],"uv_size":[-7,-7]}}},{"origin":[-13.92032,0.07968,15.86761],"size":[4.64064,1.74064,4.80552],"inflate":0.002,"pivot":[-11.02,5.88,18.27037],"rotation":[-45,0,0],"uv":{"north":{"uv":[82,185],"uv_size":[0,0]},"east":{"uv":[102,196],"uv_size":[6,1]},"south":{"uv":[92,181],"uv_size":[7,7]},"west":{"uv":[92,195],"uv_size":[2,2]},"up":{"uv":[99,188],"uv_size":[-7,-7]},"down":{"uv":[99,188],"uv_size":[-7,-7]}}},{"origin":[-13.92032,9.93968,15.86761],"size":[4.64064,1.74064,4.80552],"inflate":0.002,"pivot":[-11.02,5.88,18.27037],"rotation":[-45,0,0],"uv":{"north":{"uv":[82,185],"uv_size":[0,0]},"east":{"uv":[102,196],"uv_size":[6,1]},"south":{"uv":[92,181],"uv_size":[7,7]},"west":{"uv":[92,195],"uv_size":[2,2]},"up":{"uv":[99,188],"uv_size":[-7,-7]},"down":{"uv":[99,188],"uv_size":[-7,-7]}}},{"origin":[-13.92,9.94,15.86793],"size":[4.64,1.74,4.80488],"uv":{"north":{"uv":[82,185],"uv_size":[0,0]},"east":{"uv":[102,196],"uv_size":[6,1]},"south":{"uv":[92,181],"uv_size":[7,7]},"west":{"uv":[92,195],"uv_size":[2,2]},"up":{"uv":[99,188],"uv_size":[-7,-7]},"down":{"uv":[99,188],"uv_size":[-7,-7]}}},{"origin":[-13.34,1.24,16.53037],"size":[3.48,9.28,3.48],"uv":{"north":{"uv":[104,198],"uv_size":[4,8]},"east":{"uv":[104,197],"uv_size":[4,10]},"south":{"uv":[104,198],"uv_size":[4,8]},"west":{"uv":[105,203],"uv_size":[0,0]},"up":{"uv":[108,206],"uv_size":[-4,-8]},"down":{"uv":[108,206],"uv_size":[-4,-8]}}},{"origin":[-13.34,1.704,14.21037],"size":[3.48,8.12,2.32],"uv":{"north":{"uv":[104,198],"uv_size":[4,8]},"east":{"uv":[108,197.7],"uv_size":[2,8.8]},"south":{"uv":[104,198],"uv_size":[4,8]},"west":{"uv":[105,203],"uv_size":[0,0]},"up":{"uv":[108,206],"uv_size":[-4,-8]},"down":{"uv":[108,206],"uv_size":[-4,-8]}}},{"origin":[-13.34,1.82,20.01037],"size":[3.48,8.004,2.32],"uv":{"north":{"uv":[104,198],"uv_size":[4,8]},"east":{"uv":[102,197.7],"uv_size":[2,8.7]},"south":{"uv":[104,198],"uv_size":[4,8]},"west":{"uv":[105,203],"uv_size":[0,0]},"up":{"uv":[108,206],"uv_size":[-4,-8]},"down":{"uv":[108,206],"uv_size":[-4,-8]}}}]},{"name":"wheel_back_left","parent":"humvee","pivot":[12.2264,7.9216,17.1216]},{"name":"wheel4","parent":"wheel_back_left","pivot":[13.6,5.86418,18.27037],"cubes":[{"origin":[9.28,0.08,15.86793],"size":[4.64,1.74,4.80488],"uv":{"north":{"uv":[82,185],"uv_size":[0,0]},"east":{"uv":[94,195],"uv_size":[-2,2]},"south":{"uv":[99,181],"uv_size":[-7,7]},"west":{"uv":[108,196],"uv_size":[-6,1]},"up":{"uv":[92,188],"uv_size":[7,-7]},"down":{"uv":[92,188],"uv_size":[7,-7]}}},{"origin":[9.27968,3.47724,12.47005],"size":[4.64064,4.80552,1.74064],"inflate":0.002,"pivot":[11.02,5.88,18.27037],"rotation":[-45,0,0],"uv":{"north":{"uv":[92,181],"uv_size":[7,7]},"east":{"uv":[94,195],"uv_size":[-2,2]},"south":{"uv":[99,181],"uv_size":[-7,7]},"west":{"uv":[108,196],"uv_size":[-6,1]},"up":{"uv":[92,188],"uv_size":[7,-7]},"down":{"uv":[92,188],"uv_size":[7,-7]}}},{"origin":[9.28,3.47756,12.47037],"size":[4.64,4.80488,1.74],"uv":{"north":{"uv":[92,181],"uv_size":[7,7]},"east":{"uv":[94,195],"uv_size":[-2,2]},"south":{"uv":[99,181],"uv_size":[-7,7]},"west":{"uv":[108,196],"uv_size":[-6,1]},"up":{"uv":[92,188],"uv_size":[7,-7]},"down":{"uv":[92,188],"uv_size":[7,-7]}}},{"origin":[9.27968,3.47724,22.33005],"size":[4.64064,4.80552,1.74064],"inflate":0.002,"pivot":[11.02,5.88,18.27037],"rotation":[-45,0,0],"uv":{"north":{"uv":[99,181],"uv_size":[-7,7]},"east":{"uv":[94,195],"uv_size":[-2,2]},"south":{"uv":[99,181],"uv_size":[-7,7]},"west":{"uv":[108,196],"uv_size":[-6,1]},"up":{"uv":[92,188],"uv_size":[7,-7]},"down":{"uv":[92,188],"uv_size":[7,-7]}}},{"origin":[9.28,3.47756,22.33037],"size":[4.64,4.80488,1.74],"uv":{"north":{"uv":[99,181],"uv_size":[-7,7]},"east":{"uv":[94,195],"uv_size":[-2,2]},"south":{"uv":[99,181],"uv_size":[-7,7]},"west":{"uv":[108,196],"uv_size":[-6,1]},"up":{"uv":[92,188],"uv_size":[7,-7]},"down":{"uv":[92,188],"uv_size":[7,-7]}}},{"origin":[9.27968,0.07968,15.86761],"size":[4.64064,1.74064,4.80552],"inflate":0.002,"pivot":[11.02,5.88,18.27037],"rotation":[-45,0,0],"uv":{"north":{"uv":[82,185],"uv_size":[0,0]},"east":{"uv":[94,195],"uv_size":[-2,2]},"south":{"uv":[99,181],"uv_size":[-7,7]},"west":{"uv":[108,196],"uv_size":[-6,1]},"up":{"uv":[92,188],"uv_size":[7,-7]},"down":{"uv":[92,188],"uv_size":[7,-7]}}},{"origin":[9.27968,9.93968,15.86761],"size":[4.64064,1.74064,4.80552],"inflate":0.002,"pivot":[11.02,5.88,18.27037],"rotation":[-45,0,0],"uv":{"north":{"uv":[82,185],"uv_size":[0,0]},"east":{"uv":[94,195],"uv_size":[-2,2]},"south":{"uv":[99,181],"uv_size":[-7,7]},"west":{"uv":[108,196],"uv_size":[-6,1]},"up":{"uv":[92,188],"uv_size":[7,-7]},"down":{"uv":[92,188],"uv_size":[7,-7]}}},{"origin":[9.28,9.94,15.86793],"size":[4.64,1.74,4.80488],"uv":{"north":{"uv":[82,185],"uv_size":[0,0]},"east":{"uv":[94,195],"uv_size":[-2,2]},"south":{"uv":[99,181],"uv_size":[-7,7]},"west":{"uv":[108,196],"uv_size":[-6,1]},"up":{"uv":[92,188],"uv_size":[7,-7]},"down":{"uv":[92,188],"uv_size":[7,-7]}}},{"origin":[9.86,1.24,16.53037],"size":[3.48,9.28,3.48],"uv":{"north":{"uv":[108,198],"uv_size":[-4,8]},"east":{"uv":[105,203],"uv_size":[0,0]},"south":{"uv":[108,198],"uv_size":[-4,8]},"west":{"uv":[108,197],"uv_size":[-4,10]},"up":{"uv":[104,206],"uv_size":[4,-8]},"down":{"uv":[104,206],"uv_size":[4,-8]}}},{"origin":[9.86,1.704,14.21037],"size":[3.48,8.12,2.32],"uv":{"north":{"uv":[108,198],"uv_size":[-4,8]},"east":{"uv":[105,203],"uv_size":[0,0]},"south":{"uv":[108,198],"uv_size":[-4,8]},"west":{"uv":[110,197.7],"uv_size":[-2,8.8]},"up":{"uv":[104,206],"uv_size":[4,-8]},"down":{"uv":[104,206],"uv_size":[4,-8]}}},{"origin":[9.86,1.82,20.01037],"size":[3.48,8.004,2.32],"uv":{"north":{"uv":[108,198],"uv_size":[-4,8]},"east":{"uv":[105,203],"uv_size":[0,0]},"south":{"uv":[108,198],"uv_size":[-4,8]},"west":{"uv":[104,197.7],"uv_size":[-2,8.7]},"up":{"uv":[104,206],"uv_size":[4,-8]},"down":{"uv":[104,206],"uv_size":[4,-8]}}}]}]}]}
