{"format_version":"1.10.0","minecraft:client_entity":{"description":{"identifier":"galactixpe:funko","materials":{"default":"bat"},"textures":{"default":"textures/entity/funko/funko_steve","variant1":"textures/entity/funko/funko_datalion","variant2":"textures/entity/funko/funko_emilio","variant3":"textures/entity/funko/funko_julian","variant4":"textures/entity/funko/funko_juultastic","variant5":"textures/entity/funko/funko_myrfia","variant6":"textures/entity/funko/funko_zaid","variant7":"textures/entity/funko/funko_itzsumm","variant8":"textures/entity/funko/funko_nickgoof","variant9":"textures/entity/funko/funko_angelaxhemmo","variant10":"textures/entity/funko/funko_mohamed","variant11":"textures/entity/funko/funko_glabbies","variant12":"textures/entity/funko/funko_itsemirrr","variant13":"textures/entity/funko/funko_xemeri","variant14":"textures/entity/funko/funko_zerobead","variant15":"textures/entity/funko/funko_smokyjent","variant16":"textures/entity/funko/funko_jundo18","variant17":"textures/entity/funko/funko_maureen","variant18":"textures/entity/funko/funko_ruben","variant19":"textures/entity/funko/funko_timo","variant20":"textures/entity/funko/funko_luc"},"geometry":{"default":"geometry.funko_pop"},"scripts":{"pre_animation":["variable.textureindex = query.variant;"]},"render_controllers":["controller.render.funk_pop"]}}}
