{"format_version":"1.10.0","minecraft:client_entity":{"description":{"identifier":"galactixpe:mail_man","materials":{"default":"bat"},"textures":{"default":"textures/entity/mailman"},"geometry":{"default":"geometry.mailman"},"animations":{"ambient_main":"animation.mailman.ambient_main","ambient_blink":"animation.mailman.ambient_blink","ambient_look_around":"animation.mailman.ambient_look_around","ambient_sleep":"animation.mailman.ambient_sleep","ambient_crazy":"animation.mailman.ambient_crazy","talking_1":"animation.mailman.talking_1","talking_2":"animation.mailman.talking_2","talking_3":"animation.mailman.talking_3","talking_4":"animation.mailman.talking_4"},"render_controllers":["controller.render.default"]}}}
