{"format_version":"1.10.0","minecraft:client_entity":{"description":{"identifier":"galactixpe:slotmachine","materials":{"default":"entity","alpha":"entity_alphatest"},"textures":{"default":"textures/entity/slotmachines/slotmachine_paars","variant1":"textures/entity/slotmachines/slotmachine_paars","variant2":"textures/entity/slotmachines/slotmachine_blauw","variant3":"textures/entity/slotmachines/slotmachine_geel","variant4":"textures/entity/slotmachines/slotmachine_groen","variant5":"textures/entity/slotmachines/slotmachine_rood","variant6":"textures/entity/slotmachines/slotmachine_roze"},"geometry":{"default":"geometry.slotmachine"},"animations":{"spin_1_1_1":"animation.slotmachine.spin_1_1_1","spin_1_1_2":"animation.slotmachine.spin_1_1_2","spin_1_1_3":"animation.slotmachine.spin_1_1_3","spin_1_1_4":"animation.slotmachine.spin_1_1_4","spin_1_1_5":"animation.slotmachine.spin_1_1_5","spin_1_1_6":"animation.slotmachine.spin_1_1_6","spin_1_1_7":"animation.slotmachine.spin_1_1_7","spin_1_1_8":"animation.slotmachine.spin_1_1_8","spin_1_2_1":"animation.slotmachine.spin_1_2_1","spin_1_2_2":"animation.slotmachine.spin_1_2_2","spin_1_2_3":"animation.slotmachine.spin_1_2_3","spin_1_2_4":"animation.slotmachine.spin_1_2_4","spin_1_2_5":"animation.slotmachine.spin_1_2_5","spin_1_2_6":"animation.slotmachine.spin_1_2_6","spin_1_2_7":"animation.slotmachine.spin_1_2_7","spin_1_2_8":"animation.slotmachine.spin_1_2_8","spin_1_3_1":"animation.slotmachine.spin_1_3_1","spin_1_3_2":"animation.slotmachine.spin_1_3_2","spin_1_3_3":"animation.slotmachine.spin_1_3_3","spin_1_3_4":"animation.slotmachine.spin_1_3_4","spin_1_3_5":"animation.slotmachine.spin_1_3_5","spin_1_3_6":"animation.slotmachine.spin_1_3_6","spin_1_3_7":"animation.slotmachine.spin_1_3_7","spin_1_3_8":"animation.slotmachine.spin_1_3_8","spin_1_4_1":"animation.slotmachine.spin_1_4_1","spin_1_4_2":"animation.slotmachine.spin_1_4_2","spin_1_4_3":"animation.slotmachine.spin_1_4_3","spin_1_4_4":"animation.slotmachine.spin_1_4_4","spin_1_4_5":"animation.slotmachine.spin_1_4_5","spin_1_4_6":"animation.slotmachine.spin_1_4_6","spin_1_4_7":"animation.slotmachine.spin_1_4_7","spin_1_4_8":"animation.slotmachine.spin_1_4_8","spin_1_5_1":"animation.slotmachine.spin_1_5_1","spin_1_5_2":"animation.slotmachine.spin_1_5_2","spin_1_5_3":"animation.slotmachine.spin_1_5_3","spin_1_5_4":"animation.slotmachine.spin_1_5_4","spin_1_5_5":"animation.slotmachine.spin_1_5_5","spin_1_5_6":"animation.slotmachine.spin_1_5_6","spin_1_5_7":"animation.slotmachine.spin_1_5_7","spin_1_5_8":"animation.slotmachine.spin_1_5_8","spin_1_6_1":"animation.slotmachine.spin_1_6_1","spin_1_6_2":"animation.slotmachine.spin_1_6_2","spin_1_6_3":"animation.slotmachine.spin_1_6_3","spin_1_6_4":"animation.slotmachine.spin_1_6_4","spin_1_6_5":"animation.slotmachine.spin_1_6_5","spin_1_6_6":"animation.slotmachine.spin_1_6_6","spin_1_6_7":"animation.slotmachine.spin_1_6_7","spin_1_6_8":"animation.slotmachine.spin_1_6_8","spin_1_7_1":"animation.slotmachine.spin_1_7_1","spin_1_7_2":"animation.slotmachine.spin_1_7_2","spin_1_7_3":"animation.slotmachine.spin_1_7_3","spin_1_7_4":"animation.slotmachine.spin_1_7_4","spin_1_7_5":"animation.slotmachine.spin_1_7_5","spin_1_7_6":"animation.slotmachine.spin_1_7_6","spin_1_7_7":"animation.slotmachine.spin_1_7_7","spin_1_7_8":"animation.slotmachine.spin_1_7_8","spin_1_8_1":"animation.slotmachine.spin_1_8_1","spin_1_8_2":"animation.slotmachine.spin_1_8_2","spin_1_8_3":"animation.slotmachine.spin_1_8_3","spin_1_8_4":"animation.slotmachine.spin_1_8_4","spin_1_8_5":"animation.slotmachine.spin_1_8_5","spin_1_8_6":"animation.slotmachine.spin_1_8_6","spin_1_8_7":"animation.slotmachine.spin_1_8_7","spin_1_8_8":"animation.slotmachine.spin_1_8_8","spin_2_1_1":"animation.slotmachine.spin_2_1_1","spin_2_1_2":"animation.slotmachine.spin_2_1_2","spin_2_1_3":"animation.slotmachine.spin_2_1_3","spin_2_1_4":"animation.slotmachine.spin_2_1_4","spin_2_1_5":"animation.slotmachine.spin_2_1_5","spin_2_1_6":"animation.slotmachine.spin_2_1_6","spin_2_1_7":"animation.slotmachine.spin_2_1_7","spin_2_1_8":"animation.slotmachine.spin_2_1_8","spin_2_2_1":"animation.slotmachine.spin_2_2_1","spin_2_2_2":"animation.slotmachine.spin_2_2_2","spin_2_2_3":"animation.slotmachine.spin_2_2_3","spin_2_2_4":"animation.slotmachine.spin_2_2_4","spin_2_2_5":"animation.slotmachine.spin_2_2_5","spin_2_2_6":"animation.slotmachine.spin_2_2_6","spin_2_2_7":"animation.slotmachine.spin_2_2_7","spin_2_2_8":"animation.slotmachine.spin_2_2_8","spin_2_3_1":"animation.slotmachine.spin_2_3_1","spin_2_3_2":"animation.slotmachine.spin_2_3_2","spin_2_3_3":"animation.slotmachine.spin_2_3_3","spin_2_3_4":"animation.slotmachine.spin_2_3_4","spin_2_3_5":"animation.slotmachine.spin_2_3_5","spin_2_3_6":"animation.slotmachine.spin_2_3_6","spin_2_3_7":"animation.slotmachine.spin_2_3_7","spin_2_3_8":"animation.slotmachine.spin_2_3_8","spin_2_4_1":"animation.slotmachine.spin_2_4_1","spin_2_4_2":"animation.slotmachine.spin_2_4_2","spin_2_4_3":"animation.slotmachine.spin_2_4_3","spin_2_4_4":"animation.slotmachine.spin_2_4_4","spin_2_4_5":"animation.slotmachine.spin_2_4_5","spin_2_4_6":"animation.slotmachine.spin_2_4_6","spin_2_4_7":"animation.slotmachine.spin_2_4_7","spin_2_4_8":"animation.slotmachine.spin_2_4_8","spin_2_5_1":"animation.slotmachine.spin_2_5_1","spin_2_5_2":"animation.slotmachine.spin_2_5_2","spin_2_5_3":"animation.slotmachine.spin_2_5_3","spin_2_5_4":"animation.slotmachine.spin_2_5_4","spin_2_5_5":"animation.slotmachine.spin_2_5_5","spin_2_5_6":"animation.slotmachine.spin_2_5_6","spin_2_5_7":"animation.slotmachine.spin_2_5_7","spin_2_5_8":"animation.slotmachine.spin_2_5_8","spin_2_6_1":"animation.slotmachine.spin_2_6_1","spin_2_6_2":"animation.slotmachine.spin_2_6_2","spin_2_6_3":"animation.slotmachine.spin_2_6_3","spin_2_6_4":"animation.slotmachine.spin_2_6_4","spin_2_6_5":"animation.slotmachine.spin_2_6_5","spin_2_6_6":"animation.slotmachine.spin_2_6_6","spin_2_6_7":"animation.slotmachine.spin_2_6_7","spin_2_6_8":"animation.slotmachine.spin_2_6_8","spin_2_7_1":"animation.slotmachine.spin_2_7_1","spin_2_7_2":"animation.slotmachine.spin_2_7_2","spin_2_7_3":"animation.slotmachine.spin_2_7_3","spin_2_7_4":"animation.slotmachine.spin_2_7_4","spin_2_7_5":"animation.slotmachine.spin_2_7_5","spin_2_7_6":"animation.slotmachine.spin_2_7_6","spin_2_7_7":"animation.slotmachine.spin_2_7_7","spin_2_7_8":"animation.slotmachine.spin_2_7_8","spin_2_8_1":"animation.slotmachine.spin_2_8_1","spin_2_8_2":"animation.slotmachine.spin_2_8_2","spin_2_8_3":"animation.slotmachine.spin_2_8_3","spin_2_8_4":"animation.slotmachine.spin_2_8_4","spin_2_8_5":"animation.slotmachine.spin_2_8_5","spin_2_8_6":"animation.slotmachine.spin_2_8_6","spin_2_8_7":"animation.slotmachine.spin_2_8_7","spin_2_8_8":"animation.slotmachine.spin_2_8_8","spin_3_1_1":"animation.slotmachine.spin_3_1_1","spin_3_1_2":"animation.slotmachine.spin_3_1_2","spin_3_1_3":"animation.slotmachine.spin_3_1_3","spin_3_1_4":"animation.slotmachine.spin_3_1_4","spin_3_1_5":"animation.slotmachine.spin_3_1_5","spin_3_1_6":"animation.slotmachine.spin_3_1_6","spin_3_1_7":"animation.slotmachine.spin_3_1_7","spin_3_1_8":"animation.slotmachine.spin_3_1_8","spin_3_2_1":"animation.slotmachine.spin_3_2_1","spin_3_2_2":"animation.slotmachine.spin_3_2_2","spin_3_2_3":"animation.slotmachine.spin_3_2_3","spin_3_2_4":"animation.slotmachine.spin_3_2_4","spin_3_2_5":"animation.slotmachine.spin_3_2_5","spin_3_2_6":"animation.slotmachine.spin_3_2_6","spin_3_2_7":"animation.slotmachine.spin_3_2_7","spin_3_2_8":"animation.slotmachine.spin_3_2_8","spin_3_3_1":"animation.slotmachine.spin_3_3_1","spin_3_3_2":"animation.slotmachine.spin_3_3_2","spin_3_3_3":"animation.slotmachine.spin_3_3_3","spin_3_3_4":"animation.slotmachine.spin_3_3_4","spin_3_3_5":"animation.slotmachine.spin_3_3_5","spin_3_3_6":"animation.slotmachine.spin_3_3_6","spin_3_3_7":"animation.slotmachine.spin_3_3_7","spin_3_3_8":"animation.slotmachine.spin_3_3_8","spin_3_4_1":"animation.slotmachine.spin_3_4_1","spin_3_4_2":"animation.slotmachine.spin_3_4_2","spin_3_4_3":"animation.slotmachine.spin_3_4_3","spin_3_4_4":"animation.slotmachine.spin_3_4_4","spin_3_4_5":"animation.slotmachine.spin_3_4_5","spin_3_4_6":"animation.slotmachine.spin_3_4_6","spin_3_4_7":"animation.slotmachine.spin_3_4_7","spin_3_4_8":"animation.slotmachine.spin_3_4_8","spin_3_5_1":"animation.slotmachine.spin_3_5_1","spin_3_5_2":"animation.slotmachine.spin_3_5_2","spin_3_5_3":"animation.slotmachine.spin_3_5_3","spin_3_5_4":"animation.slotmachine.spin_3_5_4","spin_3_5_5":"animation.slotmachine.spin_3_5_5","spin_3_5_6":"animation.slotmachine.spin_3_5_6","spin_3_5_7":"animation.slotmachine.spin_3_5_7","spin_3_5_8":"animation.slotmachine.spin_3_5_8","spin_3_6_1":"animation.slotmachine.spin_3_6_1","spin_3_6_2":"animation.slotmachine.spin_3_6_2","spin_3_6_3":"animation.slotmachine.spin_3_6_3","spin_3_6_4":"animation.slotmachine.spin_3_6_4","spin_3_6_5":"animation.slotmachine.spin_3_6_5","spin_3_6_6":"animation.slotmachine.spin_3_6_6","spin_3_6_7":"animation.slotmachine.spin_3_6_7","spin_3_6_8":"animation.slotmachine.spin_3_6_8","spin_3_7_1":"animation.slotmachine.spin_3_7_1","spin_3_7_2":"animation.slotmachine.spin_3_7_2","spin_3_7_3":"animation.slotmachine.spin_3_7_3","spin_3_7_4":"animation.slotmachine.spin_3_7_4","spin_3_7_5":"animation.slotmachine.spin_3_7_5","spin_3_7_6":"animation.slotmachine.spin_3_7_6","spin_3_7_7":"animation.slotmachine.spin_3_7_7","spin_3_7_8":"animation.slotmachine.spin_3_7_8","spin_3_8_1":"animation.slotmachine.spin_3_8_1","spin_3_8_2":"animation.slotmachine.spin_3_8_2","spin_3_8_3":"animation.slotmachine.spin_3_8_3","spin_3_8_4":"animation.slotmachine.spin_3_8_4","spin_3_8_5":"animation.slotmachine.spin_3_8_5","spin_3_8_6":"animation.slotmachine.spin_3_8_6","spin_3_8_7":"animation.slotmachine.spin_3_8_7","spin_3_8_8":"animation.slotmachine.spin_3_8_8","spin_4_1_1":"animation.slotmachine.spin_4_1_1","spin_4_1_2":"animation.slotmachine.spin_4_1_2","spin_4_1_3":"animation.slotmachine.spin_4_1_3","spin_4_1_4":"animation.slotmachine.spin_4_1_4","spin_4_1_5":"animation.slotmachine.spin_4_1_5","spin_4_1_6":"animation.slotmachine.spin_4_1_6","spin_4_1_7":"animation.slotmachine.spin_4_1_7","spin_4_1_8":"animation.slotmachine.spin_4_1_8","spin_4_2_1":"animation.slotmachine.spin_4_2_1","spin_4_2_2":"animation.slotmachine.spin_4_2_2","spin_4_2_3":"animation.slotmachine.spin_4_2_3","spin_4_2_4":"animation.slotmachine.spin_4_2_4","spin_4_2_5":"animation.slotmachine.spin_4_2_5","spin_4_2_6":"animation.slotmachine.spin_4_2_6","spin_4_2_7":"animation.slotmachine.spin_4_2_7","spin_4_2_8":"animation.slotmachine.spin_4_2_8","spin_4_3_1":"animation.slotmachine.spin_4_3_1","spin_4_3_2":"animation.slotmachine.spin_4_3_2","spin_4_3_3":"animation.slotmachine.spin_4_3_3","spin_4_3_4":"animation.slotmachine.spin_4_3_4","spin_4_3_5":"animation.slotmachine.spin_4_3_5","spin_4_3_6":"animation.slotmachine.spin_4_3_6","spin_4_3_7":"animation.slotmachine.spin_4_3_7","spin_4_3_8":"animation.slotmachine.spin_4_3_8","spin_4_4_1":"animation.slotmachine.spin_4_4_1","spin_4_4_2":"animation.slotmachine.spin_4_4_2","spin_4_4_3":"animation.slotmachine.spin_4_4_3","spin_4_4_4":"animation.slotmachine.spin_4_4_4","spin_4_4_5":"animation.slotmachine.spin_4_4_5","spin_4_4_6":"animation.slotmachine.spin_4_4_6","spin_4_4_7":"animation.slotmachine.spin_4_4_7","spin_4_4_8":"animation.slotmachine.spin_4_4_8","spin_4_5_1":"animation.slotmachine.spin_4_5_1","spin_4_5_2":"animation.slotmachine.spin_4_5_2","spin_4_5_3":"animation.slotmachine.spin_4_5_3","spin_4_5_4":"animation.slotmachine.spin_4_5_4","spin_4_5_5":"animation.slotmachine.spin_4_5_5","spin_4_5_6":"animation.slotmachine.spin_4_5_6","spin_4_5_7":"animation.slotmachine.spin_4_5_7","spin_4_5_8":"animation.slotmachine.spin_4_5_8","spin_4_6_1":"animation.slotmachine.spin_4_6_1","spin_4_6_2":"animation.slotmachine.spin_4_6_2","spin_4_6_3":"animation.slotmachine.spin_4_6_3","spin_4_6_4":"animation.slotmachine.spin_4_6_4","spin_4_6_5":"animation.slotmachine.spin_4_6_5","spin_4_6_6":"animation.slotmachine.spin_4_6_6","spin_4_6_7":"animation.slotmachine.spin_4_6_7","spin_4_6_8":"animation.slotmachine.spin_4_6_8","spin_4_7_1":"animation.slotmachine.spin_4_7_1","spin_4_7_2":"animation.slotmachine.spin_4_7_2","spin_4_7_3":"animation.slotmachine.spin_4_7_3","spin_4_7_4":"animation.slotmachine.spin_4_7_4","spin_4_7_5":"animation.slotmachine.spin_4_7_5","spin_4_7_6":"animation.slotmachine.spin_4_7_6","spin_4_7_7":"animation.slotmachine.spin_4_7_7","spin_4_7_8":"animation.slotmachine.spin_4_7_8","spin_4_8_1":"animation.slotmachine.spin_4_8_1","spin_4_8_2":"animation.slotmachine.spin_4_8_2","spin_4_8_3":"animation.slotmachine.spin_4_8_3","spin_4_8_4":"animation.slotmachine.spin_4_8_4","spin_4_8_5":"animation.slotmachine.spin_4_8_5","spin_4_8_6":"animation.slotmachine.spin_4_8_6","spin_4_8_7":"animation.slotmachine.spin_4_8_7","spin_4_8_8":"animation.slotmachine.spin_4_8_8","spin_5_1_1":"animation.slotmachine.spin_5_1_1","spin_5_1_2":"animation.slotmachine.spin_5_1_2","spin_5_1_3":"animation.slotmachine.spin_5_1_3","spin_5_1_4":"animation.slotmachine.spin_5_1_4","spin_5_1_5":"animation.slotmachine.spin_5_1_5","spin_5_1_6":"animation.slotmachine.spin_5_1_6","spin_5_1_7":"animation.slotmachine.spin_5_1_7","spin_5_1_8":"animation.slotmachine.spin_5_1_8","spin_5_2_1":"animation.slotmachine.spin_5_2_1","spin_5_2_2":"animation.slotmachine.spin_5_2_2","spin_5_2_3":"animation.slotmachine.spin_5_2_3","spin_5_2_4":"animation.slotmachine.spin_5_2_4","spin_5_2_5":"animation.slotmachine.spin_5_2_5","spin_5_2_6":"animation.slotmachine.spin_5_2_6","spin_5_2_7":"animation.slotmachine.spin_5_2_7","spin_5_2_8":"animation.slotmachine.spin_5_2_8","spin_5_3_1":"animation.slotmachine.spin_5_3_1","spin_5_3_2":"animation.slotmachine.spin_5_3_2","spin_5_3_3":"animation.slotmachine.spin_5_3_3","spin_5_3_4":"animation.slotmachine.spin_5_3_4","spin_5_3_5":"animation.slotmachine.spin_5_3_5","spin_5_3_6":"animation.slotmachine.spin_5_3_6","spin_5_3_7":"animation.slotmachine.spin_5_3_7","spin_5_3_8":"animation.slotmachine.spin_5_3_8","spin_5_4_1":"animation.slotmachine.spin_5_4_1","spin_5_4_2":"animation.slotmachine.spin_5_4_2","spin_5_4_3":"animation.slotmachine.spin_5_4_3","spin_5_4_4":"animation.slotmachine.spin_5_4_4","spin_5_4_5":"animation.slotmachine.spin_5_4_5","spin_5_4_6":"animation.slotmachine.spin_5_4_6","spin_5_4_7":"animation.slotmachine.spin_5_4_7","spin_5_4_8":"animation.slotmachine.spin_5_4_8","spin_5_5_1":"animation.slotmachine.spin_5_5_1","spin_5_5_2":"animation.slotmachine.spin_5_5_2","spin_5_5_3":"animation.slotmachine.spin_5_5_3","spin_5_5_4":"animation.slotmachine.spin_5_5_4","spin_5_5_5":"animation.slotmachine.spin_5_5_5","spin_5_5_6":"animation.slotmachine.spin_5_5_6","spin_5_5_7":"animation.slotmachine.spin_5_5_7","spin_5_5_8":"animation.slotmachine.spin_5_5_8","spin_5_6_1":"animation.slotmachine.spin_5_6_1","spin_5_6_2":"animation.slotmachine.spin_5_6_2","spin_5_6_3":"animation.slotmachine.spin_5_6_3","spin_5_6_4":"animation.slotmachine.spin_5_6_4","spin_5_6_5":"animation.slotmachine.spin_5_6_5","spin_5_6_6":"animation.slotmachine.spin_5_6_6","spin_5_6_7":"animation.slotmachine.spin_5_6_7","spin_5_6_8":"animation.slotmachine.spin_5_6_8","spin_5_7_1":"animation.slotmachine.spin_5_7_1","spin_5_7_2":"animation.slotmachine.spin_5_7_2","spin_5_7_3":"animation.slotmachine.spin_5_7_3","spin_5_7_4":"animation.slotmachine.spin_5_7_4","spin_5_7_5":"animation.slotmachine.spin_5_7_5","spin_5_7_6":"animation.slotmachine.spin_5_7_6","spin_5_7_7":"animation.slotmachine.spin_5_7_7","spin_5_7_8":"animation.slotmachine.spin_5_7_8","spin_5_8_1":"animation.slotmachine.spin_5_8_1","spin_5_8_2":"animation.slotmachine.spin_5_8_2","spin_5_8_3":"animation.slotmachine.spin_5_8_3","spin_5_8_4":"animation.slotmachine.spin_5_8_4","spin_5_8_5":"animation.slotmachine.spin_5_8_5","spin_5_8_6":"animation.slotmachine.spin_5_8_6","spin_5_8_7":"animation.slotmachine.spin_5_8_7","spin_5_8_8":"animation.slotmachine.spin_5_8_8","spin_6_1_1":"animation.slotmachine.spin_6_1_1","spin_6_1_2":"animation.slotmachine.spin_6_1_2","spin_6_1_3":"animation.slotmachine.spin_6_1_3","spin_6_1_4":"animation.slotmachine.spin_6_1_4","spin_6_1_5":"animation.slotmachine.spin_6_1_5","spin_6_1_6":"animation.slotmachine.spin_6_1_6","spin_6_1_7":"animation.slotmachine.spin_6_1_7","spin_6_1_8":"animation.slotmachine.spin_6_1_8","spin_6_2_1":"animation.slotmachine.spin_6_2_1","spin_6_2_2":"animation.slotmachine.spin_6_2_2","spin_6_2_3":"animation.slotmachine.spin_6_2_3","spin_6_2_4":"animation.slotmachine.spin_6_2_4","spin_6_2_5":"animation.slotmachine.spin_6_2_5","spin_6_2_6":"animation.slotmachine.spin_6_2_6","spin_6_2_7":"animation.slotmachine.spin_6_2_7","spin_6_2_8":"animation.slotmachine.spin_6_2_8","spin_6_3_1":"animation.slotmachine.spin_6_3_1","spin_6_3_2":"animation.slotmachine.spin_6_3_2","spin_6_3_3":"animation.slotmachine.spin_6_3_3","spin_6_3_4":"animation.slotmachine.spin_6_3_4","spin_6_3_5":"animation.slotmachine.spin_6_3_5","spin_6_3_6":"animation.slotmachine.spin_6_3_6","spin_6_3_7":"animation.slotmachine.spin_6_3_7","spin_6_3_8":"animation.slotmachine.spin_6_3_8","spin_6_4_1":"animation.slotmachine.spin_6_4_1","spin_6_4_2":"animation.slotmachine.spin_6_4_2","spin_6_4_3":"animation.slotmachine.spin_6_4_3","spin_6_4_4":"animation.slotmachine.spin_6_4_4","spin_6_4_5":"animation.slotmachine.spin_6_4_5","spin_6_4_6":"animation.slotmachine.spin_6_4_6","spin_6_4_7":"animation.slotmachine.spin_6_4_7","spin_6_4_8":"animation.slotmachine.spin_6_4_8","spin_6_5_1":"animation.slotmachine.spin_6_5_1","spin_6_5_2":"animation.slotmachine.spin_6_5_2","spin_6_5_3":"animation.slotmachine.spin_6_5_3","spin_6_5_4":"animation.slotmachine.spin_6_5_4","spin_6_5_5":"animation.slotmachine.spin_6_5_5","spin_6_5_6":"animation.slotmachine.spin_6_5_6","spin_6_5_7":"animation.slotmachine.spin_6_5_7","spin_6_5_8":"animation.slotmachine.spin_6_5_8","spin_6_6_1":"animation.slotmachine.spin_6_6_1","spin_6_6_2":"animation.slotmachine.spin_6_6_2","spin_6_6_3":"animation.slotmachine.spin_6_6_3","spin_6_6_4":"animation.slotmachine.spin_6_6_4","spin_6_6_5":"animation.slotmachine.spin_6_6_5","spin_6_6_6":"animation.slotmachine.spin_6_6_6","spin_6_6_7":"animation.slotmachine.spin_6_6_7","spin_6_6_8":"animation.slotmachine.spin_6_6_8","spin_6_7_1":"animation.slotmachine.spin_6_7_1","spin_6_7_2":"animation.slotmachine.spin_6_7_2","spin_6_7_3":"animation.slotmachine.spin_6_7_3","spin_6_7_4":"animation.slotmachine.spin_6_7_4","spin_6_7_5":"animation.slotmachine.spin_6_7_5","spin_6_7_6":"animation.slotmachine.spin_6_7_6","spin_6_7_7":"animation.slotmachine.spin_6_7_7","spin_6_7_8":"animation.slotmachine.spin_6_7_8","spin_6_8_1":"animation.slotmachine.spin_6_8_1","spin_6_8_2":"animation.slotmachine.spin_6_8_2","spin_6_8_3":"animation.slotmachine.spin_6_8_3","spin_6_8_4":"animation.slotmachine.spin_6_8_4","spin_6_8_5":"animation.slotmachine.spin_6_8_5","spin_6_8_6":"animation.slotmachine.spin_6_8_6","spin_6_8_7":"animation.slotmachine.spin_6_8_7","spin_6_8_8":"animation.slotmachine.spin_6_8_8","spin_7_1_1":"animation.slotmachine.spin_7_1_1","spin_7_1_2":"animation.slotmachine.spin_7_1_2","spin_7_1_3":"animation.slotmachine.spin_7_1_3","spin_7_1_4":"animation.slotmachine.spin_7_1_4","spin_7_1_5":"animation.slotmachine.spin_7_1_5","spin_7_1_6":"animation.slotmachine.spin_7_1_6","spin_7_1_7":"animation.slotmachine.spin_7_1_7","spin_7_1_8":"animation.slotmachine.spin_7_1_8","spin_7_2_1":"animation.slotmachine.spin_7_2_1","spin_7_2_2":"animation.slotmachine.spin_7_2_2","spin_7_2_3":"animation.slotmachine.spin_7_2_3","spin_7_2_4":"animation.slotmachine.spin_7_2_4","spin_7_2_5":"animation.slotmachine.spin_7_2_5","spin_7_2_6":"animation.slotmachine.spin_7_2_6","spin_7_2_7":"animation.slotmachine.spin_7_2_7","spin_7_2_8":"animation.slotmachine.spin_7_2_8","spin_7_3_1":"animation.slotmachine.spin_7_3_1","spin_7_3_2":"animation.slotmachine.spin_7_3_2","spin_7_3_3":"animation.slotmachine.spin_7_3_3","spin_7_3_4":"animation.slotmachine.spin_7_3_4","spin_7_3_5":"animation.slotmachine.spin_7_3_5","spin_7_3_6":"animation.slotmachine.spin_7_3_6","spin_7_3_7":"animation.slotmachine.spin_7_3_7","spin_7_3_8":"animation.slotmachine.spin_7_3_8","spin_7_4_1":"animation.slotmachine.spin_7_4_1","spin_7_4_2":"animation.slotmachine.spin_7_4_2","spin_7_4_3":"animation.slotmachine.spin_7_4_3","spin_7_4_4":"animation.slotmachine.spin_7_4_4","spin_7_4_5":"animation.slotmachine.spin_7_4_5","spin_7_4_6":"animation.slotmachine.spin_7_4_6","spin_7_4_7":"animation.slotmachine.spin_7_4_7","spin_7_4_8":"animation.slotmachine.spin_7_4_8","spin_7_5_1":"animation.slotmachine.spin_7_5_1","spin_7_5_2":"animation.slotmachine.spin_7_5_2","spin_7_5_3":"animation.slotmachine.spin_7_5_3","spin_7_5_4":"animation.slotmachine.spin_7_5_4","spin_7_5_5":"animation.slotmachine.spin_7_5_5","spin_7_5_6":"animation.slotmachine.spin_7_5_6","spin_7_5_7":"animation.slotmachine.spin_7_5_7","spin_7_5_8":"animation.slotmachine.spin_7_5_8","spin_7_6_1":"animation.slotmachine.spin_7_6_1","spin_7_6_2":"animation.slotmachine.spin_7_6_2","spin_7_6_3":"animation.slotmachine.spin_7_6_3","spin_7_6_4":"animation.slotmachine.spin_7_6_4","spin_7_6_5":"animation.slotmachine.spin_7_6_5","spin_7_6_6":"animation.slotmachine.spin_7_6_6","spin_7_6_7":"animation.slotmachine.spin_7_6_7","spin_7_6_8":"animation.slotmachine.spin_7_6_8","spin_7_7_1":"animation.slotmachine.spin_7_7_1","spin_7_7_2":"animation.slotmachine.spin_7_7_2","spin_7_7_3":"animation.slotmachine.spin_7_7_3","spin_7_7_4":"animation.slotmachine.spin_7_7_4","spin_7_7_5":"animation.slotmachine.spin_7_7_5","spin_7_7_6":"animation.slotmachine.spin_7_7_6","spin_7_7_7":"animation.slotmachine.spin_7_7_7","spin_7_7_8":"animation.slotmachine.spin_7_7_8","spin_7_8_1":"animation.slotmachine.spin_7_8_1","spin_7_8_2":"animation.slotmachine.spin_7_8_2","spin_7_8_3":"animation.slotmachine.spin_7_8_3","spin_7_8_4":"animation.slotmachine.spin_7_8_4","spin_7_8_5":"animation.slotmachine.spin_7_8_5","spin_7_8_6":"animation.slotmachine.spin_7_8_6","spin_7_8_7":"animation.slotmachine.spin_7_8_7","spin_7_8_8":"animation.slotmachine.spin_7_8_8","spin_8_1_1":"animation.slotmachine.spin_8_1_1","spin_8_1_2":"animation.slotmachine.spin_8_1_2","spin_8_1_3":"animation.slotmachine.spin_8_1_3","spin_8_1_4":"animation.slotmachine.spin_8_1_4","spin_8_1_5":"animation.slotmachine.spin_8_1_5","spin_8_1_6":"animation.slotmachine.spin_8_1_6","spin_8_1_7":"animation.slotmachine.spin_8_1_7","spin_8_1_8":"animation.slotmachine.spin_8_1_8","spin_8_2_1":"animation.slotmachine.spin_8_2_1","spin_8_2_2":"animation.slotmachine.spin_8_2_2","spin_8_2_3":"animation.slotmachine.spin_8_2_3","spin_8_2_4":"animation.slotmachine.spin_8_2_4","spin_8_2_5":"animation.slotmachine.spin_8_2_5","spin_8_2_6":"animation.slotmachine.spin_8_2_6","spin_8_2_7":"animation.slotmachine.spin_8_2_7","spin_8_2_8":"animation.slotmachine.spin_8_2_8","spin_8_3_1":"animation.slotmachine.spin_8_3_1","spin_8_3_2":"animation.slotmachine.spin_8_3_2","spin_8_3_3":"animation.slotmachine.spin_8_3_3","spin_8_3_4":"animation.slotmachine.spin_8_3_4","spin_8_3_5":"animation.slotmachine.spin_8_3_5","spin_8_3_6":"animation.slotmachine.spin_8_3_6","spin_8_3_7":"animation.slotmachine.spin_8_3_7","spin_8_3_8":"animation.slotmachine.spin_8_3_8","spin_8_4_1":"animation.slotmachine.spin_8_4_1","spin_8_4_2":"animation.slotmachine.spin_8_4_2","spin_8_4_3":"animation.slotmachine.spin_8_4_3","spin_8_4_4":"animation.slotmachine.spin_8_4_4","spin_8_4_5":"animation.slotmachine.spin_8_4_5","spin_8_4_6":"animation.slotmachine.spin_8_4_6","spin_8_4_7":"animation.slotmachine.spin_8_4_7","spin_8_4_8":"animation.slotmachine.spin_8_4_8","spin_8_5_1":"animation.slotmachine.spin_8_5_1","spin_8_5_2":"animation.slotmachine.spin_8_5_2","spin_8_5_3":"animation.slotmachine.spin_8_5_3","spin_8_5_4":"animation.slotmachine.spin_8_5_4","spin_8_5_5":"animation.slotmachine.spin_8_5_5","spin_8_5_6":"animation.slotmachine.spin_8_5_6","spin_8_5_7":"animation.slotmachine.spin_8_5_7","spin_8_5_8":"animation.slotmachine.spin_8_5_8","spin_8_6_1":"animation.slotmachine.spin_8_6_1","spin_8_6_2":"animation.slotmachine.spin_8_6_2","spin_8_6_3":"animation.slotmachine.spin_8_6_3","spin_8_6_4":"animation.slotmachine.spin_8_6_4","spin_8_6_5":"animation.slotmachine.spin_8_6_5","spin_8_6_6":"animation.slotmachine.spin_8_6_6","spin_8_6_7":"animation.slotmachine.spin_8_6_7","spin_8_6_8":"animation.slotmachine.spin_8_6_8","spin_8_7_1":"animation.slotmachine.spin_8_7_1","spin_8_7_2":"animation.slotmachine.spin_8_7_2","spin_8_7_3":"animation.slotmachine.spin_8_7_3","spin_8_7_4":"animation.slotmachine.spin_8_7_4","spin_8_7_5":"animation.slotmachine.spin_8_7_5","spin_8_7_6":"animation.slotmachine.spin_8_7_6","spin_8_7_7":"animation.slotmachine.spin_8_7_7","spin_8_7_8":"animation.slotmachine.spin_8_7_8","spin_8_8_1":"animation.slotmachine.spin_8_8_1","spin_8_8_2":"animation.slotmachine.spin_8_8_2","spin_8_8_3":"animation.slotmachine.spin_8_8_3","spin_8_8_4":"animation.slotmachine.spin_8_8_4","spin_8_8_5":"animation.slotmachine.spin_8_8_5","spin_8_8_6":"animation.slotmachine.spin_8_8_6","spin_8_8_7":"animation.slotmachine.spin_8_8_7","spin_8_8_8":"animation.slotmachine.spin_8_8_8"},"scripts":{"pre_animation":["variable.textureindex = query.variant;"]},"render_controllers":["controller.render.slot_machines"]}}}
