{"format_version":"1.12.0","minecraft:geometry":[{"description":{"identifier":"geometry.harley_davidson","texture_width":128,"texture_height":128,"visible_bounds_width":4,"visible_bounds_height":2.5,"visible_bounds_offset":[0,0.75,0]},"bones":[{"name":"Harleymotor","pivot":[0,6,10]},{"name":"steeringWheel","parent":"Harleymotor","pivot":[0,18,-14.88],"rotation":[-25,0,0]},{"name":"wiel1","parent":"steeringWheel","pivot":[0,4.8,-14.88]},{"name":"Wielvoor","parent":"wiel1","pivot":[0,4.8,-14.88],"cubes":[{"origin":[-2.39988,-1.2,-16.08],"size":[4.8,2.4,2.4],"uv":{"north":{"uv":[49.016,28.016],"uv_size":[3.968,1.968]},"east":{"uv":[0.016,65.016],"uv_size":[1.968,1.968]},"south":{"uv":[49.016,30.016],"uv_size":[3.968,1.968]},"west":{"uv":[2.016,65.016],"uv_size":[1.968,1.968]},"up":{"uv":[49.016,45.016],"uv_size":[3.968,1.968]},"down":{"uv":[49.016,48.984],"uv_size":[3.968,-1.968]}}},{"origin":[-2.4,-1.2,-18.48],"size":[4.8,2.4,2.4],"pivot":[0,-1.2,-16.08],"rotation":[-22.5,0,0],"uv":{"north":{"uv":[49.016,49.016],"uv_size":[3.968,1.968]},"east":{"uv":[16.016,65.016],"uv_size":[1.968,1.968]},"south":{"uv":[50.016,0.016],"uv_size":[3.968,1.968]},"west":{"uv":[18.016,65.016],"uv_size":[1.968,1.968]},"up":{"uv":[50.016,2.016],"uv_size":[3.968,1.968]},"down":{"uv":[4.016,51.984],"uv_size":[3.968,-1.968]}}},{"origin":[-2.39988,-0.042,-20.544],"size":[4.8,2.4,2.4],"pivot":[0,0,-18.48],"rotation":[-45,0,0],"uv":{"north":{"uv":[13.016,50.016],"uv_size":[3.968,1.968]},"east":{"uv":[20.016,65.016],"uv_size":[1.968,1.968]},"south":{"uv":[26.016,50.016],"uv_size":[3.968,1.968]},"west":{"uv":[22.016,65.016],"uv_size":[1.968,1.968]},"up":{"uv":[30.016,50.016],"uv_size":[3.968,1.968]},"down":{"uv":[50.016,40.984],"uv_size":[3.968,-1.968]}}},{"origin":[-2.4,-0.828,-22.764],"size":[4.8,2.4,2.4],"pivot":[0,0,-18.48],"rotation":[-67.5,0,0],"uv":{"north":{"uv":[41.016,50.016],"uv_size":[3.968,1.968]},"east":{"uv":[65.016,22.016],"uv_size":[1.968,1.968]},"south":{"uv":[50.016,41.016],"uv_size":[3.968,1.968]},"west":{"uv":[65.016,28.016],"uv_size":[1.968,1.968]},"up":{"uv":[50.016,43.016],"uv_size":[3.968,1.968]},"down":{"uv":[45.016,51.984],"uv_size":[3.968,-1.968]}}}]},{"name":"Wielkant4","parent":"Wielvoor","pivot":[0,4.8,-8.88],"rotation":[90,0,0],"cubes":[{"origin":[-2.4,4.8,-12.48],"size":[4.8,2.4,2.4],"pivot":[0,4.8,-10.08],"rotation":[-22.5,0,0],"uv":{"north":{"uv":[37.016,18.016],"uv_size":[3.968,1.968]},"east":{"uv":[15.016,26.016],"uv_size":[1.968,1.968]},"south":{"uv":[29.016,46.016],"uv_size":[3.968,1.968]},"west":{"uv":[18.016,53.016],"uv_size":[1.968,1.968]},"up":{"uv":[46.016,39.016],"uv_size":[3.968,1.968]},"down":{"uv":[41.016,47.984],"uv_size":[3.968,-1.968]}}},{"origin":[-2.39988,5.958,-14.544],"size":[4.8,2.4,2.4],"pivot":[0,6,-12.48],"rotation":[-45,0,0],"uv":{"north":{"uv":[46.016,41.016],"uv_size":[3.968,1.968]},"east":{"uv":[0.016,63.016],"uv_size":[1.968,1.968]},"south":{"uv":[46.016,43.016],"uv_size":[3.968,1.968]},"west":{"uv":[2.016,63.016],"uv_size":[1.968,1.968]},"up":{"uv":[45.016,46.016],"uv_size":[3.968,1.968]},"down":{"uv":[0.016,48.984],"uv_size":[3.968,-1.968]}}},{"origin":[-2.4,5.172,-16.764],"size":[4.8,2.4,2.4],"pivot":[0,6,-12.48],"rotation":[-67.5,0,0],"uv":{"north":{"uv":[57.016,53.016],"uv_size":[3.968,1.968]},"east":{"uv":[28.016,69.016],"uv_size":[1.968,1.968]},"south":{"uv":[57.016,55.016],"uv_size":[3.968,1.968]},"west":{"uv":[69.016,28.016],"uv_size":[1.968,1.968]},"up":{"uv":[56.016,57.016],"uv_size":[3.968,1.968]},"down":{"uv":[58.016,1.984],"uv_size":[3.968,-1.968]}}}]},{"name":"Wielkant2","parent":"Wielvoor","pivot":[0,10.8,-14.88],"rotation":[180,0,0],"cubes":[{"origin":[-2.3988,10.8,-16.08],"size":[4.8,2.4,2.4],"uv":{"north":{"uv":[47.016,4.016],"uv_size":[3.968,1.968]},"east":{"uv":[18.016,63.016],"uv_size":[1.968,1.968]},"south":{"uv":[47.016,32.016],"uv_size":[3.968,1.968]},"west":{"uv":[20.016,63.016],"uv_size":[1.968,1.968]},"up":{"uv":[4.016,48.016],"uv_size":[3.968,1.968]},"down":{"uv":[48.016,11.984],"uv_size":[3.968,-1.968]}}},{"origin":[-2.4,10.8,-18.48],"size":[4.8,2.4,2.4],"pivot":[0,10.8,-16.08],"rotation":[-22.5,0,0],"uv":{"north":{"uv":[57.016,27.016],"uv_size":[3.968,1.968]},"east":{"uv":[22.016,69.016],"uv_size":[1.968,1.968]},"south":{"uv":[57.016,29.016],"uv_size":[3.968,1.968]},"west":{"uv":[69.016,22.016],"uv_size":[1.968,1.968]},"up":{"uv":[57.016,45.016],"uv_size":[3.968,1.968]},"down":{"uv":[57.016,48.984],"uv_size":[3.968,-1.968]}}},{"origin":[-2.39988,11.958,-20.544],"size":[4.8,2.4,2.4],"pivot":[0,12,-18.48],"rotation":[-45,0,0],"uv":{"north":{"uv":[48.016,57.016],"uv_size":[3.968,1.968]},"east":{"uv":[24.016,69.016],"uv_size":[1.968,1.968]},"south":{"uv":[57.016,49.016],"uv_size":[3.968,1.968]},"west":{"uv":[26.016,69.016],"uv_size":[1.968,1.968]},"up":{"uv":[57.016,51.016],"uv_size":[3.968,1.968]},"down":{"uv":[52.016,58.984],"uv_size":[3.968,-1.968]}}},{"origin":[-2.4,11.172,-22.764],"size":[4.8,2.4,2.4],"pivot":[0,12,-18.48],"rotation":[-67.5,0,0],"uv":{"north":{"uv":[48.016,12.016],"uv_size":[3.968,1.968]},"east":{"uv":[42.016,64.016],"uv_size":[1.968,1.968]},"south":{"uv":[13.016,48.016],"uv_size":[3.968,1.968]},"west":{"uv":[44.016,64.016],"uv_size":[1.968,1.968]},"up":{"uv":[48.016,14.016],"uv_size":[3.968,1.968]},"down":{"uv":[48.016,17.984],"uv_size":[3.968,-1.968]}}},{"origin":[-2.39988,15.6,-23.31959],"size":[4.8,2.4,2.4],"pivot":[0,15.6,-20.88],"rotation":[-90,0,0],"uv":{"north":{"uv":[29.016,48.016],"uv_size":[3.968,1.968]},"east":{"uv":[46.016,64.016],"uv_size":[1.968,1.968]},"south":{"uv":[41.016,48.016],"uv_size":[3.968,1.968]},"west":{"uv":[64.016,57.016],"uv_size":[1.968,1.968]},"up":{"uv":[45.016,48.016],"uv_size":[3.968,1.968]},"down":{"uv":[0.016,50.984],"uv_size":[3.968,-1.968]}}}]},{"name":"Wielkant3","parent":"Wielvoor","pivot":[0,4.8,-20.88],"rotation":[-90,0,0],"cubes":[{"origin":[-2.39988,4.8,-22.08],"size":[4.8,2.4,2.4],"uv":{"north":{"uv":[49.016,6.016],"uv_size":[3.968,1.968]},"east":{"uv":[62.016,64.016],"uv_size":[1.968,1.968]},"south":{"uv":[49.016,8.016],"uv_size":[3.968,1.968]},"west":{"uv":[64.016,64.016],"uv_size":[1.968,1.968]},"up":{"uv":[49.016,24.016],"uv_size":[3.968,1.968]},"down":{"uv":[49.016,27.984],"uv_size":[3.968,-1.968]}}},{"origin":[-2.4,4.8,-24.48],"size":[4.8,2.4,2.4],"pivot":[0,4.8,-22.08],"rotation":[-22.5,0,0],"uv":{"north":{"uv":[56.016,16.016],"uv_size":[3.968,1.968]},"east":{"uv":[8.016,69.016],"uv_size":[1.968,1.968]},"south":{"uv":[29.016,56.016],"uv_size":[3.968,1.968]},"west":{"uv":[10.016,69.016],"uv_size":[1.968,1.968]},"up":{"uv":[36.016,56.016],"uv_size":[3.968,1.968]},"down":{"uv":[40.016,57.984],"uv_size":[3.968,-1.968]}}},{"origin":[-2.39988,5.958,-26.544],"size":[4.8,2.4,2.4],"pivot":[0,6,-24.48],"rotation":[-45,0,0],"uv":{"north":{"uv":[44.016,56.016],"uv_size":[3.968,1.968]},"east":{"uv":[12.016,69.016],"uv_size":[1.968,1.968]},"south":{"uv":[0.016,57.016],"uv_size":[3.968,1.968]},"west":{"uv":[14.016,69.016],"uv_size":[1.968,1.968]},"up":{"uv":[57.016,6.016],"uv_size":[3.968,1.968]},"down":{"uv":[57.016,9.984],"uv_size":[3.968,-1.968]}}},{"origin":[-2.4,5.172,-28.764],"size":[4.8,2.4,2.4],"pivot":[0,6,-24.48],"rotation":[-67.5,0,0],"uv":{"north":{"uv":[16.016,57.016],"uv_size":[3.968,1.968]},"east":{"uv":[69.016,14.016],"uv_size":[1.968,1.968]},"south":{"uv":[20.016,57.016],"uv_size":[3.968,1.968]},"west":{"uv":[20.016,69.016],"uv_size":[1.968,1.968]},"up":{"uv":[57.016,23.016],"uv_size":[3.968,1.968]},"down":{"uv":[57.016,26.984],"uv_size":[3.968,-1.968]}}}]},{"name":"Velgband","parent":"Wielvoor","pivot":[0,-1.2,-14.88],"cubes":[{"origin":[-2.1,4.2,-15.48],"size":[4.2,1.2,1.2],"uv":{"north":{"uv":[16.016,36.016],"uv_size":[3.968,0.968]},"east":{"uv":[36.016,37.016],"uv_size":[0.968,0.968]},"south":{"uv":[51.016,21.016],"uv_size":[3.968,0.968]},"west":{"uv":[5.016,45.016],"uv_size":[0.968,0.968]},"up":{"uv":[64.016,17.016],"uv_size":[3.968,0.968]},"down":{"uv":[65.016,45.984],"uv_size":[3.968,-0.968]}}},{"origin":[-2.7,4.5,-15.18],"size":[5.4,0.6,0.6],"uv":{"north":{"uv":[62.016,40.016],"uv_size":[4.968,0.968]},"east":{"uv":[26.016,71.016],"uv_size":[0.968,0.968]},"south":{"uv":[62.016,41.016],"uv_size":[4.968,0.968]},"west":{"uv":[71.016,26.016],"uv_size":[0.968,0.968]},"up":{"uv":[62.016,42.016],"uv_size":[4.968,0.968]},"down":{"uv":[62.016,43.984],"uv_size":[4.968,-0.968]}}},{"origin":[-0.05988,4.2,-16.08],"size":[0.12,1.2,2.4],"uv":{"north":{"uv":[4.016,47.016],"uv_size":[0.968,0.968]},"east":{"uv":[16.016,45.016],"uv_size":[1.968,0.968]},"south":{"uv":[24.016,54.016],"uv_size":[0.968,0.968]},"west":{"uv":[55.016,23.016],"uv_size":[1.968,0.968]},"up":{"uv":[10.016,20.016],"uv_size":[0.968,1.968]},"down":{"uv":[36.016,7.984],"uv_size":[0.968,-1.968]}}},{"origin":[-0.06,3.6,-15.48],"size":[0.12,2.4,1.2],"uv":{"north":{"uv":[36.016,30.016],"uv_size":[0.968,1.968]},"east":{"uv":[41.016,24.016],"uv_size":[0.968,1.968]},"south":{"uv":[33.016,56.016],"uv_size":[0.968,1.968]},"west":{"uv":[0.016,71.016],"uv_size":[0.968,1.968]},"up":{"uv":[25.016,55.016],"uv_size":[0.968,0.968]},"down":{"uv":[16.016,56.984],"uv_size":[0.968,-0.968]}}},{"origin":[-0.06,4.5,-19.08],"size":[0.12,0.6,7.8],"uv":{"north":{"uv":[48.016,56.016],"uv_size":[0.968,0.968]},"east":{"uv":[59.016,33.016],"uv_size":[6.968,0.968]},"south":{"uv":[58.016,36.016],"uv_size":[0.968,0.968]},"west":{"uv":[59.016,38.016],"uv_size":[6.968,0.968]},"up":{"uv":[24.016,47.016],"uv_size":[0.968,6.968]},"down":{"uv":[17.016,54.984],"uv_size":[0.968,-6.968]}}},{"origin":[-0.0588,0.9,-15.18],"size":[0.12,7.8,0.6],"uv":{"north":{"uv":[50.016,61.016],"uv_size":[0.968,6.968]},"east":{"uv":[51.016,61.016],"uv_size":[0.968,6.968]},"south":{"uv":[52.016,61.016],"uv_size":[0.968,6.968]},"west":{"uv":[53.016,61.016],"uv_size":[0.968,6.968]},"up":{"uv":[44.016,60.016],"uv_size":[0.968,0.968]},"down":{"uv":[47.016,63.984],"uv_size":[0.968,-0.968]}}},{"origin":[-0.06,0.9,-15.18],"size":[0.12,7.8,0.6],"pivot":[0,4.8,-14.88],"rotation":[45,0,0],"uv":{"north":{"uv":[54.016,61.016],"uv_size":[0.968,6.968]},"east":{"uv":[55.016,61.016],"uv_size":[0.968,6.968]},"south":{"uv":[56.016,61.016],"uv_size":[0.968,6.968]},"west":{"uv":[57.016,61.016],"uv_size":[0.968,6.968]},"up":{"uv":[69.016,0.016],"uv_size":[0.968,0.968]},"down":{"uv":[69.016,16.984],"uv_size":[0.968,-0.968]}}},{"origin":[-0.06,0.9,-15.18],"size":[0.12,7.8,0.6],"pivot":[0,4.8,-14.88],"rotation":[135,0,0],"uv":{"north":{"uv":[58.016,61.016],"uv_size":[0.968,6.968]},"east":{"uv":[59.016,61.016],"uv_size":[0.968,6.968]},"south":{"uv":[61.016,59.016],"uv_size":[0.968,6.968]},"west":{"uv":[60.016,61.016],"uv_size":[0.968,6.968]},"up":{"uv":[25.016,71.016],"uv_size":[0.968,0.968]},"down":{"uv":[71.016,25.984],"uv_size":[0.968,-0.968]}}}]},{"name":"Suspensievoor","parent":"steeringWheel","pivot":[0,4.8,-14.88],"rotation":[22.5,0,0],"cubes":[{"origin":[-3.9,4.2,-15.48],"size":[1.2,8.4,1.2],"pivot":[-3.6,4.8,-14.88],"rotation":[-22.5,0,0],"uv":{"north":{"uv":[4.016,62.016],"uv_size":[0.968,6.968]},"east":{"uv":[5.016,62.016],"uv_size":[0.968,6.968]},"south":{"uv":[6.016,62.016],"uv_size":[0.968,6.968]},"west":{"uv":[7.016,62.016],"uv_size":[0.968,6.968]},"up":{"uv":[27.016,71.016],"uv_size":[0.968,0.968]},"down":{"uv":[28.016,71.984],"uv_size":[0.968,-0.968]}}},{"origin":[2.7,15,-15.48],"size":[1.2,4.8,1.2],"pivot":[-3.6,4.8,-14.88],"rotation":[-22.5,0,0],"uv":{"north":{"uv":[42.016,66.016],"uv_size":[0.968,3.968]},"east":{"uv":[43.016,66.016],"uv_size":[0.968,3.968]},"south":{"uv":[44.016,66.016],"uv_size":[0.968,3.968]},"west":{"uv":[45.016,66.016],"uv_size":[0.968,3.968]},"up":{"uv":[71.016,34.016],"uv_size":[0.968,0.968]},"down":{"uv":[35.016,71.984],"uv_size":[0.968,-0.968]}}},{"origin":[-3.9,15,-15.48],"size":[1.2,4.8,1.2],"pivot":[-3.6,4.8,-14.88],"rotation":[-22.5,0,0],"uv":{"north":{"uv":[20.016,28.016],"uv_size":[0.968,3.968]},"east":{"uv":[35.016,46.016],"uv_size":[0.968,3.968]},"south":{"uv":[48.016,65.016],"uv_size":[0.968,3.968]},"west":{"uv":[49.016,65.016],"uv_size":[0.968,3.968]},"up":{"uv":[33.016,71.016],"uv_size":[0.968,0.968]},"down":{"uv":[34.016,71.984],"uv_size":[0.968,-0.968]}}},{"origin":[-3.6,12.6,-15.18],"size":[0.6,2.4,0.6],"pivot":[-3.6,4.8,-14.88],"rotation":[-22.5,0,0],"uv":{"north":{"uv":[71.016,0.016],"uv_size":[0.968,1.968]},"east":{"uv":[1.016,71.016],"uv_size":[0.968,1.968]},"south":{"uv":[2.016,71.016],"uv_size":[0.968,1.968]},"west":{"uv":[71.016,2.016],"uv_size":[0.968,1.968]},"up":{"uv":[71.016,29.016],"uv_size":[0.968,0.968]},"down":{"uv":[30.016,71.984],"uv_size":[0.968,-0.968]}}},{"origin":[2.7,4.2,-15.48],"size":[1.2,8.4,1.2],"pivot":[-3.6,4.8,-14.88],"rotation":[-22.5,0,0],"uv":{"north":{"uv":[8.016,62.016],"uv_size":[0.968,6.968]},"east":{"uv":[9.016,62.016],"uv_size":[0.968,6.968]},"south":{"uv":[10.016,62.016],"uv_size":[0.968,6.968]},"west":{"uv":[11.016,62.016],"uv_size":[0.968,6.968]},"up":{"uv":[71.016,28.016],"uv_size":[0.968,0.968]},"down":{"uv":[29.016,71.984],"uv_size":[0.968,-0.968]}}},{"origin":[3,12.6,-15.18],"size":[0.6,2.4,0.6],"pivot":[-3.6,4.8,-14.88],"rotation":[-22.5,0,0],"uv":{"north":{"uv":[3.016,71.016],"uv_size":[0.968,1.968]},"east":{"uv":[4.016,71.016],"uv_size":[0.968,1.968]},"south":{"uv":[71.016,4.016],"uv_size":[0.968,1.968]},"west":{"uv":[5.016,71.016],"uv_size":[0.968,1.968]},"up":{"uv":[31.016,71.016],"uv_size":[0.968,0.968]},"down":{"uv":[32.016,71.984],"uv_size":[0.968,-0.968]}}}]},{"name":"Stuurlamp","parent":"steeringWheel","pivot":[-3.6,4.8,-14.88],"rotation":[24,0,0]},{"name":"Stuur","parent":"Stuurlamp","pivot":[0,21.6,-8.88]},{"name":"Stuurlinks","parent":"Stuur","pivot":[3,18.84,-8.88],"cubes":[{"origin":[5.7,21.9,-8.16],"size":[3,0.6,0.6],"pivot":[3.3,20.4,-8.28],"rotation":[-35,-25,0],"uv":{"north":{"uv":[59.016,70.016],"uv_size":[2.968,0.968]},"east":{"uv":[71.016,43.016],"uv_size":[0.968,0.968]},"south":{"uv":[62.016,70.016],"uv_size":[2.968,0.968]},"west":{"uv":[71.016,44.016],"uv_size":[0.968,0.968]},"up":{"uv":[70.016,64.016],"uv_size":[2.968,0.968]},"down":{"uv":[65.016,70.984],"uv_size":[2.968,-0.968]}}},{"origin":[2.7,21.6,-8.4],"size":[3,1.2,1.2],"pivot":[3.3,20.4,-8.28],"rotation":[-35,-25,0],"uv":{"north":{"uv":[70.016,20.016],"uv_size":[2.968,0.968]},"east":{"uv":[71.016,41.016],"uv_size":[0.968,0.968]},"south":{"uv":[70.016,27.016],"uv_size":[2.968,0.968]},"west":{"uv":[71.016,42.016],"uv_size":[0.968,0.968]},"up":{"uv":[70.016,33.016],"uv_size":[2.968,0.968]},"down":{"uv":[70.016,38.984],"uv_size":[2.968,-0.968]}}},{"origin":[3,18.96791,-9.7632],"size":[0.6,3.6,0.6],"pivot":[3.6,18,-10.08],"rotation":[-35,0,0],"uv":{"north":{"uv":[43.016,70.016],"uv_size":[0.968,2.968]},"east":{"uv":[44.016,70.016],"uv_size":[0.968,2.968]},"south":{"uv":[45.016,70.016],"uv_size":[0.968,2.968]},"west":{"uv":[46.016,70.016],"uv_size":[0.968,2.968]},"up":{"uv":[71.016,36.016],"uv_size":[0.968,0.968]},"down":{"uv":[37.016,71.984],"uv_size":[0.968,-0.968]}}}]},{"name":"Stuurrechts","parent":"Stuur","pivot":[-3.6,18.84,-8.88],"cubes":[{"origin":[-3.6,18.96791,-9.7632],"size":[0.6,3.6,0.6],"pivot":[-3.6,18,-10.08],"rotation":[-35,0,0],"uv":{"north":{"uv":[18.016,70.016],"uv_size":[0.968,2.968]},"east":{"uv":[19.016,70.016],"uv_size":[0.968,2.968]},"south":{"uv":[70.016,24.016],"uv_size":[0.968,2.968]},"west":{"uv":[42.016,70.016],"uv_size":[0.968,2.968]},"up":{"uv":[71.016,35.016],"uv_size":[0.968,0.968]},"down":{"uv":[36.016,71.984],"uv_size":[0.968,-0.968]}}},{"origin":[-8.7,21.9,-8.16],"size":[3,0.6,0.6],"pivot":[-3.3,20.4,-8.28],"rotation":[-35,25,0],"uv":{"north":{"uv":[70.016,65.016],"uv_size":[2.968,0.968]},"east":{"uv":[71.016,45.016],"uv_size":[0.968,0.968]},"south":{"uv":[70.016,68.016],"uv_size":[2.968,0.968]},"west":{"uv":[71.016,46.016],"uv_size":[0.968,0.968]},"up":{"uv":[70.016,69.016],"uv_size":[2.968,0.968]},"down":{"uv":[70.016,70.984],"uv_size":[2.968,-0.968]}}},{"origin":[-5.7,21.6,-8.4],"size":[3,1.2,1.2],"pivot":[-3.3,20.4,-8.28],"rotation":[-35,25,0],"uv":{"north":{"uv":[52.016,37.016],"uv_size":[2.968,0.968]},"east":{"uv":[71.016,37.016],"uv_size":[0.968,0.968]},"south":{"uv":[55.016,34.016],"uv_size":[2.968,0.968]},"west":{"uv":[71.016,40.016],"uv_size":[0.968,0.968]},"up":{"uv":[45.016,58.016],"uv_size":[2.968,0.968]},"down":{"uv":[70.016,12.984],"uv_size":[2.968,-0.968]}}}]},{"name":"Lamp","parent":"Stuurlamp","pivot":[3.3,20.4,-8.28],"cubes":[{"origin":[-1.2,15.48,-11.16],"size":[2.4,2.4,1.92],"uv":{"north":{"uv":[65.016,46.016],"uv_size":[1.968,1.968]},"east":{"uv":[66.016,57.016],"uv_size":[1.968,1.968]},"south":{"uv":[61.016,66.016],"uv_size":[1.968,1.968]},"west":{"uv":[63.016,66.016],"uv_size":[1.968,1.968]},"up":{"uv":[66.016,64.016],"uv_size":[1.968,1.968]},"down":{"uv":[65.016,67.984],"uv_size":[1.968,-1.968]}}},{"origin":[-2.7,15,-15.24],"size":[5.4,4.8,0.72],"pivot":[-3.6,4.8,-14.88],"rotation":[-22.5,0,0],"uv":{"north":{"uv":[26.016,36.016],"uv_size":[4.968,3.968]},"east":{"uv":[46.016,66.016],"uv_size":[0.968,3.968]},"south":{"uv":[37.016,10.016],"uv_size":[4.968,3.968]},"west":{"uv":[47.016,66.016],"uv_size":[0.968,3.968]},"up":{"uv":[62.016,44.016],"uv_size":[4.968,0.968]},"down":{"uv":[62.016,59.984],"uv_size":[4.968,-0.968]}}},{"origin":[-2.4,15.3,-14.52],"size":[4.8,4.2,0.72],"pivot":[-3.6,4.8,-14.88],"rotation":[-22.5,0,0],"uv":{"north":{"uv":[41.016,0.016],"uv_size":[3.968,3.968]},"east":{"uv":[2.016,67.016],"uv_size":[0.968,3.968]},"south":{"uv":[16.016,41.016],"uv_size":[3.968,3.968]},"west":{"uv":[3.016,67.016],"uv_size":[0.968,3.968]},"up":{"uv":[66.016,38.016],"uv_size":[3.968,0.968]},"down":{"uv":[16.016,67.984],"uv_size":[3.968,-0.968]}}},{"origin":[-1.8,15,-11.88],"size":[3.6,3.6,0.72],"uv":{"north":{"uv":[22.016,44.016],"uv_size":[2.968,2.968]},"east":{"uv":[24.016,57.016],"uv_size":[0.968,2.968]},"south":{"uv":[26.016,46.016],"uv_size":[2.968,2.968]},"west":{"uv":[17.016,70.016],"uv_size":[0.968,2.968]},"up":{"uv":[46.016,45.016],"uv_size":[2.968,0.968]},"down":{"uv":[26.016,49.984],"uv_size":[2.968,-0.968]}}}]},{"name":"base","parent":"Harleymotor","pivot":[-3.6,20.04,-14.4]},{"name":"Frame","parent":"base","pivot":[-3.6,20.04,-14.4],"cubes":[{"origin":[-2.4,0.6924,-15.72],"size":[4.8,16.8,0.6],"pivot":[4.8,16.8,-14.4],"rotation":[25,0,0],"uv":{"north":{"uv":[17.016,0.016],"uv_size":[3.968,13.968]},"east":{"uv":[39.016,42.016],"uv_size":[0.968,13.968]},"south":{"uv":[17.016,14.016],"uv_size":[3.968,13.968]},"west":{"uv":[40.016,42.016],"uv_size":[0.968,13.968]},"up":{"uv":[65.016,48.016],"uv_size":[3.968,0.968]},"down":{"uv":[66.016,33.984],"uv_size":[3.968,-0.968]}}},{"origin":[2.4,0.6924,-16.08],"size":[1.2,16.8,1.2],"pivot":[4.8,16.8,-14.4],"rotation":[25,0,0],"uv":{"north":{"uv":[25.016,41.016],"uv_size":[0.968,13.968]},"east":{"uv":[10.016,42.016],"uv_size":[0.968,13.968]},"south":{"uv":[11.016,42.016],"uv_size":[0.968,13.968]},"west":{"uv":[12.016,42.016],"uv_size":[0.968,13.968]},"up":{"uv":[71.016,47.016],"uv_size":[0.968,0.968]},"down":{"uv":[48.016,71.984],"uv_size":[0.968,-0.968]}}},{"origin":[-3.6,0.6924,-16.08],"size":[1.2,16.8,1.2],"pivot":[4.8,16.8,-14.4],"rotation":[25,0,0],"uv":{"north":{"uv":[42.016,24.016],"uv_size":[0.968,13.968]},"east":{"uv":[36.016,42.016],"uv_size":[0.968,13.968]},"south":{"uv":[37.016,42.016],"uv_size":[0.968,13.968]},"west":{"uv":[38.016,42.016],"uv_size":[0.968,13.968]},"up":{"uv":[71.016,48.016],"uv_size":[0.968,0.968]},"down":{"uv":[49.016,71.984],"uv_size":[0.968,-0.968]}}},{"origin":[-3,13.8924,-14.52],"size":[6,1.2,9.6],"uv":{"north":{"uv":[63.016,19.016],"uv_size":[4.968,0.968]},"east":{"uv":[47.016,34.016],"uv_size":[7.968,0.968]},"south":{"uv":[63.016,20.016],"uv_size":[4.968,0.968]},"west":{"uv":[51.016,4.016],"uv_size":[7.968,0.968]},"up":{"uv":[26.016,28.016],"uv_size":[4.968,7.968]},"down":{"uv":[0.016,38.984],"uv_size":[4.968,-7.968]}}},{"origin":[-3.12,12.6924,3.48],"size":[6.24,3.6,1.2],"pivot":[0,13.2,3.36],"rotation":[-25,0,0],"uv":{"north":{"uv":[41.016,18.016],"uv_size":[4.968,2.968]},"east":{"uv":[47.016,70.016],"uv_size":[0.968,2.968]},"south":{"uv":[20.016,41.016],"uv_size":[4.968,2.968]},"west":{"uv":[68.016,70.016],"uv_size":[0.968,2.968]},"up":{"uv":[63.016,25.016],"uv_size":[4.968,0.968]},"down":{"uv":[63.016,26.984],"uv_size":[4.968,-0.968]}}},{"origin":[-3.12,5.16,14.988],"size":[6.24,5.1,1.2],"pivot":[0,13.2,3.36],"rotation":[25,0,0],"uv":{"north":{"uv":[36.016,38.016],"uv_size":[4.968,3.968]},"east":{"uv":[48.016,61.016],"uv_size":[1.968,3.968]},"south":{"uv":[0.016,39.016],"uv_size":[4.968,3.968]},"west":{"uv":[61.016,49.016],"uv_size":[1.968,3.968]},"up":{"uv":[46.016,18.016],"uv_size":[4.968,1.968]},"down":{"uv":[46.016,21.984],"uv_size":[4.968,-1.968]}}},{"origin":[-3.12,2.76,13.788],"size":[6.24,7.5,1.2],"pivot":[0,13.2,3.36],"rotation":[25,0,0],"uv":{"north":{"uv":[36.016,0.016],"uv_size":[4.968,5.968]},"east":{"uv":[40.016,62.016],"uv_size":[0.968,5.968]},"south":{"uv":[36.016,20.016],"uv_size":[4.968,5.968]},"west":{"uv":[41.016,62.016],"uv_size":[0.968,5.968]},"up":{"uv":[64.016,15.016],"uv_size":[4.968,0.968]},"down":{"uv":[64.016,16.984],"uv_size":[4.968,-0.968]}}},{"origin":[-3.132,6.9,17.184],"size":[6.264,4.44,1.2],"uv":{"north":{"uv":[5.016,39.016],"uv_size":[4.968,3.968]},"east":{"uv":[16.016,70.016],"uv_size":[0.968,3.968]},"south":{"uv":[0.016,81.016],"uv_size":[19.968,13.968]},"west":{"uv":[70.016,16.016],"uv_size":[0.968,3.968]},"up":{"uv":[62.016,63.016],"uv_size":[4.968,0.968]},"down":{"uv":[64.016,14.984],"uv_size":[4.968,-0.968]}}},{"origin":[-1.668,8.1,18.396],"size":[3.6,2.64,0.12],"uv":{"north":{"uv":[5.016,39.016],"uv_size":[4.968,3.968]},"east":{"uv":[16.016,70.016],"uv_size":[0.968,3.968]},"south":{"uv":[20.016,81.016],"uv_size":[14.968,13.968]},"west":{"uv":[70.016,16.016],"uv_size":[0.968,3.968]},"up":{"uv":[62.016,63.016],"uv_size":[4.968,0.968]},"down":{"uv":[64.016,14.984],"uv_size":[4.968,-0.968]}}},{"origin":[-2.9988,0.6924,-15],"size":[5.9976,13.2,0.72],"pivot":[4.8,16.8,-14.4],"rotation":[25,0,0],"uv":{"north":{"uv":[21.016,0.016],"uv_size":[4.968,10.968]},"east":{"uv":[20.016,44.016],"uv_size":[0.968,10.968]},"south":{"uv":[21.016,11.016],"uv_size":[4.968,10.968]},"west":{"uv":[21.016,44.016],"uv_size":[0.968,10.968]},"up":{"uv":[63.016,9.016],"uv_size":[4.968,0.968]},"down":{"uv":[63.016,18.984],"uv_size":[4.968,-0.968]}}},{"origin":[-3,1.8924,-8.52],"size":[6,12,12.6],"uv":{"north":{"uv":[10.016,22.016],"uv_size":[4.968,9.968]},"east":{"uv":[0.016,0.016],"uv_size":[10.968,9.968]},"south":{"uv":[21.016,22.016],"uv_size":[4.968,9.968]},"west":{"uv":[0.016,10.016],"uv_size":[10.968,9.968]},"up":{"uv":[0.016,20.016],"uv_size":[4.968,10.968]},"down":{"uv":[5.016,30.984],"uv_size":[4.968,-10.968]}}},{"origin":[-3.108,14.64,0.6],"size":[6.24,11.4,3.6],"pivot":[0,13.2,3.36],"rotation":[-90,0,0],"uv":{"north":{"uv":[26.016,0.016],"uv_size":[4.968,9.968]},"east":{"uv":[10.016,32.016],"uv_size":[2.968,9.968]},"south":{"uv":[26.016,10.016],"uv_size":[4.968,9.968]},"west":{"uv":[13.016,36.016],"uv_size":[2.968,9.968]},"up":{"uv":[41.016,38.016],"uv_size":[4.968,2.968]},"down":{"uv":[41.016,43.984],"uv_size":[4.968,-2.968]}}},{"origin":[-2.88,7.8924,1.68],"size":[5.76,4.92,2.4],"pivot":[4.8,8.4,4.2],"rotation":[-12.5,0,0],"uv":{"north":{"uv":[21.016,37.016],"uv_size":[4.968,3.968]},"east":{"uv":[33.016,46.016],"uv_size":[1.968,3.968]},"south":{"uv":[37.016,30.016],"uv_size":[4.968,3.968]},"west":{"uv":[22.016,47.016],"uv_size":[1.968,3.968]},"up":{"uv":[45.016,0.016],"uv_size":[4.968,1.968]},"down":{"uv":[45.016,3.984],"uv_size":[4.968,-1.968]}}},{"origin":[-2.88,12.6924,3.84],"size":[5.76,1.2,1.2],"uv":{"north":{"uv":[63.016,32.016],"uv_size":[4.968,0.968]},"east":{"uv":[51.016,71.016],"uv_size":[0.968,0.968]},"south":{"uv":[63.016,36.016],"uv_size":[4.968,0.968]},"west":{"uv":[71.016,51.016],"uv_size":[0.968,0.968]},"up":{"uv":[63.016,37.016],"uv_size":[4.968,0.968]},"down":{"uv":[42.016,63.984],"uv_size":[4.968,-0.968]}}},{"origin":[-3,4.2924,-9.72],"size":[6,9.6,1.2],"uv":{"north":{"uv":[26.016,20.016],"uv_size":[4.968,7.968]},"east":{"uv":[18.016,45.016],"uv_size":[0.968,7.968]},"south":{"uv":[15.016,28.016],"uv_size":[4.968,7.968]},"west":{"uv":[19.016,45.016],"uv_size":[0.968,7.968]},"up":{"uv":[62.016,60.016],"uv_size":[4.968,0.968]},"down":{"uv":[62.016,61.984],"uv_size":[4.968,-0.968]}}},{"origin":[-2.76,13.8924,-4.92],"size":[5.52,0.9,9],"uv":{"north":{"uv":[63.016,21.016],"uv_size":[4.968,0.968]},"east":{"uv":[51.016,5.016],"uv_size":[7.968,0.968]},"south":{"uv":[63.016,24.016],"uv_size":[4.968,0.968]},"west":{"uv":[51.016,18.016],"uv_size":[7.968,0.968]},"up":{"uv":[31.016,0.016],"uv_size":[4.968,7.968]},"down":{"uv":[5.016,38.984],"uv_size":[4.968,-7.968]}}},{"origin":[-2.76,14.04,2.76],"size":[5.52,0.24,2.64],"pivot":[4.8,14.4,4.2],"rotation":[-115,0,0],"uv":{"north":{"uv":[63.016,27.016],"uv_size":[4.968,0.968]},"east":{"uv":[57.016,31.016],"uv_size":[1.968,0.968]},"south":{"uv":[63.016,31.016],"uv_size":[4.968,0.968]},"west":{"uv":[59.016,22.016],"uv_size":[1.968,0.968]},"up":{"uv":[5.016,46.016],"uv_size":[4.968,1.968]},"down":{"uv":[13.016,47.984],"uv_size":[4.968,-1.968]}}},{"origin":[-3.6,14.9724,-11.4],"size":[7.2,1.92,6.54],"uv":{"north":{"uv":[42.016,12.016],"uv_size":[5.968,1.968]},"east":{"uv":[41.016,44.016],"uv_size":[4.968,1.968]},"south":{"uv":[42.016,14.016],"uv_size":[5.968,1.968]},"west":{"uv":[0.016,45.016],"uv_size":[4.968,1.968]},"up":{"uv":[20.016,32.016],"uv_size":[5.968,4.968]},"down":{"uv":[31.016,36.984],"uv_size":[5.968,-4.968]}}},{"origin":[-3,9.0924,-12.12],"size":[6,4.8,1.2],"uv":{"north":{"uv":[37.016,14.016],"uv_size":[4.968,3.968]},"east":{"uv":[0.016,67.016],"uv_size":[0.968,3.968]},"south":{"uv":[16.016,37.016],"uv_size":[4.968,3.968]},"west":{"uv":[1.016,67.016],"uv_size":[0.968,3.968]},"up":{"uv":[63.016,5.016],"uv_size":[4.968,0.968]},"down":{"uv":[63.016,6.984],"uv_size":[4.968,-0.968]}}},{"origin":[-3,6.6924,-10.92],"size":[6,7.2,1.2],"uv":{"north":{"uv":[31.016,20.016],"uv_size":[4.968,5.968]},"east":{"uv":[38.016,62.016],"uv_size":[0.968,5.968]},"south":{"uv":[31.016,26.016],"uv_size":[4.968,5.968]},"west":{"uv":[39.016,62.016],"uv_size":[0.968,5.968]},"up":{"uv":[62.016,62.016],"uv_size":[4.968,0.968]},"down":{"uv":[63.016,4.984],"uv_size":[4.968,-0.968]}}},{"origin":[-3.6,14.9724,-13.8],"size":[7.2,4.32,2.4],"uv":{"north":{"uv":[36.016,26.016],"uv_size":[5.968,3.968]},"east":{"uv":[15.016,22.016],"uv_size":[1.968,3.968]},"south":{"uv":[37.016,6.016],"uv_size":[5.968,3.968]},"west":{"uv":[13.016,32.016],"uv_size":[1.968,3.968]},"up":{"uv":[41.016,4.016],"uv_size":[5.968,1.968]},"down":{"uv":[42.016,11.984],"uv_size":[5.968,-1.968]}}},{"origin":[-3.588,14.9724,-14.04],"size":[7.176,1.92,1.2],"pivot":[4.8,15,-13.8],"rotation":[25,0,0],"uv":{"north":{"uv":[43.016,24.016],"uv_size":[5.968,1.968]},"east":{"uv":[7.016,71.016],"uv_size":[0.968,1.968]},"south":{"uv":[43.016,26.016],"uv_size":[5.968,1.968]},"west":{"uv":[8.016,71.016],"uv_size":[0.968,1.968]},"up":{"uv":[62.016,13.016],"uv_size":[5.968,0.968]},"down":{"uv":[62.016,34.984],"uv_size":[5.968,-0.968]}}},{"origin":[-3.594,16.68,-14.92668],"size":[7.188,2.94,1.2],"pivot":[4.8,17.4,-15],"rotation":[-32.5,0,0],"uv":{"north":{"uv":[43.016,28.016],"uv_size":[5.968,1.968]},"east":{"uv":[71.016,8.016],"uv_size":[0.968,1.968]},"south":{"uv":[43.016,30.016],"uv_size":[5.968,1.968]},"west":{"uv":[9.016,71.016],"uv_size":[0.968,1.968]},"up":{"uv":[62.016,35.016],"uv_size":[5.968,0.968]},"down":{"uv":[62.016,39.984],"uv_size":[5.968,-0.968]}}},{"origin":[-3.6108,17.112,-11.4462],"size":[7.212,2.184,6.96],"pivot":[4.8,19.2,-11.4],"rotation":[-20,0,0],"uv":{"north":{"uv":[42.016,16.016],"uv_size":[5.968,1.968]},"east":{"uv":[0.016,43.016],"uv_size":[5.968,1.968]},"south":{"uv":[43.016,6.016],"uv_size":[5.968,1.968]},"west":{"uv":[43.016,8.016],"uv_size":[5.968,1.968]},"up":{"uv":[31.016,8.016],"uv_size":[5.968,5.968]},"down":{"uv":[31.016,19.984],"uv_size":[5.968,-5.968]}}},{"origin":[-3.588,15.9,-7.0152],"size":[7.176,0.984,0.3576],"pivot":[4.8,16.8,-6.6],"rotation":[-47.5,0,0],"uv":{"north":{"uv":[62.016,3.016],"uv_size":[5.968,0.968]},"east":{"uv":[50.016,71.016],"uv_size":[0.968,0.968]},"south":{"uv":[62.016,10.016],"uv_size":[5.968,0.968]},"west":{"uv":[71.016,50.016],"uv_size":[0.968,0.968]},"up":{"uv":[62.016,11.016],"uv_size":[5.968,0.968]},"down":{"uv":[62.016,12.984],"uv_size":[5.968,-0.968]}}},{"origin":[-3,11.4924,-13.32],"size":[6,2.4,1.2],"uv":{"north":{"uv":[26.016,44.016],"uv_size":[4.968,1.968]},"east":{"uv":[6.016,71.016],"uv_size":[0.968,1.968]},"south":{"uv":[31.016,44.016],"uv_size":[4.968,1.968]},"west":{"uv":[71.016,6.016],"uv_size":[0.968,1.968]},"up":{"uv":[63.016,7.016],"uv_size":[4.968,0.968]},"down":{"uv":[63.016,8.984],"uv_size":[4.968,-0.968]}}},{"origin":[-3.59892,1.44,-9.12],"size":[7.1988,1.2,13.32],"uv":{"north":{"uv":[62.016,1.016],"uv_size":[5.968,0.968]},"east":{"uv":[43.016,35.016],"uv_size":[10.968,0.968]},"south":{"uv":[62.016,2.016],"uv_size":[5.968,0.968]},"west":{"uv":[43.016,36.016],"uv_size":[10.968,0.968]},"up":{"uv":[11.016,0.016],"uv_size":[5.968,10.968]},"down":{"uv":[11.016,21.984],"uv_size":[5.968,-10.968]}}}]},{"name":"Lampachter","parent":"base","pivot":[0,13.2,3.36]},{"name":"Detailsachter","parent":"base","pivot":[0,0,0]},{"name":"Uitlaat2","parent":"Detailsachter","pivot":[-8.4,0,1.2],"cubes":[{"origin":[-5.4,6,-1.2],"size":[1.8,1.8,4.2],"pivot":[-3.6,6,2.4],"rotation":[0,-40,0],"uv":{"north":{"uv":[69.016,57.016],"uv_size":[1.968,1.968]},"east":{"uv":[60.016,57.016],"uv_size":[3.968,1.968]},"south":{"uv":[69.016,59.016],"uv_size":[1.968,1.968]},"west":{"uv":[0.016,61.016],"uv_size":[3.968,1.968]},"up":{"uv":[61.016,6.016],"uv_size":[1.968,3.968]},"down":{"uv":[16.016,64.984],"uv_size":[1.968,-3.968]}}},{"origin":[-5.52,6,2.4],"size":[1.8,1.8,4.2],"pivot":[-3.6,6,2.4],"rotation":[15,-17.5,0],"uv":{"north":{"uv":[71.016,16.016],"uv_size":[0.968,1.968]},"east":{"uv":[61.016,28.016],"uv_size":[3.968,1.968]},"south":{"uv":[71.016,18.016],"uv_size":[0.968,1.968]},"west":{"uv":[44.016,61.016],"uv_size":[3.968,1.968]},"up":{"uv":[69.016,68.016],"uv_size":[0.968,3.968]},"down":{"uv":[70.016,3.984],"uv_size":[0.968,-3.968]}}},{"origin":[-5.4,3.6,-2.4],"size":[1.8,1.8,4.2],"pivot":[-3.6,3.6,1.2],"rotation":[0,-40,0],"uv":{"north":{"uv":[69.016,61.016],"uv_size":[1.968,1.968]},"east":{"uv":[18.016,61.016],"uv_size":[3.968,1.968]},"south":{"uv":[69.016,66.016],"uv_size":[1.968,1.968]},"west":{"uv":[61.016,22.016],"uv_size":[3.968,1.968]},"up":{"uv":[22.016,61.016],"uv_size":[1.968,3.968]},"down":{"uv":[61.016,27.984],"uv_size":[1.968,-3.968]}}},{"origin":[-5.52,3.6,1.2],"size":[1.8,1.8,4.2],"pivot":[-3.6,3.6,1.2],"rotation":[15,-17.5,0],"uv":{"north":{"uv":[20.016,71.016],"uv_size":[0.968,1.968]},"east":{"uv":[61.016,45.016],"uv_size":[3.968,1.968]},"south":{"uv":[21.016,71.016],"uv_size":[0.968,1.968]},"west":{"uv":[61.016,47.016],"uv_size":[3.968,1.968]},"up":{"uv":[70.016,4.016],"uv_size":[0.968,3.968]},"down":{"uv":[70.016,11.984],"uv_size":[0.968,-3.968]}}}],"locators":{"smoke_particle3":[-5.76,5.4,4.56],"smoke_particle4":[-5.88,7.8,5.64]}},{"name":"Uitlaat","parent":"Detailsachter","pivot":[0,0,1.2],"cubes":[{"origin":[3,6,-1.2],"size":[1.8,1.8,4.2],"pivot":[4.8,6,2.4],"rotation":[0,40,0],"uv":{"north":{"uv":[65.016,68.016],"uv_size":[1.968,1.968]},"east":{"uv":[4.016,56.016],"uv_size":[3.968,1.968]},"south":{"uv":[67.016,68.016],"uv_size":[1.968,1.968]},"west":{"uv":[8.016,56.016],"uv_size":[3.968,1.968]},"up":{"uv":[34.016,54.016],"uv_size":[1.968,3.968]},"down":{"uv":[56.016,13.984],"uv_size":[1.968,-3.968]}}},{"origin":[3.24,5.76,3],"size":[1.8,1.8,4.2],"pivot":[4.8,6,2.4],"rotation":[15,17.5,0],"uv":{"north":{"uv":[4.016,69.016],"uv_size":[1.968,1.968]},"east":{"uv":[12.016,56.016],"uv_size":[3.968,1.968]},"south":{"uv":[6.016,69.016],"uv_size":[1.968,1.968]},"west":{"uv":[56.016,14.016],"uv_size":[3.968,1.968]},"up":{"uv":[25.016,56.016],"uv_size":[1.968,3.968]},"down":{"uv":[27.016,59.984],"uv_size":[1.968,-3.968]}}},{"origin":[3,3.6,-2.4],"size":[1.8,1.8,4.2],"pivot":[4.8,3.6,1.2],"rotation":[0,40,0],"uv":{"north":{"uv":[59.016,68.016],"uv_size":[1.968,1.968]},"east":{"uv":[55.016,32.016],"uv_size":[3.968,1.968]},"south":{"uv":[61.016,68.016],"uv_size":[1.968,1.968]},"west":{"uv":[55.016,37.016],"uv_size":[3.968,1.968]},"up":{"uv":[8.016,48.016],"uv_size":[1.968,3.968]},"down":{"uv":[34.016,53.984],"uv_size":[1.968,-3.968]}}},{"origin":[3.24,3.36,1.8],"size":[1.8,1.8,4.2],"pivot":[4.8,3.6,1.2],"rotation":[15,17.5,0],"uv":{"north":{"uv":[63.016,68.016],"uv_size":[1.968,1.968]},"east":{"uv":[49.016,55.016],"uv_size":[3.968,1.968]},"south":{"uv":[68.016,64.016],"uv_size":[1.968,1.968]},"west":{"uv":[53.016,55.016],"uv_size":[3.968,1.968]},"up":{"uv":[22.016,51.016],"uv_size":[1.968,3.968]},"down":{"uv":[8.016,55.984],"uv_size":[1.968,-3.968]}}}],"locators":{"smoke_particle2":[5.4,5.4,5.76],"smoke_particle":[5.4,7.8,6.96]}},{"name":"Details","parent":"base","pivot":[0,13.2,3.36]},{"name":"voetensteun","parent":"Details","pivot":[0,13.2,3.36],"cubes":[{"origin":[-5.4,4.8,-7.44],"size":[10.8,1.2,1.2],"uv":{"north":{"uv":[43.016,37.016],"uv_size":[8.968,0.968]},"east":{"uv":[70.016,71.016],"uv_size":[0.968,0.968]},"south":{"uv":[46.016,22.016],"uv_size":[8.968,0.968]},"west":{"uv":[71.016,71.016],"uv_size":[0.968,0.968]},"up":{"uv":[46.016,23.016],"uv_size":[8.968,0.968]},"down":{"uv":[46.016,38.984],"uv_size":[8.968,-0.968]}}},{"origin":[-3.12,3.6,-8.64],"size":[6.24,3.6,4.8],"uv":{"north":{"uv":[41.016,21.016],"uv_size":[4.968,2.968]},"east":{"uv":[6.016,43.016],"uv_size":[3.968,2.968]},"south":{"uv":[31.016,41.016],"uv_size":[4.968,2.968]},"west":{"uv":[43.016,32.016],"uv_size":[3.968,2.968]},"up":{"uv":[31.016,37.016],"uv_size":[4.968,3.968]},"down":{"uv":[37.016,37.984],"uv_size":[4.968,-3.968]}}}]},{"name":"GedeelteAchter","parent":"Harleymotor","pivot":[-3.6,20.04,-14.4]},{"name":"Suspensieachter","parent":"GedeelteAchter","pivot":[-3.6,20.04,-14.4],"cubes":[{"origin":[2.7,5.4,3],"size":[1.2,1.5,8.4],"uv":{"north":{"uv":[61.016,71.016],"uv_size":[0.968,0.968]},"east":{"uv":[61.016,54.016],"uv_size":[6.968,0.968]},"south":{"uv":[71.016,61.016],"uv_size":[0.968,0.968]},"west":{"uv":[61.016,55.016],"uv_size":[6.968,0.968]},"up":{"uv":[34.016,62.016],"uv_size":[0.968,6.968]},"down":{"uv":[35.016,68.984],"uv_size":[0.968,-6.968]}}},{"origin":[2.82,4.32,1.8],"size":[0.96,0.66,4.2],"pivot":[0,0,10.8],"rotation":[-35,0,0],"uv":{"north":{"uv":[62.016,71.016],"uv_size":[0.968,0.968]},"east":{"uv":[68.016,30.016],"uv_size":[3.968,0.968]},"south":{"uv":[71.016,62.016],"uv_size":[0.968,0.968]},"west":{"uv":[68.016,31.016],"uv_size":[3.968,0.968]},"up":{"uv":[68.016,34.016],"uv_size":[0.968,3.968]},"down":{"uv":[38.016,71.984],"uv_size":[0.968,-3.968]}}},{"origin":[-3.9,5.4,3],"size":[1.2,1.5,8.4],"uv":{"north":{"uv":[64.016,71.016],"uv_size":[0.968,0.968]},"east":{"uv":[61.016,56.016],"uv_size":[6.968,0.968]},"south":{"uv":[65.016,71.016],"uv_size":[0.968,0.968]},"west":{"uv":[62.016,0.016],"uv_size":[6.968,0.968]},"up":{"uv":[36.016,62.016],"uv_size":[0.968,6.968]},"down":{"uv":[37.016,68.984],"uv_size":[0.968,-6.968]}}},{"origin":[-3.66,4.32,1.8],"size":[0.96,0.66,4.2],"pivot":[-6,0,10.8],"rotation":[-35,0,0],"uv":{"north":{"uv":[66.016,71.016],"uv_size":[0.968,0.968]},"east":{"uv":[68.016,49.016],"uv_size":[3.968,0.968]},"south":{"uv":[71.016,66.016],"uv_size":[0.968,0.968]},"west":{"uv":[50.016,68.016],"uv_size":[3.968,0.968]},"up":{"uv":[41.016,68.016],"uv_size":[0.968,3.968]},"down":{"uv":[68.016,53.984],"uv_size":[0.968,-3.968]}}},{"origin":[-3.9,4.2,-1.8],"size":[1.2,0.9,4.2],"pivot":[-6,0,10.8],"rotation":[-35,0,0],"uv":{"north":{"uv":[67.016,71.016],"uv_size":[0.968,0.968]},"east":{"uv":[54.016,68.016],"uv_size":[3.968,0.968]},"south":{"uv":[71.016,67.016],"uv_size":[0.968,0.968]},"west":{"uv":[68.016,54.016],"uv_size":[3.968,0.968]},"up":{"uv":[68.016,55.016],"uv_size":[0.968,3.968]},"down":{"uv":[58.016,71.984],"uv_size":[0.968,-3.968]}}},{"origin":[2.7,4.2,-1.8],"size":[1.2,0.9,4.2],"pivot":[0,0,10.8],"rotation":[-35,0,0],"uv":{"north":{"uv":[63.016,71.016],"uv_size":[0.968,0.968]},"east":{"uv":[68.016,32.016],"uv_size":[3.968,0.968]},"south":{"uv":[71.016,63.016],"uv_size":[0.968,0.968]},"west":{"uv":[68.016,39.016],"uv_size":[3.968,0.968]},"up":{"uv":[39.016,68.016],"uv_size":[0.968,3.968]},"down":{"uv":[40.016,71.984],"uv_size":[0.968,-3.968]}}}]},{"name":"wiel2","parent":"GedeelteAchter","pivot":[0,6,10.8]},{"name":"Wielachter","parent":"wiel2","pivot":[0,6,16.8],"cubes":[{"origin":[-2.39988,0,9.6],"size":[4.8,2.4,2.4],"uv":{"north":{"uv":[49.016,28.016],"uv_size":[3.968,1.968]},"east":{"uv":[0.016,65.016],"uv_size":[1.968,1.968]},"south":{"uv":[49.016,30.016],"uv_size":[3.968,1.968]},"west":{"uv":[2.016,65.016],"uv_size":[1.968,1.968]},"up":{"uv":[49.016,45.016],"uv_size":[3.968,1.968]},"down":{"uv":[49.016,48.984],"uv_size":[3.968,-1.968]}}},{"origin":[-2.4,0,7.2],"size":[4.8,2.4,2.4],"pivot":[0,0,9.6],"rotation":[-22.5,0,0],"uv":{"north":{"uv":[49.016,49.016],"uv_size":[3.968,1.968]},"east":{"uv":[16.016,65.016],"uv_size":[1.968,1.968]},"south":{"uv":[50.016,0.016],"uv_size":[3.968,1.968]},"west":{"uv":[18.016,65.016],"uv_size":[1.968,1.968]},"up":{"uv":[50.016,2.016],"uv_size":[3.968,1.968]},"down":{"uv":[4.016,51.984],"uv_size":[3.968,-1.968]}}},{"origin":[-2.39988,1.158,5.136],"size":[4.8,2.4,2.4],"pivot":[0,1.2,7.2],"rotation":[-45,0,0],"uv":{"north":{"uv":[13.016,50.016],"uv_size":[3.968,1.968]},"east":{"uv":[20.016,65.016],"uv_size":[1.968,1.968]},"south":{"uv":[26.016,50.016],"uv_size":[3.968,1.968]},"west":{"uv":[22.016,65.016],"uv_size":[1.968,1.968]},"up":{"uv":[30.016,50.016],"uv_size":[3.968,1.968]},"down":{"uv":[50.016,40.984],"uv_size":[3.968,-1.968]}}},{"origin":[-2.4,0.372,2.916],"size":[4.8,2.4,2.4],"pivot":[0,1.2,7.2],"rotation":[-67.5,0,0],"uv":{"north":{"uv":[41.016,50.016],"uv_size":[3.968,1.968]},"east":{"uv":[65.016,22.016],"uv_size":[1.968,1.968]},"south":{"uv":[50.016,41.016],"uv_size":[3.968,1.968]},"west":{"uv":[65.016,28.016],"uv_size":[1.968,1.968]},"up":{"uv":[50.016,43.016],"uv_size":[3.968,1.968]},"down":{"uv":[45.016,51.984],"uv_size":[3.968,-1.968]}}}]},{"name":"Wielkant8","parent":"Wielachter","pivot":[0,6,22.8],"rotation":[90,0,0],"cubes":[{"origin":[-2.4,11.54328,16.9039],"size":[4.8,2.4,2.4],"pivot":[0,6,21.6],"rotation":[-22.5,0,0],"uv":{"north":{"uv":[37.016,18.016],"uv_size":[3.968,1.968]},"east":{"uv":[15.016,26.016],"uv_size":[1.968,1.968]},"south":{"uv":[29.016,46.016],"uv_size":[3.968,1.968]},"west":{"uv":[18.016,53.016],"uv_size":[1.968,1.968]},"up":{"uv":[46.016,39.016],"uv_size":[3.968,1.968]},"down":{"uv":[41.016,47.984],"uv_size":[3.968,-1.968]}}},{"origin":[-2.39988,11.40064,12.89336],"size":[4.8,2.4,2.4],"pivot":[0,7.2,19.2],"rotation":[-45,0,0],"uv":{"north":{"uv":[46.016,41.016],"uv_size":[3.968,1.968]},"east":{"uv":[0.016,63.016],"uv_size":[1.968,1.968]},"south":{"uv":[46.016,43.016],"uv_size":[3.968,1.968]},"west":{"uv":[2.016,63.016],"uv_size":[1.968,1.968]},"up":{"uv":[45.016,46.016],"uv_size":[3.968,1.968]},"down":{"uv":[0.016,48.984],"uv_size":[3.968,-1.968]}}},{"origin":[-2.4,8.6681,9.37272],"size":[4.8,2.4,2.4],"pivot":[0,7.2,19.2],"rotation":[-67.5,0,0],"uv":{"north":{"uv":[57.016,53.016],"uv_size":[3.968,1.968]},"east":{"uv":[28.016,69.016],"uv_size":[1.968,1.968]},"south":{"uv":[57.016,55.016],"uv_size":[3.968,1.968]},"west":{"uv":[69.016,28.016],"uv_size":[1.968,1.968]},"up":{"uv":[56.016,57.016],"uv_size":[3.968,1.968]},"down":{"uv":[58.016,1.984],"uv_size":[3.968,-1.968]}}}]},{"name":"Wielkant9","parent":"Wielachter","pivot":[0,12,16.8],"rotation":[180,0,0],"cubes":[{"origin":[-2.3988,12,21.6],"size":[4.8,2.4,2.4],"uv":{"north":{"uv":[47.016,4.016],"uv_size":[3.968,1.968]},"east":{"uv":[18.016,63.016],"uv_size":[1.968,1.968]},"south":{"uv":[47.016,32.016],"uv_size":[3.968,1.968]},"west":{"uv":[20.016,63.016],"uv_size":[1.968,1.968]},"up":{"uv":[4.016,48.016],"uv_size":[3.968,1.968]},"down":{"uv":[48.016,11.984],"uv_size":[3.968,-1.968]}}},{"origin":[-2.4,14.2961,18.74328],"size":[4.8,2.4,2.4],"pivot":[0,12,15.6],"rotation":[-22.5,0,0],"uv":{"north":{"uv":[57.016,27.016],"uv_size":[3.968,1.968]},"east":{"uv":[22.016,69.016],"uv_size":[1.968,1.968]},"south":{"uv":[57.016,29.016],"uv_size":[3.968,1.968]},"west":{"uv":[69.016,22.016],"uv_size":[1.968,1.968]},"up":{"uv":[57.016,45.016],"uv_size":[3.968,1.968]},"down":{"uv":[57.016,48.984],"uv_size":[3.968,-1.968]}}},{"origin":[-2.39988,17.40064,15.37864],"size":[4.8,2.4,2.4],"pivot":[0,13.2,13.2],"rotation":[-45,0,0],"uv":{"north":{"uv":[48.016,57.016],"uv_size":[3.968,1.968]},"east":{"uv":[24.016,69.016],"uv_size":[1.968,1.968]},"south":{"uv":[57.016,49.016],"uv_size":[3.968,1.968]},"west":{"uv":[26.016,69.016],"uv_size":[1.968,1.968]},"up":{"uv":[57.016,51.016],"uv_size":[3.968,1.968]},"down":{"uv":[52.016,58.984],"uv_size":[3.968,-1.968]}}},{"origin":[-2.4,17.91528,11.2121],"size":[4.8,2.4,2.4],"pivot":[0,13.2,13.2],"rotation":[-67.5,0,0],"uv":{"north":{"uv":[48.016,12.016],"uv_size":[3.968,1.968]},"east":{"uv":[42.016,64.016],"uv_size":[1.968,1.968]},"south":{"uv":[13.016,48.016],"uv_size":[3.968,1.968]},"west":{"uv":[44.016,64.016],"uv_size":[1.968,1.968]},"up":{"uv":[48.016,14.016],"uv_size":[3.968,1.968]},"down":{"uv":[48.016,17.984],"uv_size":[3.968,-1.968]}}},{"origin":[-2.39988,22.8,8.36041],"size":[4.8,2.4,2.4],"pivot":[0,16.8,10.8],"rotation":[-90,0,0],"uv":{"north":{"uv":[29.016,48.016],"uv_size":[3.968,1.968]},"east":{"uv":[46.016,64.016],"uv_size":[1.968,1.968]},"south":{"uv":[41.016,48.016],"uv_size":[3.968,1.968]},"west":{"uv":[64.016,57.016],"uv_size":[1.968,1.968]},"up":{"uv":[45.016,48.016],"uv_size":[3.968,1.968]},"down":{"uv":[0.016,50.984],"uv_size":[3.968,-1.968]}}}]},{"name":"Wielkant10","parent":"Wielachter","pivot":[0,6,10.8],"rotation":[-90,0,0],"cubes":[{"origin":[-2.39988,0,9.6],"size":[4.8,2.4,2.4],"uv":{"north":{"uv":[49.016,6.016],"uv_size":[3.968,1.968]},"east":{"uv":[62.016,64.016],"uv_size":[1.968,1.968]},"south":{"uv":[49.016,8.016],"uv_size":[3.968,1.968]},"west":{"uv":[64.016,64.016],"uv_size":[1.968,1.968]},"up":{"uv":[49.016,24.016],"uv_size":[3.968,1.968]},"down":{"uv":[49.016,27.984],"uv_size":[3.968,-1.968]}}},{"origin":[-2.4,0.45672,9.4961],"size":[4.8,2.4,2.4],"pivot":[0,6,9.6],"rotation":[-22.5,0,0],"uv":{"north":{"uv":[56.016,16.016],"uv_size":[3.968,1.968]},"east":{"uv":[8.016,69.016],"uv_size":[1.968,1.968]},"south":{"uv":[29.016,56.016],"uv_size":[3.968,1.968]},"west":{"uv":[10.016,69.016],"uv_size":[1.968,1.968]},"up":{"uv":[36.016,56.016],"uv_size":[3.968,1.968]},"down":{"uv":[40.016,57.984],"uv_size":[3.968,-1.968]}}},{"origin":[-2.39988,2.91536,9.37864],"size":[4.8,2.4,2.4],"pivot":[0,7.2,7.2],"rotation":[-45,0,0],"uv":{"north":{"uv":[44.016,56.016],"uv_size":[3.968,1.968]},"east":{"uv":[12.016,69.016],"uv_size":[1.968,1.968]},"south":{"uv":[0.016,57.016],"uv_size":[3.968,1.968]},"west":{"uv":[14.016,69.016],"uv_size":[1.968,1.968]},"up":{"uv":[57.016,6.016],"uv_size":[3.968,1.968]},"down":{"uv":[57.016,9.984],"uv_size":[3.968,-1.968]}}},{"origin":[-2.4,4.0759,8.45928],"size":[4.8,2.4,2.4],"pivot":[0,7.2,7.2],"rotation":[-67.5,0,0],"uv":{"north":{"uv":[16.016,57.016],"uv_size":[3.968,1.968]},"east":{"uv":[69.016,14.016],"uv_size":[1.968,1.968]},"south":{"uv":[20.016,57.016],"uv_size":[3.968,1.968]},"west":{"uv":[20.016,69.016],"uv_size":[1.968,1.968]},"up":{"uv":[57.016,23.016],"uv_size":[3.968,1.968]},"down":{"uv":[57.016,26.984],"uv_size":[3.968,-1.968]}}}]},{"name":"Velgband3","parent":"Wielachter","pivot":[0,0,16.8],"cubes":[{"origin":[-2.1,5.4,10.2],"size":[4.2,1.2,1.2],"uv":{"north":{"uv":[16.016,36.016],"uv_size":[3.968,0.968]},"east":{"uv":[36.016,37.016],"uv_size":[0.968,0.968]},"south":{"uv":[51.016,21.016],"uv_size":[3.968,0.968]},"west":{"uv":[5.016,45.016],"uv_size":[0.968,0.968]},"up":{"uv":[64.016,17.016],"uv_size":[3.968,0.968]},"down":{"uv":[65.016,45.984],"uv_size":[3.968,-0.968]}}},{"origin":[-2.7,5.7,10.5],"size":[5.4,0.6,0.6],"uv":{"north":{"uv":[62.016,40.016],"uv_size":[4.968,0.968]},"east":{"uv":[26.016,71.016],"uv_size":[0.968,0.968]},"south":{"uv":[62.016,41.016],"uv_size":[4.968,0.968]},"west":{"uv":[71.016,26.016],"uv_size":[0.968,0.968]},"up":{"uv":[62.016,42.016],"uv_size":[4.968,0.968]},"down":{"uv":[62.016,43.984],"uv_size":[4.968,-0.968]}}},{"origin":[-0.05988,5.4,9.6],"size":[0.12,1.2,2.4],"uv":{"north":{"uv":[4.016,47.016],"uv_size":[0.968,0.968]},"east":{"uv":[16.016,45.016],"uv_size":[1.968,0.968]},"south":{"uv":[24.016,54.016],"uv_size":[0.968,0.968]},"west":{"uv":[55.016,23.016],"uv_size":[1.968,0.968]},"up":{"uv":[10.016,20.016],"uv_size":[0.968,1.968]},"down":{"uv":[36.016,7.984],"uv_size":[0.968,-1.968]}}},{"origin":[-0.06,4.8,10.2],"size":[0.12,2.4,1.2],"uv":{"north":{"uv":[36.016,30.016],"uv_size":[0.968,1.968]},"east":{"uv":[41.016,24.016],"uv_size":[0.968,1.968]},"south":{"uv":[33.016,56.016],"uv_size":[0.968,1.968]},"west":{"uv":[0.016,71.016],"uv_size":[0.968,1.968]},"up":{"uv":[25.016,55.016],"uv_size":[0.968,0.968]},"down":{"uv":[16.016,56.984],"uv_size":[0.968,-0.968]}}},{"origin":[-0.06,5.7,6.6],"size":[0.12,0.6,7.8],"uv":{"north":{"uv":[48.016,56.016],"uv_size":[0.968,0.968]},"east":{"uv":[59.016,33.016],"uv_size":[6.968,0.968]},"south":{"uv":[58.016,36.016],"uv_size":[0.968,0.968]},"west":{"uv":[59.016,38.016],"uv_size":[6.968,0.968]},"up":{"uv":[24.016,47.016],"uv_size":[0.968,6.968]},"down":{"uv":[17.016,54.984],"uv_size":[0.968,-6.968]}}},{"origin":[-0.0588,2.1,10.5],"size":[0.12,7.8,0.6],"uv":{"north":{"uv":[50.016,61.016],"uv_size":[0.968,6.968]},"east":{"uv":[51.016,61.016],"uv_size":[0.968,6.968]},"south":{"uv":[52.016,61.016],"uv_size":[0.968,6.968]},"west":{"uv":[53.016,61.016],"uv_size":[0.968,6.968]},"up":{"uv":[44.016,60.016],"uv_size":[0.968,0.968]},"down":{"uv":[47.016,63.984],"uv_size":[0.968,-0.968]}}},{"origin":[-0.06,2.1,10.5],"size":[0.12,7.8,0.6],"pivot":[0,6,10.8],"rotation":[45,0,0],"uv":{"north":{"uv":[54.016,61.016],"uv_size":[0.968,6.968]},"east":{"uv":[55.016,61.016],"uv_size":[0.968,6.968]},"south":{"uv":[56.016,61.016],"uv_size":[0.968,6.968]},"west":{"uv":[57.016,61.016],"uv_size":[0.968,6.968]},"up":{"uv":[69.016,0.016],"uv_size":[0.968,0.968]},"down":{"uv":[69.016,16.984],"uv_size":[0.968,-0.968]}}},{"origin":[-0.06,2.1,10.5],"size":[0.12,7.8,0.6],"pivot":[0,6,10.8],"rotation":[135,0,0],"uv":{"north":{"uv":[58.016,61.016],"uv_size":[0.968,6.968]},"east":{"uv":[59.016,61.016],"uv_size":[0.968,6.968]},"south":{"uv":[61.016,59.016],"uv_size":[0.968,6.968]},"west":{"uv":[60.016,61.016],"uv_size":[0.968,6.968]},"up":{"uv":[25.016,71.016],"uv_size":[0.968,0.968]},"down":{"uv":[71.016,25.984],"uv_size":[0.968,-0.968]}}}]}]}]}
