{"format_version":"1.12.0","minecraft:geometry":[{"description":{"identifier":"geometry.brandblusser","texture_width":16,"texture_height":16,"visible_bounds_width":2,"visible_bounds_height":1.5,"visible_bounds_offset":[0,0.25,0]},"bones":[{"name":"Brandblusser","pivot":[0,0,0],"cubes":[{"origin":[-2,0,0.1],"size":[2,6,1.8],"uv":{"north":{"uv":[0,0],"uv_size":[2,6]},"east":{"uv":[6,0],"uv_size":[1.75,6]},"south":{"uv":[2,0],"uv_size":[2,6]},"west":{"uv":[2,6],"uv_size":[1.75,6]},"up":{"uv":[8,0],"uv_size":[2,1.75]},"down":{"uv":[8,3.75],"uv_size":[2,-1.75]}}},{"origin":[-1.9,0,0],"size":[1.8,6,2],"uv":{"north":{"uv":[4,6],"uv_size":[1.75,6]},"east":{"uv":[4,0],"uv_size":[2,6]},"south":{"uv":[6,6],"uv_size":[1.75,6]},"west":{"uv":[0,6],"uv_size":[2,6]},"up":{"uv":[8,4],"uv_size":[1.75,2]},"down":{"uv":[8,8],"uv_size":[1.75,-2]}}},{"origin":[-1.9,6,0.1],"size":[1.8,0.1,1.8],"uv":{"north":{"uv":[12,6],"uv_size":[1.75,0.25]},"east":{"uv":[12,7],"uv_size":[1.75,0.25]},"south":{"uv":[8,12],"uv_size":[1.75,0.25]},"west":{"uv":[12,8],"uv_size":[1.75,0.25]},"up":{"uv":[8,8],"uv_size":[1.75,1.75]},"down":{"uv":[10,1.75],"uv_size":[1.75,-1.75]}}},{"origin":[-1.8,6.1,0.2],"size":[1.6,0.1,1.6],"uv":{"north":{"uv":[12,9],"uv_size":[1.5,0.25]},"east":{"uv":[10,12],"uv_size":[1.5,0.25]},"south":{"uv":[12,10],"uv_size":[1.5,0.25]},"west":{"uv":[12,11],"uv_size":[1.5,0.25]},"up":{"uv":[10,2],"uv_size":[1.5,1.5]},"down":{"uv":[10,5.5],"uv_size":[1.5,-1.5]}}},{"origin":[-1.6,6.2,0.4],"size":[1.2,0.1,1.2],"uv":{"north":{"uv":[2,13],"uv_size":[1.25,0.25]},"east":{"uv":[13,2],"uv_size":[1.25,0.25]},"south":{"uv":[13,3],"uv_size":[1.25,0.25]},"west":{"uv":[4,13],"uv_size":[1.25,0.25]},"up":{"uv":[10,6],"uv_size":[1.25,1.25]},"down":{"uv":[8,11.25],"uv_size":[1.25,-1.25]}}},{"origin":[-1.2,6.3,0.7],"size":[0.5,0.3,0.5],"pivot":[-1,6.3,1],"rotation":[0,-45,0],"uv":{"north":{"uv":[4,14],"uv_size":[0.5,0.25]},"east":{"uv":[14,4],"uv_size":[0.5,0.25]},"south":{"uv":[5,14],"uv_size":[0.5,0.25]},"west":{"uv":[14,5],"uv_size":[0.5,0.25]},"up":{"uv":[13,4],"uv_size":[0.5,0.5]},"down":{"uv":[6,13.5],"uv_size":[0.5,-0.5]}}},{"origin":[-1.25,6.6,0.7],"size":[0.6,0.3,0.7],"uv":{"north":{"uv":[8,14],"uv_size":[0.5,0.25]},"east":{"uv":[1,14],"uv_size":[0.75,0.25]},"south":{"uv":[14,8],"uv_size":[0.5,0.25]},"west":{"uv":[14,1],"uv_size":[0.75,0.25]},"up":{"uv":[12,12],"uv_size":[0.5,0.75]},"down":{"uv":[13,0.75],"uv_size":[0.5,-0.75]}}},{"origin":[-0.65,6.6,0.7],"size":[0.1,0.1,0.1],"pivot":[-1,6.3,1],"rotation":[-45,0,0],"uv":{"north":{"uv":[11,14],"uv_size":[0.25,0.25]},"east":{"uv":[14,11],"uv_size":[0.25,0.25]},"south":{"uv":[12,14],"uv_size":[0.25,0.25]},"west":{"uv":[14,12],"uv_size":[0.25,0.25]},"up":{"uv":[13,14],"uv_size":[0.25,0.25]},"down":{"uv":[14,13.25],"uv_size":[0.25,-0.25]}}},{"origin":[-0.55,6.55,0.65],"size":[0.2,0.2,0.2],"pivot":[-1,6.3,1],"rotation":[-45,0,0],"uv":{"north":{"uv":[14,14],"uv_size":[0.25,0.25]},"east":{"uv":[0,15],"uv_size":[0.25,0.25]},"south":{"uv":[15,0],"uv_size":[0.25,0.25]},"west":{"uv":[1,15],"uv_size":[0.25,0.25]},"up":{"uv":[15,1],"uv_size":[0.25,0.25]},"down":{"uv":[2,15.25],"uv_size":[0.25,-0.25]}}},{"origin":[-1.25,6.75,0.7],"size":[0.6,0.15,2],"pivot":[-1,6.9,0.7],"rotation":[10,0,0],"uv":{"north":{"uv":[10,14],"uv_size":[0.5,0.25]},"east":{"uv":[12,5],"uv_size":[2,0.25]},"south":{"uv":[14,10],"uv_size":[0.5,0.25]},"west":{"uv":[6,12],"uv_size":[2,0.25]},"up":{"uv":[11,10],"uv_size":[0.5,2]},"down":{"uv":[0,14],"uv_size":[0.5,-2]}}},{"origin":[-1.15,6.6,1.4],"size":[0.4,0.15,0.8],"pivot":[-1,6.75,1.4],"rotation":[-10,0,0],"uv":{"north":{"uv":[9,14],"uv_size":[0.5,0.25]},"east":{"uv":[2,14],"uv_size":[0.75,0.25]},"south":{"uv":[14,9],"uv_size":[0.5,0.25]},"west":{"uv":[3,14],"uv_size":[0.75,0.25]},"up":{"uv":[1,13],"uv_size":[0.5,0.75]},"down":{"uv":[13,1.75],"uv_size":[0.5,-0.75]}}},{"origin":[-1.2,6.299,-0.1],"size":[0.5,0.3,1.1],"uv":{"north":{"uv":[6,14],"uv_size":[0.5,0.25]},"east":{"uv":[7,13],"uv_size":[1,0.25]},"south":{"uv":[14,6],"uv_size":[0.5,0.25]},"west":{"uv":[8,13],"uv_size":[1,0.25]},"up":{"uv":[12,3],"uv_size":[0.5,1]},"down":{"uv":[4,13],"uv_size":[0.5,-1]}}},{"origin":[-1.19,6.299,-1.2],"size":[0.48,0.3,1.1],"pivot":[-1,6.6,-0.1],"rotation":[45,0,0],"uv":{"north":{"uv":[7,14],"uv_size":[0.5,0.25]},"east":{"uv":[9,13],"uv_size":[1,0.25]},"south":{"uv":[14,7],"uv_size":[0.5,0.25]},"west":{"uv":[10,13],"uv_size":[1,0.25]},"up":{"uv":[12,4],"uv_size":[0.5,1]},"down":{"uv":[5,13],"uv_size":[0.5,-1]}}},{"origin":[-1.3,5.15,-2.1],"size":[0.7,0.7,0.9],"pivot":[-1,5.6,-1.1],"rotation":[35,0,0],"uv":{"north":{"uv":[12,2],"uv_size":[0.75,0.75]},"east":{"uv":[12,0],"uv_size":[1,0.75]},"south":{"uv":[3,12],"uv_size":[0.75,0.75]},"west":{"uv":[1,12],"uv_size":[1,0.75]},"up":{"uv":[12,1],"uv_size":[0.75,1]},"down":{"uv":[2,13],"uv_size":[0.75,-1]}}},{"origin":[-1.4,5.05,-3],"size":[0.9,0.9,0.9],"pivot":[-1,5.6,-1.1],"rotation":[35,0,0],"uv":{"north":{"uv":[10,8],"uv_size":[1,1]},"east":{"uv":[10,9],"uv_size":[1,1]},"south":{"uv":[10,10],"uv_size":[1,1]},"west":{"uv":[11,8],"uv_size":[1,1]},"up":{"uv":[11,9],"uv_size":[1,1]},"down":{"uv":[10,12],"uv_size":[1,-1]}}},{"origin":[-1.2,5.25,-1.2],"size":[0.5,0.5,0.5],"pivot":[-1,5.6,-1.1],"rotation":[35,0,0],"uv":{"north":{"uv":[11,13],"uv_size":[0.5,0.5]},"east":{"uv":[12,13],"uv_size":[0.5,0.5]},"south":{"uv":[13,12],"uv_size":[0.5,0.5]},"west":{"uv":[13,13],"uv_size":[0.5,0.5]},"up":{"uv":[0,14],"uv_size":[0.5,0.5]},"down":{"uv":[14,0.5],"uv_size":[0.5,-0.5]}}}]}]}]}
