{"format_version":"1.12.0","minecraft:geometry":[{"description":{"identifier":"geometry.brievenbus","texture_width":64,"texture_height":64,"visible_bounds_width":3,"visible_bounds_height":3.5,"visible_bounds_offset":[0,1.25,0]},"bones":[{"name":"Brievenbus","pivot":[0,0,4]},{"name":"Bus","parent":"Brievenbus","pivot":[0,11,4]},{"name":"Buszelf","parent":"Bus","pivot":[0,0,4],"cubes":[{"origin":[-3.25,17.001,-8],"size":[4.5,0.01,12],"uv":{"north":{"uv":[0,0],"uv_size":[5,0]},"east":{"uv":[0,0],"uv_size":[12,0]},"south":{"uv":[0,0],"uv_size":[5,0]},"west":{"uv":[0,0],"uv_size":[12,0]},"up":{"uv":[0,0],"uv_size":[5,12]},"down":{"uv":[5,12],"uv_size":[5,-12]}}},{"origin":[1.24,17,-8],"size":[0.01,5,12],"uv":{"north":{"uv":[0,0],"uv_size":[0,5]},"east":{"uv":[10,0],"uv_size":[12,5]},"south":{"uv":[0,0],"uv_size":[0,5]},"west":{"uv":[10,5],"uv_size":[12,5]},"up":{"uv":[0,0],"uv_size":[0,12]},"down":{"uv":[0,12],"uv_size":[0,-12]}}},{"origin":[-4.09,21.67,-8],"size":[0.01,1,12],"pivot":[-3,20,-7],"rotation":[0,0,25],"uv":{"north":{"uv":[0,0],"uv_size":[0,1]},"east":{"uv":[27,7],"uv_size":[12,1]},"south":{"uv":[0,0],"uv_size":[0,1]},"west":{"uv":[27,8],"uv_size":[12,1]},"up":{"uv":[0,0],"uv_size":[0,12]},"down":{"uv":[0,12],"uv_size":[0,-12]}}},{"origin":[1.79,22.6,-8],"size":[0.01,1,12],"pivot":[3,21,-7],"rotation":[0,0,-25],"uv":{"north":{"uv":[0,0],"uv_size":[0,1]},"east":{"uv":[27,9],"uv_size":[12,1]},"south":{"uv":[0,0],"uv_size":[0,1]},"west":{"uv":[29,0],"uv_size":[12,1]},"up":{"uv":[0,0],"uv_size":[0,12]},"down":{"uv":[0,12],"uv_size":[0,-12]}}},{"origin":[-4.36,22.3,-8],"size":[0.01,1,12],"pivot":[-3,21,-7],"rotation":[0,0,50],"uv":{"north":{"uv":[0,0],"uv_size":[0,1]},"east":{"uv":[29,1],"uv_size":[12,1]},"south":{"uv":[0,0],"uv_size":[0,1]},"west":{"uv":[29,2],"uv_size":[12,1]},"up":{"uv":[0,0],"uv_size":[0,12]},"down":{"uv":[0,12],"uv_size":[0,-12]}}},{"origin":[1.47,24.57,-8],"size":[0.01,1,12],"pivot":[3,23,-7],"rotation":[0,0,-50],"uv":{"north":{"uv":[0,0],"uv_size":[0,1]},"east":{"uv":[29,3],"uv_size":[12,1]},"south":{"uv":[0,0],"uv_size":[0,1]},"west":{"uv":[29,4],"uv_size":[12,1]},"up":{"uv":[0,0],"uv_size":[0,12]},"down":{"uv":[0,12],"uv_size":[0,-12]}}},{"origin":[-0.53,25.94,-8],"size":[0.01,2.2,12],"pivot":[1,25,-7],"rotation":[0,0,-90],"uv":{"north":{"uv":[0,0],"uv_size":[0,2]},"east":{"uv":[22,10],"uv_size":[12,2]},"south":{"uv":[0,0],"uv_size":[0,2]},"west":{"uv":[22,12],"uv_size":[12,2]},"up":{"uv":[0,0],"uv_size":[0,12]},"down":{"uv":[0,12],"uv_size":[0,-12]}}},{"origin":[-3.26,17,-8],"size":[0.01,5,12],"uv":{"north":{"uv":[0,0],"uv_size":[0,5]},"east":{"uv":[10,10],"uv_size":[12,5]},"south":{"uv":[0,0],"uv_size":[0,5]},"west":{"uv":[0,15],"uv_size":[12,5]},"up":{"uv":[0,0],"uv_size":[0,12]},"down":{"uv":[0,12],"uv_size":[0,-12]}}}]},{"name":"Klepvoor","parent":"Bus","pivot":[-1.02905,17,-8.00004],"rotation":[180,0,0]},{"name":"KLEP","parent":"Klepvoor","pivot":[0.99905,20.00016,-14.95646],"cubes":[{"origin":[-3.25095,17.00016,-8.00007],"size":[4.5,5,0.01],"uv":{"north":{"uv":[22,0],"uv_size":[5,5]},"east":{"uv":[0,0],"uv_size":[0,5]},"south":{"uv":[22,5],"uv_size":[5,5]},"west":{"uv":[0,0],"uv_size":[0,5]},"up":{"uv":[0,0],"uv_size":[5,0]},"down":{"uv":[0,0],"uv_size":[5,0]}}},{"origin":[-2.10095,22.00016,-8.00007],"size":[2.1,1.48,0.01],"uv":{"north":{"uv":[32,31],"uv_size":[2,1]},"east":{"uv":[0,0],"uv_size":[0,1]},"south":{"uv":[32,32],"uv_size":[2,1]},"west":{"uv":[0,0],"uv_size":[0,1]},"up":{"uv":[0,0],"uv_size":[2,0]},"down":{"uv":[0,0],"uv_size":[2,0]}}},{"origin":[-2.75095,22.00016,-8.00007],"size":[0.75,0.975,0.01],"uv":{"north":{"uv":[26,35],"uv_size":[1,1]},"east":{"uv":[0,0],"uv_size":[0,1]},"south":{"uv":[27,35],"uv_size":[1,1]},"west":{"uv":[0,0],"uv_size":[0,1]},"up":{"uv":[0,0],"uv_size":[1,0]},"down":{"uv":[0,0],"uv_size":[1,0]}}},{"origin":[-0.09095,22.00016,-8.00007],"size":[0.755,1,0.01],"uv":{"north":{"uv":[28,35],"uv_size":[1,1]},"east":{"uv":[0,0],"uv_size":[0,1]},"south":{"uv":[29,35],"uv_size":[1,1]},"west":{"uv":[0,0],"uv_size":[0,1]},"up":{"uv":[0,0],"uv_size":[1,0]},"down":{"uv":[0,0],"uv_size":[1,0]}}},{"origin":[-3.00095,24.66016,-8.00007],"size":[1,0.58,0.01],"pivot":[-3.00095,21.00016,-14.95646],"rotation":[0,0,65],"uv":{"north":{"uv":[35,29],"uv_size":[1,1]},"east":{"uv":[0,0],"uv_size":[0,1]},"south":{"uv":[30,35],"uv_size":[1,1]},"west":{"uv":[0,0],"uv_size":[0,1]},"up":{"uv":[0,0],"uv_size":[1,0]},"down":{"uv":[0,0],"uv_size":[1,0]}}},{"origin":[-2.94095,24.16016,-8.00007],"size":[1.09,0.48,0.01],"pivot":[-3.00095,20.00016,-14.95646],"rotation":[0,0,40],"uv":{"north":{"uv":[35,30],"uv_size":[1,1]},"east":{"uv":[0,0],"uv_size":[0,1]},"south":{"uv":[31,35],"uv_size":[1,1]},"west":{"uv":[0,0],"uv_size":[0,1]},"up":{"uv":[0,0],"uv_size":[1,0]},"down":{"uv":[0,0],"uv_size":[1,0]}}},{"origin":[0.30905,23.35016,-8.00007],"size":[0.99,0.455,0.01],"pivot":[-0.00095,19.00016,-14.95646],"rotation":[0,0,-40],"uv":{"north":{"uv":[32,35],"uv_size":[1,1]},"east":{"uv":[0,0],"uv_size":[0,1]},"south":{"uv":[33,35],"uv_size":[1,1]},"west":{"uv":[0,0],"uv_size":[0,1]},"up":{"uv":[0,0],"uv_size":[1,0]},"down":{"uv":[0,0],"uv_size":[1,0]}}},{"origin":[1.00905,24.25016,-8.00007],"size":[0.99,0.455,0.01],"pivot":[0.99905,20.00016,-14.95646],"rotation":[0,0,-65],"uv":{"north":{"uv":[35,33],"uv_size":[1,1]},"east":{"uv":[0,0],"uv_size":[0,1]},"south":{"uv":[34,35],"uv_size":[1,1]},"west":{"uv":[0,0],"uv_size":[0,1]},"up":{"uv":[0,0],"uv_size":[1,0]},"down":{"uv":[0,0],"uv_size":[1,0]}}}]},{"name":"Klepachter","parent":"Bus","pivot":[-1,17,4],"rotation":[0,0,0],"cubes":[{"origin":[-3.25095,17,3.999],"size":[4.5,5,0.002],"uv":{"north":{"uv":[20,15],"uv_size":[5,5]},"east":{"uv":[0,0],"uv_size":[0,5]},"south":{"uv":[20,20],"uv_size":[5,5]},"west":{"uv":[0,0],"uv_size":[0,5]},"up":{"uv":[0,0],"uv_size":[5,0]},"down":{"uv":[0,0],"uv_size":[5,0]}}},{"origin":[-2.10095,22,3.99],"size":[2.1,1.48,0.001],"uv":{"north":{"uv":[32,27],"uv_size":[2,1]},"east":{"uv":[0,0],"uv_size":[0,1]},"south":{"uv":[32,28],"uv_size":[2,1]},"west":{"uv":[0,0],"uv_size":[0,1]},"up":{"uv":[0,0],"uv_size":[2,0]},"down":{"uv":[0,0],"uv_size":[2,0]}}},{"origin":[-2.75095,22,3.99],"size":[0.75,1,0.001],"uv":{"north":{"uv":[34,33],"uv_size":[1,1]},"east":{"uv":[0,0],"uv_size":[0,1]},"south":{"uv":[34,34],"uv_size":[1,1]},"west":{"uv":[0,0],"uv_size":[0,1]},"up":{"uv":[0,0],"uv_size":[1,0]},"down":{"uv":[0,0],"uv_size":[1,0]}}},{"origin":[-0.09095,22,3.99],"size":[0.755,1,0.001],"uv":{"north":{"uv":[2,35],"uv_size":[1,1]},"east":{"uv":[0,0],"uv_size":[0,1]},"south":{"uv":[3,35],"uv_size":[1,1]},"west":{"uv":[0,0],"uv_size":[0,1]},"up":{"uv":[0,0],"uv_size":[1,0]},"down":{"uv":[0,0],"uv_size":[1,0]}}},{"origin":[-3.00095,24.76,3.99],"size":[1,0.48,0.001],"pivot":[-3.00095,21,-6.95638],"rotation":[0,0,65],"uv":{"north":{"uv":[4,35],"uv_size":[1,1]},"east":{"uv":[0,0],"uv_size":[0,1]},"south":{"uv":[35,5],"uv_size":[1,1]},"west":{"uv":[0,0],"uv_size":[0,1]},"up":{"uv":[0,0],"uv_size":[1,0]},"down":{"uv":[0,0],"uv_size":[1,0]}}},{"origin":[-2.94095,24.16,3.99],"size":[1.09,0.48,0.001],"pivot":[-3.00095,20,-6.95638],"rotation":[0,0,40],"uv":{"north":{"uv":[35,6],"uv_size":[1,1]},"east":{"uv":[0,0],"uv_size":[0,1]},"south":{"uv":[35,14],"uv_size":[1,1]},"west":{"uv":[0,0],"uv_size":[0,1]},"up":{"uv":[0,0],"uv_size":[1,0]},"down":{"uv":[0,0],"uv_size":[1,0]}}},{"origin":[0.20905,23.35,3.992],"size":[1.09,0.48,0.001],"pivot":[-0.00095,19,-6.95638],"rotation":[0,0,-40],"uv":{"north":{"uv":[20,35],"uv_size":[1,1]},"east":{"uv":[0,0],"uv_size":[0,1]},"south":{"uv":[21,35],"uv_size":[1,1]},"west":{"uv":[0,0],"uv_size":[0,1]},"up":{"uv":[0,0],"uv_size":[1,0]},"down":{"uv":[0,0],"uv_size":[1,0]}}},{"origin":[0.90905,24.25,4.009],"size":[1.09,0.48,0.001],"pivot":[0.99905,20,-6.95638],"rotation":[0,0,-65],"uv":{"north":{"uv":[22,35],"uv_size":[1,1]},"east":{"uv":[0,0],"uv_size":[0,1]},"south":{"uv":[23,35],"uv_size":[1,1]},"west":{"uv":[0,0],"uv_size":[0,1]},"up":{"uv":[0,0],"uv_size":[1,0]},"down":{"uv":[0,0],"uv_size":[1,0]}}}]},{"name":"Hendel","parent":"Bus","pivot":[1,20,-6.5],"rotation":[-90,0,0],"cubes":[{"origin":[1.25,20,-7],"size":[0.1,6.4,0.5],"uv":{"north":{"uv":[28,29],"uv_size":[1,6]},"east":{"uv":[29,29],"uv_size":[1,6]},"south":{"uv":[0,30],"uv_size":[1,6]},"west":{"uv":[1,30],"uv_size":[1,6]},"up":{"uv":[35,34],"uv_size":[1,1]},"down":{"uv":[35,36],"uv_size":[1,-1]}}},{"origin":[1.2502,24.9,-7],"size":[0.0996,1.1,2.5],"uv":{"north":{"uv":[0,36],"uv_size":[1,1]},"east":{"uv":[22,14],"uv_size":[3,1]},"south":{"uv":[1,36],"uv_size":[1,1]},"west":{"uv":[31,21],"uv_size":[3,1]},"up":{"uv":[25,22],"uv_size":[1,3]},"down":{"uv":[2,35],"uv_size":[1,-3]}}},{"origin":[1.2501,25.225,-7],"size":[0.0998,2.3,0.525],"pivot":[3,25,-7],"rotation":[-80,0,0],"uv":{"north":{"uv":[5,32],"uv_size":[1,2]},"east":{"uv":[33,15],"uv_size":[1,2]},"south":{"uv":[33,17],"uv_size":[1,2]},"west":{"uv":[33,19],"uv_size":[1,2]},"up":{"uv":[2,36],"uv_size":[1,1]},"down":{"uv":[3,37],"uv_size":[1,-1]}}},{"origin":[1.2501,27.6,-6.5],"size":[0.0998,2.1,0.5],"pivot":[3,27,-7],"rotation":[-100,0,0],"uv":{"north":{"uv":[20,33],"uv_size":[1,2]},"east":{"uv":[21,33],"uv_size":[1,2]},"south":{"uv":[22,33],"uv_size":[1,2]},"west":{"uv":[23,33],"uv_size":[1,2]},"up":{"uv":[4,36],"uv_size":[1,1]},"down":{"uv":[5,37],"uv_size":[1,-1]}}},{"origin":[1.25,25,-7],"size":[0.1,0,2.5],"uv":{"north":{"uv":[0,0],"uv_size":[1,0]},"east":{"uv":[0,0],"uv_size":[3,0]},"south":{"uv":[0,0],"uv_size":[1,0]},"west":{"uv":[0,0],"uv_size":[3,0]},"up":{"uv":[3,32],"uv_size":[1,3]},"down":{"uv":[4,35],"uv_size":[1,-3]}}}]},{"name":"Standaard","parent":"Brievenbus","pivot":[0,0,4],"cubes":[{"origin":[-1.75,26,8],"size":[1.5,1,1],"pivot":[0,15,7],"rotation":[90,0,0],"uv":{"north":{"uv":[30,33],"uv_size":[2,1]},"east":{"uv":[36,5],"uv_size":[1,1]},"south":{"uv":[32,33],"uv_size":[2,1]},"west":{"uv":[36,6],"uv_size":[1,1]},"up":{"uv":[34,10],"uv_size":[2,1]},"down":{"uv":[34,12],"uv_size":[2,-1]}}},{"origin":[-2,0,4],"size":[2,24,2],"uv":{"north":{"uv":[12,15],"uv_size":[2,24]},"east":{"uv":[14,15],"uv_size":[2,24]},"south":{"uv":[16,15],"uv_size":[2,24]},"west":{"uv":[18,15],"uv_size":[2,24]},"up":{"uv":[8,12],"uv_size":[2,2]},"down":{"uv":[2,32],"uv_size":[2,-2]}}},{"origin":[-1.75,26,21],"size":[1.5,1,1],"pivot":[0,15,20],"rotation":[90,0,0],"uv":{"north":{"uv":[34,12],"uv_size":[2,1]},"east":{"uv":[36,10],"uv_size":[1,1]},"south":{"uv":[34,13],"uv_size":[2,1]},"west":{"uv":[36,11],"uv_size":[1,1]},"up":{"uv":[34,15],"uv_size":[2,1]},"down":{"uv":[34,17],"uv_size":[2,-1]}}},{"origin":[-1.75,34.72,7.35],"size":[1.5,1,1.5],"pivot":[0,23,6],"rotation":[135,0,0],"uv":{"north":{"uv":[34,17],"uv_size":[2,1]},"east":{"uv":[36,12],"uv_size":[1,1]},"south":{"uv":[34,18],"uv_size":[2,1]},"west":{"uv":[36,13],"uv_size":[1,1]},"up":{"uv":[34,19],"uv_size":[2,1]},"down":{"uv":[34,21],"uv_size":[2,-1]}}},{"origin":[-1.25,10,2.5],"size":[0.5,7,2],"pivot":[0,12,3],"rotation":[45,0,0],"uv":{"north":{"uv":[24,29],"uv_size":[1,7]},"east":{"uv":[27,0],"uv_size":[2,7]},"south":{"uv":[25,29],"uv_size":[1,7]},"west":{"uv":[28,22],"uv_size":[2,7]},"up":{"uv":[5,34],"uv_size":[1,2]},"down":{"uv":[34,31],"uv_size":[1,-2]}}},{"origin":[-1.75,13,6],"size":[1.5,12,2],"pivot":[0,15,6],"rotation":[90,0,0],"uv":{"north":{"uv":[6,26],"uv_size":[2,12]},"east":{"uv":[8,26],"uv_size":[2,12]},"south":{"uv":[10,26],"uv_size":[2,12]},"west":{"uv":[26,22],"uv_size":[2,12]},"up":{"uv":[31,15],"uv_size":[2,2]},"down":{"uv":[31,19],"uv_size":[2,-2]}}},{"origin":[-1.725,37.72,2.425],"size":[1.45,1,1.425],"pivot":[0,26,1],"rotation":[-135,0,0],"uv":{"north":{"uv":[30,34],"uv_size":[2,1]},"east":{"uv":[34,31],"uv_size":[2,1]},"south":{"uv":[32,34],"uv_size":[2,1]},"west":{"uv":[34,32],"uv_size":[2,1]},"up":{"uv":[31,19],"uv_size":[2,2]},"down":{"uv":[30,33],"uv_size":[2,-2]}}}]},{"name":"bone","parent":"Standaard","pivot":[-2,25,6],"cubes":[{"origin":[-2.1,24.001,3],"size":[2.2,2,4],"uv":{"north":{"uv":[4,30],"uv_size":[2,2]},"east":{"uv":[0,12],"uv_size":[4,2]},"south":{"uv":[30,27],"uv_size":[2,2]},"west":{"uv":[4,12],"uv_size":[4,2]},"up":{"uv":[20,29],"uv_size":[2,4]},"down":{"uv":[22,33],"uv_size":[2,-4]}}},{"origin":[-4,24,2],"size":[6,1,6],"uv":{"north":{"uv":[0,14],"uv_size":[6,1]},"east":{"uv":[29,5],"uv_size":[6,1]},"south":{"uv":[29,6],"uv_size":[6,1]},"west":{"uv":[30,22],"uv_size":[6,1]},"up":{"uv":[0,20],"uv_size":[6,6]},"down":{"uv":[6,26],"uv_size":[6,-6]}}},{"origin":[-5.991,25.1,4.1],"size":[5.99,1,3.6],"pivot":[-2,25,6],"rotation":[-32.5,-90,0],"uv":{"north":{"uv":[30,23],"uv_size":[6,1]},"east":{"uv":[6,14],"uv_size":[4,1]},"south":{"uv":[30,24],"uv_size":[6,1]},"west":{"uv":[30,29],"uv_size":[4,1]},"up":{"uv":[25,14],"uv_size":[6,4]},"down":{"uv":[25,22],"uv_size":[6,-4]}}},{"origin":[-1.975,24,6],"size":[5.95,1,3.575],"pivot":[2,25,6],"rotation":[32.5,-90,0],"uv":{"north":{"uv":[30,25],"uv_size":[6,1]},"east":{"uv":[30,30],"uv_size":[4,1]},"south":{"uv":[30,26],"uv_size":[6,1]},"west":{"uv":[31,14],"uv_size":[4,1]},"up":{"uv":[20,25],"uv_size":[6,4]},"down":{"uv":[0,30],"uv_size":[6,-4]}}}]}]}]}
