{"format_version":"1.12.0","minecraft:geometry":[{"description":{"identifier":"geometry.bullet","texture_width":32,"texture_height":32,"visible_bounds_width":2,"visible_bounds_height":1.5,"visible_bounds_offset":[0,0.25,0]},"bones":[{"name":"bullet","pivot":[0,0,0],"rotation":[0,180,0],"cubes":[{"origin":[-2,0.5,1],"size":[3,3,5.5],"uv":{"north":{"uv":[0,16],"uv_size":[14,3]},"east":{"uv":[0,16],"uv_size":[14,3]},"south":{"uv":[0,16],"uv_size":[14,3]},"west":{"uv":[0,16],"uv_size":[14,3]},"up":{"uv":[14,19],"uv_size":[-14,-3]},"down":{"uv":[14,19],"uv_size":[-14,-3]}}},{"origin":[-1.75,0.75,-2.5],"size":[2.5,2.5,3.5],"uv":{"north":{"uv":[0,16],"uv_size":[14,3]},"east":{"uv":[0,16],"uv_size":[14,3]},"west":{"uv":[0,16],"uv_size":[14,3]},"up":{"uv":[14,19],"uv_size":[-14,-3]},"down":{"uv":[14,19],"uv_size":[-14,-3]}}},{"origin":[-1.25,1.25,-3.75],"size":[1.5,1.5,1.25],"uv":{"north":{"uv":[0,16],"uv_size":[14,3]},"east":{"uv":[0,16],"uv_size":[14,3]},"west":{"uv":[0,16],"uv_size":[14,3]},"up":{"uv":[14,19],"uv_size":[-14,-3]},"down":{"uv":[14,19],"uv_size":[-14,-3]}}},{"origin":[-2.375,0.125,6.5],"size":[3.75,3.75,0.25],"uv":{"north":{"uv":[0,16],"uv_size":[14,3]},"east":{"uv":[1.5,16],"uv_size":[14,3]},"south":{"uv":[0,16],"uv_size":[14,3]},"west":{"uv":[1.5,16],"uv_size":[14,3]},"up":{"uv":[14,19],"uv_size":[-14,-3]},"down":{"uv":[14,19],"uv_size":[-14,-3]}}},{"origin":[-1,1.5,-4.125],"size":[1,1,0.375],"uv":{"north":{"uv":[0,16],"uv_size":[14,3]},"east":{"uv":[1.25,16],"uv_size":[14,3]},"south":{"uv":[0,16],"uv_size":[14,3]},"west":{"uv":[1.25,16],"uv_size":[14,3]},"up":{"uv":[14,19],"uv_size":[-14,-3]},"down":{"uv":[14,19],"uv_size":[-14,-3]}}},{"origin":[-0.875,1.625,-4.375],"size":[0.75,0.75,0.25],"uv":{"north":{"uv":[0,16],"uv_size":[14,3]},"east":{"uv":[1.75,16],"uv_size":[14,3]},"south":{"uv":[0,16],"uv_size":[14,3]},"west":{"uv":[1.75,16],"uv_size":[14,3]},"up":{"uv":[14,19],"uv_size":[-14,-3]},"down":{"uv":[14,19],"uv_size":[-14,-3]}}}]}]}]}
