{"format_version":"1.12.0","minecraft:geometry":[{"description":{"identifier":"geometry.fence_opening","texture_width":16,"texture_height":16,"visible_bounds_width":14,"visible_bounds_height":18,"visible_bounds_offset":[0,1,0]},"bones":[{"name":"root","pivot":[0,-2,0]},{"name":"layer","parent":"root","pivot":[0,-2,0],"cubes":[{"origin":[-8,-2,-0.01],"size":[16,17,0.02],"uv":{"north":{"uv":[0,0],"uv_size":[16,16]},"east":{"uv":[10,7],"uv_size":[0.2,1]},"south":{"uv":[0,0],"uv_size":[16,16]},"west":{"uv":[10,7],"uv_size":[0.2,1]},"up":{"uv":[12,7.2],"uv_size":[-2,-2.2]},"down":{"uv":[9,4],"uv_size":[-7,-2]}}},{"origin":[-24,-2,-0.01],"size":[16,17,0.02],"uv":{"north":{"uv":[0,0],"uv_size":[16,16]},"east":{"uv":[10,7],"uv_size":[0.2,1]},"south":{"uv":[0,0],"uv_size":[16,16]},"west":{"uv":[10,7],"uv_size":[0.2,1]},"up":{"uv":[12,7.2],"uv_size":[-2,-2.2]},"down":{"uv":[9,4],"uv_size":[-7,-2]}}},{"origin":[-40,-2,-0.01],"size":[16,17,0.02],"uv":{"north":{"uv":[0,0],"uv_size":[16,16]},"east":{"uv":[10,7],"uv_size":[0.2,1]},"south":{"uv":[0,0],"uv_size":[16,16]},"west":{"uv":[10,7],"uv_size":[0.2,1]},"up":{"uv":[12,7.2],"uv_size":[-2,-2.2]},"down":{"uv":[9,4],"uv_size":[-7,-2]}}},{"origin":[-56,-2,-0.01],"size":[16,17,0.02],"uv":{"north":{"uv":[0,0],"uv_size":[16,16]},"east":{"uv":[10,7],"uv_size":[0.2,1]},"south":{"uv":[0,0],"uv_size":[16,16]},"west":{"uv":[10,7],"uv_size":[0.2,1]},"up":{"uv":[12,7.2],"uv_size":[-2,-2.2]},"down":{"uv":[9,4],"uv_size":[-7,-2]}}},{"origin":[-72,-2,-0.01],"size":[16,17,0.02],"uv":{"north":{"uv":[0,0],"uv_size":[16,16]},"east":{"uv":[10,7],"uv_size":[0.2,1]},"south":{"uv":[0,0],"uv_size":[16,16]},"west":{"uv":[10,7],"uv_size":[0.2,1]},"up":{"uv":[12,7.2],"uv_size":[-2,-2.2]},"down":{"uv":[9,4],"uv_size":[-7,-2]}}},{"origin":[-88,-2,-0.01],"size":[16,17,0.02],"uv":{"north":{"uv":[0,0],"uv_size":[16,16]},"east":{"uv":[10,7],"uv_size":[0.2,1]},"south":{"uv":[0,0],"uv_size":[16,16]},"west":{"uv":[10,7],"uv_size":[0.2,1]},"up":{"uv":[12,7.2],"uv_size":[-2,-2.2]},"down":{"uv":[9,4],"uv_size":[-7,-2]}}},{"origin":[-104,-2,-0.01],"size":[16,17,0.02],"uv":{"north":{"uv":[0,0],"uv_size":[16,16]},"east":{"uv":[7,0],"uv_size":[2,16]},"south":{"uv":[0,0],"uv_size":[16,16]},"west":{"uv":[10,7],"uv_size":[0.2,1]},"up":{"uv":[12,7.2],"uv_size":[-2,-2.2]},"down":{"uv":[9,4],"uv_size":[-7,-2]}}},{"origin":[88,-2,-0.01],"size":[16,17,0.02],"uv":{"north":{"uv":[0,0],"uv_size":[16,16]},"east":{"uv":[10,7],"uv_size":[0.2,1]},"south":{"uv":[0,0],"uv_size":[16,16]},"west":{"uv":[7,0],"uv_size":[2,15.9]},"up":{"uv":[12,7.2],"uv_size":[-2,-2.2]},"down":{"uv":[9,4],"uv_size":[-7,-2]}}},{"origin":[72,-2,-0.01],"size":[16,17,0.02],"uv":{"north":{"uv":[0,0],"uv_size":[16,16]},"east":{"uv":[10,7],"uv_size":[0.2,1]},"south":{"uv":[0,0],"uv_size":[16,16]},"west":{"uv":[10,7],"uv_size":[0.2,1]},"up":{"uv":[12,7.2],"uv_size":[-2,-2.2]},"down":{"uv":[9,4],"uv_size":[-7,-2]}}},{"origin":[56,-2,-0.01],"size":[16,17,0.02],"uv":{"north":{"uv":[0,0],"uv_size":[16,16]},"east":{"uv":[10,7],"uv_size":[0.2,1]},"south":{"uv":[0,0],"uv_size":[16,16]},"west":{"uv":[10,7],"uv_size":[0.2,1]},"up":{"uv":[12,7.2],"uv_size":[-2,-2.2]},"down":{"uv":[9,4],"uv_size":[-7,-2]}}},{"origin":[40,-2,-0.01],"size":[16,17,0.02],"uv":{"north":{"uv":[0,0],"uv_size":[16,16]},"east":{"uv":[10,7],"uv_size":[0.2,1]},"south":{"uv":[0,0],"uv_size":[16,16]},"west":{"uv":[10,7],"uv_size":[0.2,1]},"up":{"uv":[12,7.2],"uv_size":[-2,-2.2]},"down":{"uv":[9,4],"uv_size":[-7,-2]}}},{"origin":[24,-2,-0.01],"size":[16,17,0.02],"uv":{"north":{"uv":[0,0],"uv_size":[16,16]},"east":{"uv":[10,7],"uv_size":[0.2,1]},"south":{"uv":[0,0],"uv_size":[16,16]},"west":{"uv":[10,7],"uv_size":[0.2,1]},"up":{"uv":[12,7.2],"uv_size":[-2,-2.2]},"down":{"uv":[9,4],"uv_size":[-7,-2]}}},{"origin":[8,-2,-0.01],"size":[16,17,0.02],"uv":{"north":{"uv":[0,0],"uv_size":[16,16]},"east":{"uv":[10,7],"uv_size":[0.2,1]},"south":{"uv":[0,0],"uv_size":[16,16]},"west":{"uv":[10,7],"uv_size":[0.2,1]},"up":{"uv":[12,7.2],"uv_size":[-2,-2.2]},"down":{"uv":[9,4],"uv_size":[-7,-2]}}}]},{"name":"layer2","parent":"root","pivot":[0,15,0],"cubes":[{"origin":[-8,15,-0.01],"size":[16,17,0.02],"uv":{"north":{"uv":[0,0],"uv_size":[16,16]},"east":{"uv":[10,7],"uv_size":[0.2,1]},"south":{"uv":[0,0],"uv_size":[16,16]},"west":{"uv":[10,7],"uv_size":[0.2,1]},"up":{"uv":[12,7.2],"uv_size":[-2,-2.2]},"down":{"uv":[16,0.2],"uv_size":[-16,-0.2]}}},{"origin":[-24,15,-0.01],"size":[16,17,0.02],"uv":{"north":{"uv":[0,0],"uv_size":[16,16]},"east":{"uv":[10,7],"uv_size":[0.2,1]},"south":{"uv":[0,0],"uv_size":[16,16]},"west":{"uv":[10,7],"uv_size":[0.2,1]},"up":{"uv":[12,7.2],"uv_size":[-2,-2.2]},"down":{"uv":[16,0.2],"uv_size":[-16,-0.2]}}},{"origin":[-40,15,-0.01],"size":[16,17,0.02],"uv":{"north":{"uv":[0,0],"uv_size":[16,16]},"east":{"uv":[10,7],"uv_size":[0.2,1]},"south":{"uv":[0,0],"uv_size":[16,16]},"west":{"uv":[10,7],"uv_size":[0.2,1]},"up":{"uv":[12,7.2],"uv_size":[-2,-2.2]},"down":{"uv":[16,0.2],"uv_size":[-16,-0.2]}}},{"origin":[-56,15,-0.01],"size":[16,17,0.02],"uv":{"north":{"uv":[0,0],"uv_size":[16,16]},"east":{"uv":[10,7],"uv_size":[0.2,1]},"south":{"uv":[0,0],"uv_size":[16,16]},"west":{"uv":[10,7],"uv_size":[0.2,1]},"up":{"uv":[12,7.2],"uv_size":[-2,-2.2]},"down":{"uv":[16,0.2],"uv_size":[-16,-0.2]}}},{"origin":[-72,15,-0.01],"size":[16,17,0.02],"uv":{"north":{"uv":[0,0],"uv_size":[16,16]},"east":{"uv":[10,7],"uv_size":[0.2,1]},"south":{"uv":[0,0],"uv_size":[16,16]},"west":{"uv":[10,7],"uv_size":[0.2,1]},"up":{"uv":[12,7.2],"uv_size":[-2,-2.2]},"down":{"uv":[16,0.2],"uv_size":[-16,-0.2]}}},{"origin":[-88,15,-0.01],"size":[16,17,0.02],"uv":{"north":{"uv":[0,0],"uv_size":[16,16]},"east":{"uv":[10,7],"uv_size":[0.2,1]},"south":{"uv":[0,0],"uv_size":[16,16]},"west":{"uv":[10,7],"uv_size":[0.2,1]},"up":{"uv":[12,7.2],"uv_size":[-2,-2.2]},"down":{"uv":[16,0.2],"uv_size":[-16,-0.2]}}},{"origin":[-104,15,-0.01],"size":[16,17,0.02],"uv":{"north":{"uv":[0,0],"uv_size":[16,16]},"east":{"uv":[7,0],"uv_size":[2,16]},"south":{"uv":[0,0],"uv_size":[16,16]},"west":{"uv":[10,7],"uv_size":[0.2,1]},"up":{"uv":[12,7.2],"uv_size":[-2,-2.2]},"down":{"uv":[16,0.2],"uv_size":[-16,-0.2]}}},{"origin":[88,15,-0.01],"size":[16,17,0.02],"uv":{"north":{"uv":[0,0],"uv_size":[16,16]},"east":{"uv":[10,7],"uv_size":[0.2,1]},"south":{"uv":[0,0],"uv_size":[16,16]},"west":{"uv":[7,0],"uv_size":[2,15.9]},"up":{"uv":[12,7.2],"uv_size":[-2,-2.2]},"down":{"uv":[16,0.2],"uv_size":[-16,-0.2]}}},{"origin":[72,15,-0.01],"size":[16,17,0.02],"uv":{"north":{"uv":[0,0],"uv_size":[16,16]},"east":{"uv":[10,7],"uv_size":[0.2,1]},"south":{"uv":[0,0],"uv_size":[16,16]},"west":{"uv":[10,7],"uv_size":[0.2,1]},"up":{"uv":[12,7.2],"uv_size":[-2,-2.2]},"down":{"uv":[16,0.2],"uv_size":[-16,-0.2]}}},{"origin":[56,15,-0.01],"size":[16,17,0.02],"uv":{"north":{"uv":[0,0],"uv_size":[16,16]},"east":{"uv":[10,7],"uv_size":[0.2,1]},"south":{"uv":[0,0],"uv_size":[16,16]},"west":{"uv":[10,7],"uv_size":[0.2,1]},"up":{"uv":[12,7.2],"uv_size":[-2,-2.2]},"down":{"uv":[16,0.2],"uv_size":[-16,-0.2]}}},{"origin":[40,15,-0.01],"size":[16,17,0.02],"uv":{"north":{"uv":[0,0],"uv_size":[16,16]},"east":{"uv":[10,7],"uv_size":[0.2,1]},"south":{"uv":[0,0],"uv_size":[16,16]},"west":{"uv":[10,7],"uv_size":[0.2,1]},"up":{"uv":[12,7.2],"uv_size":[-2,-2.2]},"down":{"uv":[16,0.2],"uv_size":[-16,-0.2]}}},{"origin":[24,15,-0.01],"size":[16,17,0.02],"uv":{"north":{"uv":[0,0],"uv_size":[16,16]},"east":{"uv":[10,7],"uv_size":[0.2,1]},"south":{"uv":[0,0],"uv_size":[16,16]},"west":{"uv":[10,7],"uv_size":[0.2,1]},"up":{"uv":[12,7.2],"uv_size":[-2,-2.2]},"down":{"uv":[16,0.2],"uv_size":[-16,-0.2]}}},{"origin":[8,15,-0.01],"size":[16,17,0.02],"uv":{"north":{"uv":[0,0],"uv_size":[16,16]},"east":{"uv":[10,7],"uv_size":[0.2,1]},"south":{"uv":[0,0],"uv_size":[16,16]},"west":{"uv":[10,7],"uv_size":[0.2,1]},"up":{"uv":[12,7.2],"uv_size":[-2,-2.2]},"down":{"uv":[16,0.2],"uv_size":[-16,-0.2]}}}]},{"name":"layer3","parent":"root","pivot":[0,32,0],"cubes":[{"origin":[-8,32,-0.01],"size":[16,17,0.02],"uv":{"north":{"uv":[0,0],"uv_size":[16,16]},"east":{"uv":[10,7],"uv_size":[0.2,1]},"south":{"uv":[0,0],"uv_size":[16,16]},"west":{"uv":[10,7],"uv_size":[0.2,1]},"up":{"uv":[12,7.2],"uv_size":[-2,-2.2]},"down":{"uv":[16,0.2],"uv_size":[-16,-0.2]}}},{"origin":[-24,32,-0.01],"size":[16,17,0.02],"uv":{"north":{"uv":[0,0],"uv_size":[16,16]},"east":{"uv":[10,7],"uv_size":[0.2,1]},"south":{"uv":[0,0],"uv_size":[16,16]},"west":{"uv":[10,7],"uv_size":[0.2,1]},"up":{"uv":[12,7.2],"uv_size":[-2,-2.2]},"down":{"uv":[16,0.2],"uv_size":[-16,-0.2]}}},{"origin":[-40,32,-0.01],"size":[16,17,0.02],"uv":{"north":{"uv":[0,0],"uv_size":[16,16]},"east":{"uv":[10,7],"uv_size":[0.2,1]},"south":{"uv":[0,0],"uv_size":[16,16]},"west":{"uv":[10,7],"uv_size":[0.2,1]},"up":{"uv":[12,7.2],"uv_size":[-2,-2.2]},"down":{"uv":[16,0.2],"uv_size":[-16,-0.2]}}},{"origin":[-56,32,-0.01],"size":[16,17,0.02],"uv":{"north":{"uv":[0,0],"uv_size":[16,16]},"east":{"uv":[10,7],"uv_size":[0.2,1]},"south":{"uv":[0,0],"uv_size":[16,16]},"west":{"uv":[10,7],"uv_size":[0.2,1]},"up":{"uv":[12,7.2],"uv_size":[-2,-2.2]},"down":{"uv":[16,0.2],"uv_size":[-16,-0.2]}}},{"origin":[-72,32,-0.01],"size":[16,17,0.02],"uv":{"north":{"uv":[0,0],"uv_size":[16,16]},"east":{"uv":[10,7],"uv_size":[0.2,1]},"south":{"uv":[0,0],"uv_size":[16,16]},"west":{"uv":[10,7],"uv_size":[0.2,1]},"up":{"uv":[12,7.2],"uv_size":[-2,-2.2]},"down":{"uv":[16,0.2],"uv_size":[-16,-0.2]}}},{"origin":[-88,32,-0.01],"size":[16,17,0.02],"uv":{"north":{"uv":[0,0],"uv_size":[16,16]},"east":{"uv":[10,7],"uv_size":[0.2,1]},"south":{"uv":[0,0],"uv_size":[16,16]},"west":{"uv":[10,7],"uv_size":[0.2,1]},"up":{"uv":[12,7.2],"uv_size":[-2,-2.2]},"down":{"uv":[16,0.2],"uv_size":[-16,-0.2]}}},{"origin":[-104,32,-0.01],"size":[16,17,0.02],"uv":{"north":{"uv":[0,0],"uv_size":[16,16]},"east":{"uv":[7,0],"uv_size":[2,16]},"south":{"uv":[0,0],"uv_size":[16,16]},"west":{"uv":[10,7],"uv_size":[0.2,1]},"up":{"uv":[12,7.2],"uv_size":[-2,-2.2]},"down":{"uv":[16,0.2],"uv_size":[-16,-0.2]}}},{"origin":[88,32,-0.01],"size":[16,17,0.02],"uv":{"north":{"uv":[0,0],"uv_size":[16,16]},"east":{"uv":[10,7],"uv_size":[0.2,1]},"south":{"uv":[0,0],"uv_size":[16,16]},"west":{"uv":[7,0],"uv_size":[2,15.9]},"up":{"uv":[12,7.2],"uv_size":[-2,-2.2]},"down":{"uv":[16,0.2],"uv_size":[-16,-0.2]}}},{"origin":[72,32,-0.01],"size":[16,17,0.02],"uv":{"north":{"uv":[0,0],"uv_size":[16,16]},"east":{"uv":[10,7],"uv_size":[0.2,1]},"south":{"uv":[0,0],"uv_size":[16,16]},"west":{"uv":[10,7],"uv_size":[0.2,1]},"up":{"uv":[12,7.2],"uv_size":[-2,-2.2]},"down":{"uv":[16,0.2],"uv_size":[-16,-0.2]}}},{"origin":[56,32,-0.01],"size":[16,17,0.02],"uv":{"north":{"uv":[0,0],"uv_size":[16,16]},"east":{"uv":[10,7],"uv_size":[0.2,1]},"south":{"uv":[0,0],"uv_size":[16,16]},"west":{"uv":[10,7],"uv_size":[0.2,1]},"up":{"uv":[12,7.2],"uv_size":[-2,-2.2]},"down":{"uv":[16,0.2],"uv_size":[-16,-0.2]}}},{"origin":[40,32,-0.01],"size":[16,17,0.02],"uv":{"north":{"uv":[0,0],"uv_size":[16,16]},"east":{"uv":[10,7],"uv_size":[0.2,1]},"south":{"uv":[0,0],"uv_size":[16,16]},"west":{"uv":[10,7],"uv_size":[0.2,1]},"up":{"uv":[12,7.2],"uv_size":[-2,-2.2]},"down":{"uv":[16,0.2],"uv_size":[-16,-0.2]}}},{"origin":[24,32,-0.01],"size":[16,17,0.02],"uv":{"north":{"uv":[0,0],"uv_size":[16,16]},"east":{"uv":[10,7],"uv_size":[0.2,1]},"south":{"uv":[0,0],"uv_size":[16,16]},"west":{"uv":[10,7],"uv_size":[0.2,1]},"up":{"uv":[12,7.2],"uv_size":[-2,-2.2]},"down":{"uv":[16,0.2],"uv_size":[-16,-0.2]}}},{"origin":[8,32,-0.01],"size":[16,17,0.02],"uv":{"north":{"uv":[0,0],"uv_size":[16,16]},"east":{"uv":[10,7],"uv_size":[0.2,1]},"south":{"uv":[0,0],"uv_size":[16,16]},"west":{"uv":[10,7],"uv_size":[0.2,1]},"up":{"uv":[12,7.2],"uv_size":[-2,-2.2]},"down":{"uv":[16,0.2],"uv_size":[-16,-0.2]}}}]},{"name":"layer4","parent":"root","pivot":[0,49,0],"cubes":[{"origin":[-8,49,-0.01],"size":[16,17,0.02],"uv":{"north":{"uv":[0,0],"uv_size":[16,16]},"east":{"uv":[10,7],"uv_size":[0.2,1]},"south":{"uv":[0,0],"uv_size":[16,16]},"west":{"uv":[10,7],"uv_size":[0.2,1]},"up":{"uv":[12,7.2],"uv_size":[-2,-2.2]},"down":{"uv":[16,0.2],"uv_size":[-16,-0.2]}}},{"origin":[-24,49,-0.01],"size":[16,17,0.02],"uv":{"north":{"uv":[0,0],"uv_size":[16,16]},"east":{"uv":[10,7],"uv_size":[0.2,1]},"south":{"uv":[0,0],"uv_size":[16,16]},"west":{"uv":[10,7],"uv_size":[0.2,1]},"up":{"uv":[12,7.2],"uv_size":[-2,-2.2]},"down":{"uv":[16,0.2],"uv_size":[-16,-0.2]}}},{"origin":[-40,49,-0.01],"size":[16,17,0.02],"uv":{"north":{"uv":[0,0],"uv_size":[16,16]},"east":{"uv":[10,7],"uv_size":[0.2,1]},"south":{"uv":[0,0],"uv_size":[16,16]},"west":{"uv":[10,7],"uv_size":[0.2,1]},"up":{"uv":[12,7.2],"uv_size":[-2,-2.2]},"down":{"uv":[16,0.2],"uv_size":[-16,-0.2]}}},{"origin":[-56,49,-0.01],"size":[16,17,0.02],"uv":{"north":{"uv":[0,0],"uv_size":[16,16]},"east":{"uv":[10,7],"uv_size":[0.2,1]},"south":{"uv":[0,0],"uv_size":[16,16]},"west":{"uv":[10,7],"uv_size":[0.2,1]},"up":{"uv":[12,7.2],"uv_size":[-2,-2.2]},"down":{"uv":[16,0.2],"uv_size":[-16,-0.2]}}},{"origin":[-72,49,-0.01],"size":[16,17,0.02],"uv":{"north":{"uv":[0,0],"uv_size":[16,16]},"east":{"uv":[10,7],"uv_size":[0.2,1]},"south":{"uv":[0,0],"uv_size":[16,16]},"west":{"uv":[10,7],"uv_size":[0.2,1]},"up":{"uv":[12,7.2],"uv_size":[-2,-2.2]},"down":{"uv":[16,0.2],"uv_size":[-16,-0.2]}}},{"origin":[-88,49,-0.01],"size":[16,17,0.02],"uv":{"north":{"uv":[0,0],"uv_size":[16,16]},"east":{"uv":[10,7],"uv_size":[0.2,1]},"south":{"uv":[0,0],"uv_size":[16,16]},"west":{"uv":[10,7],"uv_size":[0.2,1]},"up":{"uv":[12,7.2],"uv_size":[-2,-2.2]},"down":{"uv":[16,0.2],"uv_size":[-16,-0.2]}}},{"origin":[-104,49,-0.01],"size":[16,17,0.02],"uv":{"north":{"uv":[0,0],"uv_size":[16,16]},"east":{"uv":[7,0],"uv_size":[2,16]},"south":{"uv":[0,0],"uv_size":[16,16]},"west":{"uv":[10,7],"uv_size":[0.2,1]},"up":{"uv":[12,7.2],"uv_size":[-2,-2.2]},"down":{"uv":[16,0.2],"uv_size":[-16,-0.2]}}},{"origin":[88,49,-0.01],"size":[16,17,0.02],"uv":{"north":{"uv":[0,0],"uv_size":[16,16]},"east":{"uv":[10,7],"uv_size":[0.2,1]},"south":{"uv":[0,0],"uv_size":[16,16]},"west":{"uv":[7,0],"uv_size":[2,15.9]},"up":{"uv":[12,7.2],"uv_size":[-2,-2.2]},"down":{"uv":[16,0.2],"uv_size":[-16,-0.2]}}},{"origin":[72,49,-0.01],"size":[16,17,0.02],"uv":{"north":{"uv":[0,0],"uv_size":[16,16]},"east":{"uv":[10,7],"uv_size":[0.2,1]},"south":{"uv":[0,0],"uv_size":[16,16]},"west":{"uv":[10,7],"uv_size":[0.2,1]},"up":{"uv":[12,7.2],"uv_size":[-2,-2.2]},"down":{"uv":[16,0.2],"uv_size":[-16,-0.2]}}},{"origin":[56,49,-0.01],"size":[16,17,0.02],"uv":{"north":{"uv":[0,0],"uv_size":[16,16]},"east":{"uv":[10,7],"uv_size":[0.2,1]},"south":{"uv":[0,0],"uv_size":[16,16]},"west":{"uv":[10,7],"uv_size":[0.2,1]},"up":{"uv":[12,7.2],"uv_size":[-2,-2.2]},"down":{"uv":[16,0.2],"uv_size":[-16,-0.2]}}},{"origin":[40,49,-0.01],"size":[16,17,0.02],"uv":{"north":{"uv":[0,0],"uv_size":[16,16]},"east":{"uv":[10,7],"uv_size":[0.2,1]},"south":{"uv":[0,0],"uv_size":[16,16]},"west":{"uv":[10,7],"uv_size":[0.2,1]},"up":{"uv":[12,7.2],"uv_size":[-2,-2.2]},"down":{"uv":[16,0.2],"uv_size":[-16,-0.2]}}},{"origin":[24,49,-0.01],"size":[16,17,0.02],"uv":{"north":{"uv":[0,0],"uv_size":[16,16]},"east":{"uv":[10,7],"uv_size":[0.2,1]},"south":{"uv":[0,0],"uv_size":[16,16]},"west":{"uv":[10,7],"uv_size":[0.2,1]},"up":{"uv":[12,7.2],"uv_size":[-2,-2.2]},"down":{"uv":[16,0.2],"uv_size":[-16,-0.2]}}},{"origin":[8,49,-0.01],"size":[16,17,0.02],"uv":{"north":{"uv":[0,0],"uv_size":[16,16]},"east":{"uv":[10,7],"uv_size":[0.2,1]},"south":{"uv":[0,0],"uv_size":[16,16]},"west":{"uv":[10,7],"uv_size":[0.2,1]},"up":{"uv":[12,7.2],"uv_size":[-2,-2.2]},"down":{"uv":[16,0.2],"uv_size":[-16,-0.2]}}}]},{"name":"layer5","parent":"root","pivot":[0,66,0],"cubes":[{"origin":[-8,66,-0.01],"size":[16,17,0.02],"uv":{"north":{"uv":[0,0],"uv_size":[16,16]},"east":{"uv":[10,7],"uv_size":[0.2,1]},"south":{"uv":[0,0],"uv_size":[16,16]},"west":{"uv":[10,7],"uv_size":[0.2,1]},"up":{"uv":[12,7.2],"uv_size":[-2,-2.2]},"down":{"uv":[16,0.2],"uv_size":[-16,-0.2]}}},{"origin":[-24,66,-0.01],"size":[16,17,0.02],"uv":{"north":{"uv":[0,0],"uv_size":[16,16]},"east":{"uv":[10,7],"uv_size":[0.2,1]},"south":{"uv":[0,0],"uv_size":[16,16]},"west":{"uv":[10,7],"uv_size":[0.2,1]},"up":{"uv":[12,7.2],"uv_size":[-2,-2.2]},"down":{"uv":[16,0.2],"uv_size":[-16,-0.2]}}},{"origin":[-40,66,-0.01],"size":[16,17,0.02],"uv":{"north":{"uv":[0,0],"uv_size":[16,16]},"east":{"uv":[10,7],"uv_size":[0.2,1]},"south":{"uv":[0,0],"uv_size":[16,16]},"west":{"uv":[10,7],"uv_size":[0.2,1]},"up":{"uv":[12,7.2],"uv_size":[-2,-2.2]},"down":{"uv":[16,0.2],"uv_size":[-16,-0.2]}}},{"origin":[-56,66,-0.01],"size":[16,17,0.02],"uv":{"north":{"uv":[0,0],"uv_size":[16,16]},"east":{"uv":[10,7],"uv_size":[0.2,1]},"south":{"uv":[0,0],"uv_size":[16,16]},"west":{"uv":[10,7],"uv_size":[0.2,1]},"up":{"uv":[12,7.2],"uv_size":[-2,-2.2]},"down":{"uv":[16,0.2],"uv_size":[-16,-0.2]}}},{"origin":[-72,66,-0.01],"size":[16,17,0.02],"uv":{"north":{"uv":[0,0],"uv_size":[16,16]},"east":{"uv":[10,7],"uv_size":[0.2,1]},"south":{"uv":[0,0],"uv_size":[16,16]},"west":{"uv":[10,7],"uv_size":[0.2,1]},"up":{"uv":[12,7.2],"uv_size":[-2,-2.2]},"down":{"uv":[16,0.2],"uv_size":[-16,-0.2]}}},{"origin":[-88,66,-0.01],"size":[16,17,0.02],"uv":{"north":{"uv":[0,0],"uv_size":[16,16]},"east":{"uv":[10,7],"uv_size":[0.2,1]},"south":{"uv":[0,0],"uv_size":[16,16]},"west":{"uv":[10,7],"uv_size":[0.2,1]},"up":{"uv":[12,7.2],"uv_size":[-2,-2.2]},"down":{"uv":[16,0.2],"uv_size":[-16,-0.2]}}},{"origin":[-104,66,-0.01],"size":[16,17,0.02],"uv":{"north":{"uv":[0,0],"uv_size":[16,16]},"east":{"uv":[7,0],"uv_size":[2,16]},"south":{"uv":[0,0],"uv_size":[16,16]},"west":{"uv":[10,7],"uv_size":[0.2,1]},"up":{"uv":[12,7.2],"uv_size":[-2,-2.2]},"down":{"uv":[16,0.2],"uv_size":[-16,-0.2]}}},{"origin":[88,66,-0.01],"size":[16,17,0.02],"uv":{"north":{"uv":[0,0],"uv_size":[16,16]},"east":{"uv":[10,7],"uv_size":[0.2,1]},"south":{"uv":[0,0],"uv_size":[16,16]},"west":{"uv":[7,0],"uv_size":[2,15.9]},"up":{"uv":[12,7.2],"uv_size":[-2,-2.2]},"down":{"uv":[16,0.2],"uv_size":[-16,-0.2]}}},{"origin":[72,66,-0.01],"size":[16,17,0.02],"uv":{"north":{"uv":[0,0],"uv_size":[16,16]},"east":{"uv":[10,7],"uv_size":[0.2,1]},"south":{"uv":[0,0],"uv_size":[16,16]},"west":{"uv":[10,7],"uv_size":[0.2,1]},"up":{"uv":[12,7.2],"uv_size":[-2,-2.2]},"down":{"uv":[16,0.2],"uv_size":[-16,-0.2]}}},{"origin":[56,66,-0.01],"size":[16,17,0.02],"uv":{"north":{"uv":[0,0],"uv_size":[16,16]},"east":{"uv":[10,7],"uv_size":[0.2,1]},"south":{"uv":[0,0],"uv_size":[16,16]},"west":{"uv":[10,7],"uv_size":[0.2,1]},"up":{"uv":[12,7.2],"uv_size":[-2,-2.2]},"down":{"uv":[16,0.2],"uv_size":[-16,-0.2]}}},{"origin":[40,66,-0.01],"size":[16,17,0.02],"uv":{"north":{"uv":[0,0],"uv_size":[16,16]},"east":{"uv":[10,7],"uv_size":[0.2,1]},"south":{"uv":[0,0],"uv_size":[16,16]},"west":{"uv":[10,7],"uv_size":[0.2,1]},"up":{"uv":[12,7.2],"uv_size":[-2,-2.2]},"down":{"uv":[16,0.2],"uv_size":[-16,-0.2]}}},{"origin":[24,66,-0.01],"size":[16,17,0.02],"uv":{"north":{"uv":[0,0],"uv_size":[16,16]},"east":{"uv":[10,7],"uv_size":[0.2,1]},"south":{"uv":[0,0],"uv_size":[16,16]},"west":{"uv":[10,7],"uv_size":[0.2,1]},"up":{"uv":[12,7.2],"uv_size":[-2,-2.2]},"down":{"uv":[16,0.2],"uv_size":[-16,-0.2]}}},{"origin":[8,66,-0.01],"size":[16,17,0.02],"uv":{"north":{"uv":[0,0],"uv_size":[16,16]},"east":{"uv":[10,7],"uv_size":[0.2,1]},"south":{"uv":[0,0],"uv_size":[16,16]},"west":{"uv":[10,7],"uv_size":[0.2,1]},"up":{"uv":[12,7.2],"uv_size":[-2,-2.2]},"down":{"uv":[16,0.2],"uv_size":[-16,-0.2]}}}]},{"name":"layer6","parent":"root","pivot":[0,83,0],"cubes":[{"origin":[-8,83,-0.01],"size":[16,17,0.02],"uv":{"north":{"uv":[0,0],"uv_size":[16,16]},"east":{"uv":[10,7],"uv_size":[0.2,1]},"south":{"uv":[0,0],"uv_size":[16,16]},"west":{"uv":[10,7],"uv_size":[0.2,1]},"up":{"uv":[12,7.2],"uv_size":[-2,-2.2]},"down":{"uv":[16,0.2],"uv_size":[-16,-0.2]}}},{"origin":[-24,83,-0.01],"size":[16,17,0.02],"uv":{"north":{"uv":[0,0],"uv_size":[16,16]},"east":{"uv":[10,7],"uv_size":[0.2,1]},"south":{"uv":[0,0],"uv_size":[16,16]},"west":{"uv":[10,7],"uv_size":[0.2,1]},"up":{"uv":[12,7.2],"uv_size":[-2,-2.2]},"down":{"uv":[16,0.2],"uv_size":[-16,-0.2]}}},{"origin":[-40,83,-0.01],"size":[16,17,0.02],"uv":{"north":{"uv":[0,0],"uv_size":[16,16]},"east":{"uv":[10,7],"uv_size":[0.2,1]},"south":{"uv":[0,0],"uv_size":[16,16]},"west":{"uv":[10,7],"uv_size":[0.2,1]},"up":{"uv":[12,7.2],"uv_size":[-2,-2.2]},"down":{"uv":[16,0.2],"uv_size":[-16,-0.2]}}},{"origin":[-56,83,-0.01],"size":[16,17,0.02],"uv":{"north":{"uv":[0,0],"uv_size":[16,16]},"east":{"uv":[10,7],"uv_size":[0.2,1]},"south":{"uv":[0,0],"uv_size":[16,16]},"west":{"uv":[10,7],"uv_size":[0.2,1]},"up":{"uv":[12,7.2],"uv_size":[-2,-2.2]},"down":{"uv":[16,0.2],"uv_size":[-16,-0.2]}}},{"origin":[-72,83,-0.01],"size":[16,17,0.02],"uv":{"north":{"uv":[0,0],"uv_size":[16,16]},"east":{"uv":[10,7],"uv_size":[0.2,1]},"south":{"uv":[0,0],"uv_size":[16,16]},"west":{"uv":[10,7],"uv_size":[0.2,1]},"up":{"uv":[12,7.2],"uv_size":[-2,-2.2]},"down":{"uv":[16,0.2],"uv_size":[-16,-0.2]}}},{"origin":[-88,83,-0.01],"size":[16,17,0.02],"uv":{"north":{"uv":[0,0],"uv_size":[16,16]},"east":{"uv":[10,7],"uv_size":[0.2,1]},"south":{"uv":[0,0],"uv_size":[16,16]},"west":{"uv":[10,7],"uv_size":[0.2,1]},"up":{"uv":[12,7.2],"uv_size":[-2,-2.2]},"down":{"uv":[16,0.2],"uv_size":[-16,-0.2]}}},{"origin":[-104,83,-0.01],"size":[16,17,0.02],"uv":{"north":{"uv":[0,0],"uv_size":[16,16]},"east":{"uv":[7,0],"uv_size":[2,16]},"south":{"uv":[0,0],"uv_size":[16,16]},"west":{"uv":[10,7],"uv_size":[0.2,1]},"up":{"uv":[12,7.2],"uv_size":[-2,-2.2]},"down":{"uv":[16,0.2],"uv_size":[-16,-0.2]}}},{"origin":[88,83,-0.01],"size":[16,17,0.02],"uv":{"north":{"uv":[0,0],"uv_size":[16,16]},"east":{"uv":[10,7],"uv_size":[0.2,1]},"south":{"uv":[0,0],"uv_size":[16,16]},"west":{"uv":[7,0],"uv_size":[2,15.9]},"up":{"uv":[12,7.2],"uv_size":[-2,-2.2]},"down":{"uv":[16,0.2],"uv_size":[-16,-0.2]}}},{"origin":[72,83,-0.01],"size":[16,17,0.02],"uv":{"north":{"uv":[0,0],"uv_size":[16,16]},"east":{"uv":[10,7],"uv_size":[0.2,1]},"south":{"uv":[0,0],"uv_size":[16,16]},"west":{"uv":[10,7],"uv_size":[0.2,1]},"up":{"uv":[12,7.2],"uv_size":[-2,-2.2]},"down":{"uv":[16,0.2],"uv_size":[-16,-0.2]}}},{"origin":[56,83,-0.01],"size":[16,17,0.02],"uv":{"north":{"uv":[0,0],"uv_size":[16,16]},"east":{"uv":[10,7],"uv_size":[0.2,1]},"south":{"uv":[0,0],"uv_size":[16,16]},"west":{"uv":[10,7],"uv_size":[0.2,1]},"up":{"uv":[12,7.2],"uv_size":[-2,-2.2]},"down":{"uv":[16,0.2],"uv_size":[-16,-0.2]}}},{"origin":[40,83,-0.01],"size":[16,17,0.02],"uv":{"north":{"uv":[0,0],"uv_size":[16,16]},"east":{"uv":[10,7],"uv_size":[0.2,1]},"south":{"uv":[0,0],"uv_size":[16,16]},"west":{"uv":[10,7],"uv_size":[0.2,1]},"up":{"uv":[12,7.2],"uv_size":[-2,-2.2]},"down":{"uv":[16,0.2],"uv_size":[-16,-0.2]}}},{"origin":[24,83,-0.01],"size":[16,17,0.02],"uv":{"north":{"uv":[0,0],"uv_size":[16,16]},"east":{"uv":[10,7],"uv_size":[0.2,1]},"south":{"uv":[0,0],"uv_size":[16,16]},"west":{"uv":[10,7],"uv_size":[0.2,1]},"up":{"uv":[12,7.2],"uv_size":[-2,-2.2]},"down":{"uv":[16,0.2],"uv_size":[-16,-0.2]}}},{"origin":[8,83,-0.01],"size":[16,17,0.02],"uv":{"north":{"uv":[0,0],"uv_size":[16,16]},"east":{"uv":[10,7],"uv_size":[0.2,1]},"south":{"uv":[0,0],"uv_size":[16,16]},"west":{"uv":[10,7],"uv_size":[0.2,1]},"up":{"uv":[12,7.2],"uv_size":[-2,-2.2]},"down":{"uv":[16,0.2],"uv_size":[-16,-0.2]}}}]},{"name":"layer7","parent":"root","pivot":[0,100,0],"cubes":[{"origin":[-8,100,-0.01],"size":[16,17,0.02],"uv":{"north":{"uv":[0,0],"uv_size":[16,16]},"east":{"uv":[10,7],"uv_size":[0.2,1]},"south":{"uv":[0,0],"uv_size":[16,16]},"west":{"uv":[10,7],"uv_size":[0.2,1]},"up":{"uv":[14,14],"uv_size":[-7,-2]},"down":{"uv":[16,0.2],"uv_size":[-16,-0.2]}}},{"origin":[-24,100,-0.01],"size":[16,17,0.02],"uv":{"north":{"uv":[0,0],"uv_size":[16,16]},"east":{"uv":[10,7],"uv_size":[0.2,1]},"south":{"uv":[0,0],"uv_size":[16,16]},"west":{"uv":[10,7],"uv_size":[0.2,1]},"up":{"uv":[14,14],"uv_size":[-7,-2]},"down":{"uv":[16,0.2],"uv_size":[-16,-0.2]}}},{"origin":[-40,100,-0.01],"size":[16,17,0.02],"uv":{"north":{"uv":[0,0],"uv_size":[16,16]},"east":{"uv":[10,7],"uv_size":[0.2,1]},"south":{"uv":[0,0],"uv_size":[16,16]},"west":{"uv":[10,7],"uv_size":[0.2,1]},"up":{"uv":[14,14],"uv_size":[-7,-2]},"down":{"uv":[16,0.2],"uv_size":[-16,-0.2]}}},{"origin":[-56,100,-0.01],"size":[16,17,0.02],"uv":{"north":{"uv":[0,0],"uv_size":[16,16]},"east":{"uv":[10,7],"uv_size":[0.2,1]},"south":{"uv":[0,0],"uv_size":[16,16]},"west":{"uv":[10,7],"uv_size":[0.2,1]},"up":{"uv":[14,14],"uv_size":[-7,-2]},"down":{"uv":[16,0.2],"uv_size":[-16,-0.2]}}},{"origin":[-72,100,-0.01],"size":[16,17,0.02],"uv":{"north":{"uv":[0,0],"uv_size":[16,16]},"east":{"uv":[10,7],"uv_size":[0.2,1]},"south":{"uv":[0,0],"uv_size":[16,16]},"west":{"uv":[10,7],"uv_size":[0.2,1]},"up":{"uv":[14,14],"uv_size":[-7,-2]},"down":{"uv":[16,0.2],"uv_size":[-16,-0.2]}}},{"origin":[-88,100,-0.01],"size":[16,17,0.02],"uv":{"north":{"uv":[0,0],"uv_size":[16,16]},"east":{"uv":[10,7],"uv_size":[0.2,1]},"south":{"uv":[0,0],"uv_size":[16,16]},"west":{"uv":[10,7],"uv_size":[0.2,1]},"up":{"uv":[14,14],"uv_size":[-7,-2]},"down":{"uv":[16,0.2],"uv_size":[-16,-0.2]}}},{"origin":[-104,100,-0.01],"size":[16,17,0.02],"uv":{"north":{"uv":[0,0],"uv_size":[16,16]},"east":{"uv":[7,0],"uv_size":[2,16]},"south":{"uv":[0,0],"uv_size":[16,16]},"west":{"uv":[10,7],"uv_size":[0.2,1]},"up":{"uv":[14,14],"uv_size":[-7,-2]},"down":{"uv":[16,0.2],"uv_size":[-16,-0.2]}}},{"origin":[88,100,-0.01],"size":[16,17,0.02],"uv":{"north":{"uv":[0,0],"uv_size":[16,16]},"east":{"uv":[10,7],"uv_size":[0.2,1]},"south":{"uv":[0,0],"uv_size":[16,16]},"west":{"uv":[7,0],"uv_size":[2,15.9]},"up":{"uv":[14,14],"uv_size":[-7,-2]},"down":{"uv":[16,0.2],"uv_size":[-16,-0.2]}}},{"origin":[72,100,-0.01],"size":[16,17,0.02],"uv":{"north":{"uv":[0,0],"uv_size":[16,16]},"east":{"uv":[10,7],"uv_size":[0.2,1]},"south":{"uv":[0,0],"uv_size":[16,16]},"west":{"uv":[10,7],"uv_size":[0.2,1]},"up":{"uv":[14,14],"uv_size":[-7,-2]},"down":{"uv":[16,0.2],"uv_size":[-16,-0.2]}}},{"origin":[56,100,-0.01],"size":[16,17,0.02],"uv":{"north":{"uv":[0,0],"uv_size":[16,16]},"east":{"uv":[10,7],"uv_size":[0.2,1]},"south":{"uv":[0,0],"uv_size":[16,16]},"west":{"uv":[10,7],"uv_size":[0.2,1]},"up":{"uv":[14,14],"uv_size":[-7,-2]},"down":{"uv":[16,0.2],"uv_size":[-16,-0.2]}}},{"origin":[40,100,-0.01],"size":[16,17,0.02],"uv":{"north":{"uv":[0,0],"uv_size":[16,16]},"east":{"uv":[10,7],"uv_size":[0.2,1]},"south":{"uv":[0,0],"uv_size":[16,16]},"west":{"uv":[10,7],"uv_size":[0.2,1]},"up":{"uv":[14,14],"uv_size":[-7,-2]},"down":{"uv":[16,0.2],"uv_size":[-16,-0.2]}}},{"origin":[24,100,-0.01],"size":[16,17,0.02],"uv":{"north":{"uv":[0,0],"uv_size":[16,16]},"east":{"uv":[10,7],"uv_size":[0.2,1]},"south":{"uv":[0,0],"uv_size":[16,16]},"west":{"uv":[10,7],"uv_size":[0.2,1]},"up":{"uv":[14,14],"uv_size":[-7,-2]},"down":{"uv":[16,0.2],"uv_size":[-16,-0.2]}}},{"origin":[8,100,-0.01],"size":[16,17,0.02],"uv":{"north":{"uv":[0,0],"uv_size":[16,16]},"east":{"uv":[10,7],"uv_size":[0.2,1]},"south":{"uv":[0,0],"uv_size":[16,16]},"west":{"uv":[10,7],"uv_size":[0.2,1]},"up":{"uv":[14,14],"uv_size":[-7,-2]},"down":{"uv":[16,0.2],"uv_size":[-16,-0.2]}}},{"origin":[56,100,-0.01],"size":[16,17,0.02],"uv":{"north":{"uv":[0,0],"uv_size":[16,16]},"east":{"uv":[10,7],"uv_size":[0.2,1]},"south":{"uv":[0,0],"uv_size":[16,16]},"west":{"uv":[10,7],"uv_size":[0.2,1]},"up":{"uv":[14,14],"uv_size":[-7,-2]},"down":{"uv":[16,0.2],"uv_size":[-16,-0.2]}}},{"origin":[40,100,-0.01],"size":[16,17,0.02],"uv":{"north":{"uv":[0,0],"uv_size":[16,16]},"east":{"uv":[10,7],"uv_size":[0.2,1]},"south":{"uv":[0,0],"uv_size":[16,16]},"west":{"uv":[10,7],"uv_size":[0.2,1]},"up":{"uv":[14,14],"uv_size":[-7,-2]},"down":{"uv":[16,0.2],"uv_size":[-16,-0.2]}}},{"origin":[24,100,-0.01],"size":[16,17,0.02],"uv":{"north":{"uv":[0,0],"uv_size":[16,16]},"east":{"uv":[10,7],"uv_size":[0.2,1]},"south":{"uv":[0,0],"uv_size":[16,16]},"west":{"uv":[10,7],"uv_size":[0.2,1]},"up":{"uv":[14,14],"uv_size":[-7,-2]},"down":{"uv":[16,0.2],"uv_size":[-16,-0.2]}}},{"origin":[8,100,-0.01],"size":[16,17,0.02],"uv":{"north":{"uv":[0,0],"uv_size":[16,16]},"east":{"uv":[10,7],"uv_size":[0.2,1]},"south":{"uv":[0,0],"uv_size":[16,16]},"west":{"uv":[10,7],"uv_size":[0.2,1]},"up":{"uv":[14,14],"uv_size":[-7,-2]},"down":{"uv":[16,0.2],"uv_size":[-16,-0.2]}}},{"origin":[-8,100,-0.01],"size":[16,17,0.02],"uv":{"north":{"uv":[0,0],"uv_size":[16,16]},"east":{"uv":[10,7],"uv_size":[0.2,1]},"south":{"uv":[0,0],"uv_size":[16,16]},"west":{"uv":[10,7],"uv_size":[0.2,1]},"up":{"uv":[14,14],"uv_size":[-7,-2]},"down":{"uv":[16,0.2],"uv_size":[-16,-0.2]}}},{"origin":[-24,100,-0.01],"size":[16,17,0.02],"uv":{"north":{"uv":[0,0],"uv_size":[16,16]},"east":{"uv":[10,7],"uv_size":[0.2,1]},"south":{"uv":[0,0],"uv_size":[16,16]},"west":{"uv":[10,7],"uv_size":[0.2,1]},"up":{"uv":[14,14],"uv_size":[-7,-2]},"down":{"uv":[16,0.2],"uv_size":[-16,-0.2]}}},{"origin":[-40,100,-0.01],"size":[16,17,0.02],"uv":{"north":{"uv":[0,0],"uv_size":[16,16]},"east":{"uv":[10,7],"uv_size":[0.2,1]},"south":{"uv":[0,0],"uv_size":[16,16]},"west":{"uv":[10,7],"uv_size":[0.2,1]},"up":{"uv":[14,14],"uv_size":[-7,-2]},"down":{"uv":[16,0.2],"uv_size":[-16,-0.2]}}},{"origin":[-72,100,-0.01],"size":[16,17,0.02],"uv":{"north":{"uv":[0,0],"uv_size":[16,16]},"east":{"uv":[10,7],"uv_size":[0.2,1]},"south":{"uv":[0,0],"uv_size":[16,16]},"west":{"uv":[10,7],"uv_size":[0.2,1]},"up":{"uv":[14,14],"uv_size":[-7,-2]},"down":{"uv":[16,0.2],"uv_size":[-16,-0.2]}}},{"origin":[-56,100,-0.01],"size":[16,17,0.02],"uv":{"north":{"uv":[0,0],"uv_size":[16,16]},"east":{"uv":[10,7],"uv_size":[0.2,1]},"south":{"uv":[0,0],"uv_size":[16,16]},"west":{"uv":[10,7],"uv_size":[0.2,1]},"up":{"uv":[14,14],"uv_size":[-7,-2]},"down":{"uv":[16,0.2],"uv_size":[-16,-0.2]}}},{"origin":[56,117,-0.01],"size":[16,17,0.02],"uv":{"north":{"uv":[0,0],"uv_size":[16,16]},"east":{"uv":[10,7],"uv_size":[0.2,1]},"south":{"uv":[0,0],"uv_size":[16,16]},"west":{"uv":[10,7],"uv_size":[0.2,1]},"up":{"uv":[14,14],"uv_size":[-7,-2]},"down":{"uv":[16,0.2],"uv_size":[-16,-0.2]}}},{"origin":[40,117,-0.01],"size":[16,17,0.02],"uv":{"north":{"uv":[0,0],"uv_size":[16,16]},"east":{"uv":[10,7],"uv_size":[0.2,1]},"south":{"uv":[0,0],"uv_size":[16,16]},"west":{"uv":[10,7],"uv_size":[0.2,1]},"up":{"uv":[14,14],"uv_size":[-7,-2]},"down":{"uv":[16,0.2],"uv_size":[-16,-0.2]}}},{"origin":[24,117,-0.01],"size":[16,17,0.02],"uv":{"north":{"uv":[0,0],"uv_size":[16,16]},"east":{"uv":[10,7],"uv_size":[0.2,1]},"south":{"uv":[0,0],"uv_size":[16,16]},"west":{"uv":[10,7],"uv_size":[0.2,1]},"up":{"uv":[14,14],"uv_size":[-7,-2]},"down":{"uv":[16,0.2],"uv_size":[-16,-0.2]}}},{"origin":[8,117,-0.01],"size":[16,17,0.02],"uv":{"north":{"uv":[0,0],"uv_size":[16,16]},"east":{"uv":[10,7],"uv_size":[0.2,1]},"south":{"uv":[0,0],"uv_size":[16,16]},"west":{"uv":[10,7],"uv_size":[0.2,1]},"up":{"uv":[14,14],"uv_size":[-7,-2]},"down":{"uv":[16,0.2],"uv_size":[-16,-0.2]}}},{"origin":[-8,117,-0.01],"size":[16,17,0.02],"uv":{"north":{"uv":[0,0],"uv_size":[16,16]},"east":{"uv":[10,7],"uv_size":[0.2,1]},"south":{"uv":[0,0],"uv_size":[16,16]},"west":{"uv":[10,7],"uv_size":[0.2,1]},"up":{"uv":[14,14],"uv_size":[-7,-2]},"down":{"uv":[16,0.2],"uv_size":[-16,-0.2]}}},{"origin":[-24,117,-0.01],"size":[16,17,0.02],"uv":{"north":{"uv":[0,0],"uv_size":[16,16]},"east":{"uv":[10,7],"uv_size":[0.2,1]},"south":{"uv":[0,0],"uv_size":[16,16]},"west":{"uv":[10,7],"uv_size":[0.2,1]},"up":{"uv":[14,14],"uv_size":[-7,-2]},"down":{"uv":[16,0.2],"uv_size":[-16,-0.2]}}},{"origin":[-40,117,-0.01],"size":[16,17,0.02],"uv":{"north":{"uv":[0,0],"uv_size":[16,16]},"east":{"uv":[10,7],"uv_size":[0.2,1]},"south":{"uv":[0,0],"uv_size":[16,16]},"west":{"uv":[10,7],"uv_size":[0.2,1]},"up":{"uv":[14,14],"uv_size":[-7,-2]},"down":{"uv":[16,0.2],"uv_size":[-16,-0.2]}}},{"origin":[-72,117,-0.01],"size":[16,17,0.02],"uv":{"north":{"uv":[0,0],"uv_size":[16,16]},"east":{"uv":[10,7],"uv_size":[0.2,1]},"south":{"uv":[0,0],"uv_size":[16,16]},"west":{"uv":[10,7],"uv_size":[0.2,1]},"up":{"uv":[14,14],"uv_size":[-7,-2]},"down":{"uv":[16,0.2],"uv_size":[-16,-0.2]}}},{"origin":[-56,117,-0.01],"size":[16,17,0.02],"uv":{"north":{"uv":[0,0],"uv_size":[16,16]},"east":{"uv":[10,7],"uv_size":[0.2,1]},"south":{"uv":[0,0],"uv_size":[16,16]},"west":{"uv":[10,7],"uv_size":[0.2,1]},"up":{"uv":[14,14],"uv_size":[-7,-2]},"down":{"uv":[16,0.2],"uv_size":[-16,-0.2]}}},{"origin":[40,134,-0.01],"size":[16,17,0.02],"uv":{"north":{"uv":[0,0],"uv_size":[16,16]},"east":{"uv":[10,7],"uv_size":[0.2,1]},"south":{"uv":[0,0],"uv_size":[16,16]},"west":{"uv":[10,7],"uv_size":[0.2,1]},"up":{"uv":[14,14],"uv_size":[-7,-2]},"down":{"uv":[16,0.2],"uv_size":[-16,-0.2]}}},{"origin":[24,134,-0.01],"size":[16,17,0.02],"uv":{"north":{"uv":[0,0],"uv_size":[16,16]},"east":{"uv":[10,7],"uv_size":[0.2,1]},"south":{"uv":[0,0],"uv_size":[16,16]},"west":{"uv":[10,7],"uv_size":[0.2,1]},"up":{"uv":[14,14],"uv_size":[-7,-2]},"down":{"uv":[16,0.2],"uv_size":[-16,-0.2]}}},{"origin":[8,134,-0.01],"size":[16,17,0.02],"uv":{"north":{"uv":[0,0],"uv_size":[16,16]},"east":{"uv":[10,7],"uv_size":[0.2,1]},"south":{"uv":[0,0],"uv_size":[16,16]},"west":{"uv":[10,7],"uv_size":[0.2,1]},"up":{"uv":[14,14],"uv_size":[-7,-2]},"down":{"uv":[16,0.2],"uv_size":[-16,-0.2]}}},{"origin":[-8,134,-0.01],"size":[16,17,0.02],"uv":{"north":{"uv":[0,0],"uv_size":[16,16]},"east":{"uv":[10,7],"uv_size":[0.2,1]},"south":{"uv":[0,0],"uv_size":[16,16]},"west":{"uv":[10,7],"uv_size":[0.2,1]},"up":{"uv":[14,14],"uv_size":[-7,-2]},"down":{"uv":[16,0.2],"uv_size":[-16,-0.2]}}},{"origin":[-24,134,-0.01],"size":[16,17,0.02],"uv":{"north":{"uv":[0,0],"uv_size":[16,16]},"east":{"uv":[10,7],"uv_size":[0.2,1]},"south":{"uv":[0,0],"uv_size":[16,16]},"west":{"uv":[10,7],"uv_size":[0.2,1]},"up":{"uv":[14,14],"uv_size":[-7,-2]},"down":{"uv":[16,0.2],"uv_size":[-16,-0.2]}}},{"origin":[-40,134,-0.01],"size":[16,17,0.02],"uv":{"north":{"uv":[0,0],"uv_size":[16,16]},"east":{"uv":[10,7],"uv_size":[0.2,1]},"south":{"uv":[0,0],"uv_size":[16,16]},"west":{"uv":[10,7],"uv_size":[0.2,1]},"up":{"uv":[14,14],"uv_size":[-7,-2]},"down":{"uv":[16,0.2],"uv_size":[-16,-0.2]}}},{"origin":[-56,134,-0.01],"size":[16,17,0.02],"uv":{"north":{"uv":[0,0],"uv_size":[16,16]},"east":{"uv":[10,7],"uv_size":[0.2,1]},"south":{"uv":[0,0],"uv_size":[16,16]},"west":{"uv":[10,7],"uv_size":[0.2,1]},"up":{"uv":[14,14],"uv_size":[-7,-2]},"down":{"uv":[16,0.2],"uv_size":[-16,-0.2]}}},{"origin":[-88,117,-0.01],"size":[16,17,0.02],"uv":{"north":{"uv":[0,0],"uv_size":[16,16]},"east":{"uv":[10,7],"uv_size":[0.2,1]},"south":{"uv":[0,0],"uv_size":[16,16]},"west":{"uv":[10,7],"uv_size":[0.2,1]},"up":{"uv":[14,14],"uv_size":[-7,-2]},"down":{"uv":[16,0.2],"uv_size":[-16,-0.2]}}},{"origin":[72,117,-0.01],"size":[16,17,0.02],"uv":{"north":{"uv":[0,0],"uv_size":[16,16]},"east":{"uv":[10,7],"uv_size":[0.2,1]},"south":{"uv":[0,0],"uv_size":[16,16]},"west":{"uv":[10,7],"uv_size":[0.2,1]},"up":{"uv":[14,14],"uv_size":[-7,-2]},"down":{"uv":[16,0.2],"uv_size":[-16,-0.2]}}}]}]}]}
