{"format_version":"1.12.0","minecraft:geometry":[{"description":{"identifier":"geometry.firehydrant","texture_width":32,"texture_height":32,"visible_bounds_width":2,"visible_bounds_height":1.5,"visible_bounds_offset":[0,0.25,0]},"bones":[{"name":"Firehydrant","pivot":[-0.05,0,0]},{"name":"Standaard","parent":"Firehydrant","pivot":[0.55,0,-0.5]},{"name":"Details","parent":"Standaard","pivot":[0.55,0,-0.5]},{"name":"Dopjesonder","parent":"Details","pivot":[0.55,0,-0.5],"cubes":[{"origin":[-0.15,0.5,1.15],"size":[0.3,0.1,0.3],"uv":{"north":{"uv":[15,19],"uv_size":[0.25,0.25]},"east":{"uv":[16,19],"uv_size":[0.25,0.25]},"south":{"uv":[17,19],"uv_size":[0.25,0.25]},"west":{"uv":[18,19],"uv_size":[0.25,0.25]},"up":{"uv":[19,19],"uv_size":[0.25,0.25]},"down":{"uv":[0,20.25],"uv_size":[0.25,-0.25]}}},{"origin":[-1.4,0.5,-1.45],"size":[0.3,0.1,0.3],"uv":{"north":{"uv":[20,0],"uv_size":[0.25,0.25]},"east":{"uv":[1,20],"uv_size":[0.25,0.25]},"south":{"uv":[20,1],"uv_size":[0.25,0.25]},"west":{"uv":[2,20],"uv_size":[0.25,0.25]},"up":{"uv":[20,2],"uv_size":[0.25,0.25]},"down":{"uv":[3,20.25],"uv_size":[0.25,-0.25]}}},{"origin":[1.2,0.5,1.15],"size":[0.3,0.1,0.3],"uv":{"north":{"uv":[20,3],"uv_size":[0.25,0.25]},"east":{"uv":[4,20],"uv_size":[0.25,0.25]},"south":{"uv":[5,20],"uv_size":[0.25,0.25]},"west":{"uv":[6,20],"uv_size":[0.25,0.25]},"up":{"uv":[20,6],"uv_size":[0.25,0.25]},"down":{"uv":[7,20.25],"uv_size":[0.25,-0.25]}}},{"origin":[-1.4,0.5,1.15],"size":[0.3,0.1,0.3],"uv":{"north":{"uv":[20,7],"uv_size":[0.25,0.25]},"east":{"uv":[8,20],"uv_size":[0.25,0.25]},"south":{"uv":[20,8],"uv_size":[0.25,0.25]},"west":{"uv":[9,20],"uv_size":[0.25,0.25]},"up":{"uv":[20,9],"uv_size":[0.25,0.25]},"down":{"uv":[10,20.25],"uv_size":[0.25,-0.25]}}},{"origin":[1.2,0.5,-1.45],"size":[0.3,0.1,0.3],"uv":{"north":{"uv":[20,10],"uv_size":[0.25,0.25]},"east":{"uv":[11,20],"uv_size":[0.25,0.25]},"south":{"uv":[20,11],"uv_size":[0.25,0.25]},"west":{"uv":[12,20],"uv_size":[0.25,0.25]},"up":{"uv":[13,20],"uv_size":[0.25,0.25]},"down":{"uv":[14,20.25],"uv_size":[0.25,-0.25]}}},{"origin":[-0.15,0.5,-1.45],"size":[0.3,0.1,0.3],"uv":{"north":{"uv":[15,20],"uv_size":[0.25,0.25]},"east":{"uv":[20,15],"uv_size":[0.25,0.25]},"south":{"uv":[16,20],"uv_size":[0.25,0.25]},"west":{"uv":[20,16],"uv_size":[0.25,0.25]},"up":{"uv":[17,20],"uv_size":[0.25,0.25]},"down":{"uv":[20,17.25],"uv_size":[0.25,-0.25]}}},{"origin":[1.2,0.5,-0.05],"size":[0.3,0.1,0.3],"uv":{"north":{"uv":[18,20],"uv_size":[0.25,0.25]},"east":{"uv":[20,18],"uv_size":[0.25,0.25]},"south":{"uv":[19,20],"uv_size":[0.25,0.25]},"west":{"uv":[20,19],"uv_size":[0.25,0.25]},"up":{"uv":[20,20],"uv_size":[0.25,0.25]},"down":{"uv":[0,21.25],"uv_size":[0.25,-0.25]}}},{"origin":[-1.4,0.5,-0.15],"size":[0.3,0.1,0.3],"uv":{"north":{"uv":[21,0],"uv_size":[0.25,0.25]},"east":{"uv":[1,21],"uv_size":[0.25,0.25]},"south":{"uv":[21,1],"uv_size":[0.25,0.25]},"west":{"uv":[2,21],"uv_size":[0.25,0.25]},"up":{"uv":[21,2],"uv_size":[0.25,0.25]},"down":{"uv":[3,21.25],"uv_size":[0.25,-0.25]}}}]},{"name":"Randjes","parent":"Details","pivot":[0.55,0,-0.5],"cubes":[{"origin":[-1.05,1.2,-1.1],"size":[2.2,0.1,2.2],"uv":{"north":{"uv":[6,17],"uv_size":[2.25,0.25]},"east":{"uv":[9,17],"uv_size":[2.25,0.25]},"south":{"uv":[17,9],"uv_size":[2.25,0.25]},"west":{"uv":[17,10],"uv_size":[2.25,0.25]},"up":{"uv":[9,10],"uv_size":[2.25,2.25]},"down":{"uv":[5,13.25],"uv_size":[2.25,-2.25]}}},{"origin":[-1.05,3.19,-1.1],"size":[2.2,0.1,2.2],"uv":{"north":{"uv":[17,11],"uv_size":[2.25,0.25]},"east":{"uv":[12,17],"uv_size":[2.25,0.25]},"south":{"uv":[15,17],"uv_size":[2.25,0.25]},"west":{"uv":[17,15],"uv_size":[2.25,0.25]},"up":{"uv":[0,12],"uv_size":[2.25,2.25]},"down":{"uv":[12,2.25],"uv_size":[2.25,-2.25]}}},{"origin":[-1.05,4.6,-1.1],"size":[2.2,0.2,2.2],"uv":{"north":{"uv":[17,16],"uv_size":[2.25,0.25]},"east":{"uv":[0,18],"uv_size":[2.25,0.25]},"south":{"uv":[6,18],"uv_size":[2.25,0.25]},"west":{"uv":[9,18],"uv_size":[2.25,0.25]},"up":{"uv":[12,3],"uv_size":[2.25,2.25]},"down":{"uv":[12,8.25],"uv_size":[2.25,-2.25]}}},{"origin":[-1.05,0.5,-1.1],"size":[2.2,0.1,2.2],"uv":{"north":{"uv":[12,18],"uv_size":[2.25,0.25]},"east":{"uv":[18,12],"uv_size":[2.25,0.25]},"south":{"uv":[18,13],"uv_size":[2.25,0.25]},"west":{"uv":[18,14],"uv_size":[2.25,0.25]},"up":{"uv":[12,9],"uv_size":[2.25,2.25]},"down":{"uv":[12,14.25],"uv_size":[2.25,-2.25]}}}]},{"name":"Pijpen","parent":"Standaard","pivot":[0.55,0,-0.5],"cubes":[{"origin":[-0.35,2.5,-1.5],"size":[0.8,0.8,3],"uv":{"north":{"uv":[3,16],"uv_size":[0.75,0.75]},"east":{"uv":[9,3],"uv_size":[3,0.75]},"south":{"uv":[3,17],"uv_size":[0.75,0.75]},"west":{"uv":[3,14],"uv_size":[3,0.75]},"up":{"uv":[6,14],"uv_size":[0.75,3]},"down":{"uv":[7,17],"uv_size":[0.75,-3]}}},{"origin":[-1.35,3,-0.5],"size":[1.8,1,1],"uv":{"north":{"uv":[6,4],"uv_size":[1.75,1]},"east":{"uv":[8,7],"uv_size":[1,1]},"south":{"uv":[2,15],"uv_size":[1.75,1]},"west":{"uv":[8,11],"uv_size":[1,1]},"up":{"uv":[15,2],"uv_size":[1.75,1]},"down":{"uv":[15,4],"uv_size":[1.75,-1]}}},{"origin":[-1.45,3.1,-0.4],"size":[1.9,0.8,0.8],"uv":{"north":{"uv":[15,9],"uv_size":[2,0.75]},"east":{"uv":[3,23],"uv_size":[1.75,1.75]},"south":{"uv":[15,10],"uv_size":[2,0.75]},"west":{"uv":[15,18],"uv_size":[0.75,0.75]},"up":{"uv":[15,11],"uv_size":[2,0.75]},"down":{"uv":[12,15.75],"uv_size":[2,-0.75]}}},{"origin":[-0.25,2.6,-1.6],"size":[0.6,0.6,3.2],"uv":{"north":{"uv":[3,23],"uv_size":[1.75,1.75]},"east":{"uv":[15,4],"uv_size":[3.25,0.5]},"south":{"uv":[3,23],"uv_size":[1.75,1.75]},"west":{"uv":[15,5],"uv_size":[3.25,0.5]},"up":{"uv":[4,15],"uv_size":[0.5,3.25]},"down":{"uv":[5,18.25],"uv_size":[0.5,-3.25]}}}]},{"name":"Standaardzelf","parent":"Standaard","pivot":[0.55,0,-0.5],"cubes":[{"origin":[-0.95,0.4,-1],"size":[2,4.4,2],"uv":{"north":{"uv":[0,0],"uv_size":[2,4.5]},"east":{"uv":[2,0],"uv_size":[2,4.5]},"south":{"uv":[4,0],"uv_size":[2,4.5]},"west":{"uv":[0,5],"uv_size":[2,4.5]},"up":{"uv":[0,10],"uv_size":[2,2]},"down":{"uv":[3,14],"uv_size":[2,-2]}}},{"origin":[-1.35,0,-1.6],"size":[2.8,0.4,3.2],"uv":{"north":{"uv":[8,16],"uv_size":[2.75,0.5]},"east":{"uv":[15,6],"uv_size":[3.25,0.5]},"south":{"uv":[11,16],"uv_size":[2.75,0.5]},"west":{"uv":[15,7],"uv_size":[3.25,0.5]},"up":{"uv":[6,0],"uv_size":[2.75,3.25]},"down":{"uv":[2,11.25],"uv_size":[2.75,-3.25]}}},{"origin":[-1.55,0,-1.4],"size":[3.2,0.4,2.8],"uv":{"north":{"uv":[8,15],"uv_size":[3.25,0.5]},"east":{"uv":[14,16],"uv_size":[2.75,0.5]},"south":{"uv":[15,8],"uv_size":[3.25,0.5]},"west":{"uv":[0,17],"uv_size":[2.75,0.5]},"up":{"uv":[8,4],"uv_size":[3.25,2.75]},"down":{"uv":[5,10.75],"uv_size":[3.25,-2.75]}}},{"origin":[-1.45,0,-1.5],"size":[3,0.5,3],"uv":{"north":{"uv":[15,12],"uv_size":[3,0.5]},"east":{"uv":[15,13],"uv_size":[3,0.5]},"south":{"uv":[14,15],"uv_size":[3,0.5]},"west":{"uv":[15,14],"uv_size":[3,0.5]},"up":{"uv":[2,5],"uv_size":[3,3]},"down":{"uv":[5,8],"uv_size":[3,-3]}}},{"origin":[-1.2,4.8,-1.25],"size":[2.5,0.5,2.5],"uv":{"north":{"uv":[17,0],"uv_size":[2.5,0.5]},"east":{"uv":[17,1],"uv_size":[2.5,0.5]},"south":{"uv":[17,2],"uv_size":[2.5,0.5]},"west":{"uv":[17,3],"uv_size":[2.5,0.5]},"up":{"uv":[9,0],"uv_size":[2.5,2.5]},"down":{"uv":[9,9.5],"uv_size":[2.5,-2.5]}}},{"origin":[-0.95,5.3,-1],"size":[2,0.3,2],"uv":{"north":{"uv":[16,18],"uv_size":[2,0.25]},"east":{"uv":[18,17],"uv_size":[2,0.25]},"south":{"uv":[18,18],"uv_size":[2,0.25]},"west":{"uv":[0,19],"uv_size":[2,0.25]},"up":{"uv":[8,13],"uv_size":[2,2]},"down":{"uv":[10,15],"uv_size":[2,-2]}}},{"origin":[-0.7,5.6,-0.75],"size":[1.5,0.15,1.5],"uv":{"north":{"uv":[2,19],"uv_size":[1.5,0.25]},"east":{"uv":[4,19],"uv_size":[1.5,0.25]},"south":{"uv":[19,4],"uv_size":[1.5,0.25]},"west":{"uv":[19,5],"uv_size":[1.5,0.25]},"up":{"uv":[0,15],"uv_size":[1.5,1.5]},"down":{"uv":[15,1.5],"uv_size":[1.5,-1.5]}}},{"origin":[-0.45,5.75,-0.5],"size":[1,0.3,1],"uv":{"north":{"uv":[7,19],"uv_size":[1,0.25]},"east":{"uv":[19,7],"uv_size":[1,0.25]},"south":{"uv":[8,19],"uv_size":[1,0.25]},"west":{"uv":[19,8],"uv_size":[1,0.25]},"up":{"uv":[8,12],"uv_size":[1,1]},"down":{"uv":[2,17],"uv_size":[1,-1]}}},{"origin":[-0.15,6.05,-0.2],"size":[0.4,0.1,0.4],"pivot":[0.05,6,0],"rotation":[0,-45,0],"uv":{"north":{"uv":[11,19],"uv_size":[0.5,0.25]},"east":{"uv":[12,19],"uv_size":[0.5,0.25]},"south":{"uv":[13,19],"uv_size":[0.5,0.25]},"west":{"uv":[14,19],"uv_size":[0.5,0.25]},"up":{"uv":[9,19],"uv_size":[0.5,0.5]},"down":{"uv":[10,19.5],"uv_size":[0.5,-0.5]}}}]}]}]}
