{"format_version":"1.12.0","minecraft:geometry":[{"description":{"identifier":"geometry.fridge","texture_width":32,"texture_height":32,"visible_bounds_width":2,"visible_bounds_height":2.5,"visible_bounds_offset":[0,0.75,0]},"bones":[{"name":"root","pivot":[0,0,0]},{"name":"base","parent":"root","pivot":[0,0,0],"cubes":[{"origin":[-8,2,-4],"size":[2,12,12],"uv":{"north":{"uv":[16,17],"uv_size":[2,14]},"east":{"uv":[16,17],"uv_size":[16,14]},"south":{"uv":[30,17],"uv_size":[2,14]},"west":{"uv":[16,16],"uv_size":[16,16]},"up":{"uv":[32,32],"uv_size":[-16,-16]},"down":{"uv":[32,32],"uv_size":[-16,-16]}}},{"origin":[6,2,-4],"size":[2,12,12],"uv":{"north":{"uv":[30,17],"uv_size":[2,14]},"east":{"uv":[16,16],"uv_size":[16,16]},"south":{"uv":[16,17],"uv_size":[2,14]},"west":{"uv":[16,17],"uv_size":[16,14]},"up":{"uv":[32,31],"uv_size":[-16,-14]},"down":{"uv":[32,31],"uv_size":[-16,-14]}}},{"origin":[-6,2,6],"size":[12,12,2],"uv":{"north":{"uv":[16,16],"uv_size":[16,16]},"east":{"uv":[17,17],"uv_size":[14,14]},"south":{"uv":[17,17],"uv_size":[14,14]},"west":{"uv":[17,17],"uv_size":[14,14]},"up":{"uv":[31,31],"uv_size":[-14,-14]},"down":{"uv":[31,31],"uv_size":[-14,-14]}}},{"origin":[-8,0,-4],"size":[16,2,12],"uv":{"north":{"uv":[16,30],"uv_size":[16,2]},"east":{"uv":[16,30],"uv_size":[16,2]},"south":{"uv":[16,30],"uv_size":[16,2]},"west":{"uv":[16,30],"uv_size":[16,2]},"up":{"uv":[32,32],"uv_size":[-16,-16]},"down":{"uv":[32,32],"uv_size":[-16,-16]}}},{"origin":[-8,14,-4],"size":[16,2,12],"uv":{"north":{"uv":[16,16],"uv_size":[16,2]},"east":{"uv":[16,16],"uv_size":[16,2]},"south":{"uv":[16,16],"uv_size":[16,2]},"west":{"uv":[16,16],"uv_size":[16,2]},"up":{"uv":[32,32],"uv_size":[-16,-16]},"down":{"uv":[32,32],"uv_size":[-16,-16]}}}]},{"name":"rekkies","parent":"base","pivot":[0,0,0],"cubes":[{"origin":[4,8,-2],"size":[1,1,8],"uv":{"north":{"uv":[0,16],"uv_size":[3,16]},"east":{"uv":[0,16],"uv_size":[3,16]},"south":{"uv":[0,16],"uv_size":[3,16]},"west":{"uv":[0,16],"uv_size":[3,16]},"up":{"uv":[3,32],"uv_size":[-3,-16]},"down":{"uv":[3,32],"uv_size":[-3,-16]}}},{"origin":[-2,3,-2],"size":[1,1,8],"uv":{"north":{"uv":[0,16],"uv_size":[3,16]},"east":{"uv":[0,16],"uv_size":[3,16]},"south":{"uv":[0,16],"uv_size":[3,16]},"west":{"uv":[0,16],"uv_size":[3,16]},"up":{"uv":[3,32],"uv_size":[-3,-16]},"down":{"uv":[3,32],"uv_size":[-3,-16]}}},{"origin":[0,3,-2],"size":[1,1,8],"uv":{"north":{"uv":[0,16],"uv_size":[3,16]},"east":{"uv":[0,16],"uv_size":[3,16]},"south":{"uv":[0,16],"uv_size":[3,16]},"west":{"uv":[0,16],"uv_size":[3,16]},"up":{"uv":[3,32],"uv_size":[-3,-16]},"down":{"uv":[3,32],"uv_size":[-3,-16]}}},{"origin":[2,3,-2],"size":[1,1,8],"uv":{"north":{"uv":[0,16],"uv_size":[3,16]},"east":{"uv":[0,16],"uv_size":[3,16]},"south":{"uv":[0,16],"uv_size":[3,16]},"west":{"uv":[0,16],"uv_size":[3,16]},"up":{"uv":[3,32],"uv_size":[-3,-16]},"down":{"uv":[3,32],"uv_size":[-3,-16]}}},{"origin":[4,3,-2],"size":[1,1,8],"uv":{"north":{"uv":[0,16],"uv_size":[3,16]},"east":{"uv":[0,16],"uv_size":[3,16]},"south":{"uv":[0,16],"uv_size":[3,16]},"west":{"uv":[0,16],"uv_size":[3,16]},"up":{"uv":[3,32],"uv_size":[-3,-16]},"down":{"uv":[3,32],"uv_size":[-3,-16]}}},{"origin":[-6,3,-3],"size":[12,1,1],"uv":{"north":{"uv":[0,16],"uv_size":[16,2]},"east":{"uv":[0,16],"uv_size":[16,2]},"south":{"uv":[0,16],"uv_size":[16,2]},"west":{"uv":[0,16],"uv_size":[16,2]},"up":{"uv":[16,18],"uv_size":[-16,-2]},"down":{"uv":[16,18],"uv_size":[-16,-2]}}},{"origin":[-6,8,-3],"size":[12,1,1],"uv":{"north":{"uv":[0,16],"uv_size":[16,2]},"east":{"uv":[0,16],"uv_size":[16,2]},"south":{"uv":[0,16],"uv_size":[16,2]},"west":{"uv":[0,16],"uv_size":[16,2]},"up":{"uv":[16,18],"uv_size":[-16,-2]},"down":{"uv":[16,18],"uv_size":[-16,-2]}}},{"origin":[-6,8,-2],"size":[1,1,8],"uv":{"north":{"uv":[0,16],"uv_size":[3,16]},"east":{"uv":[0,16],"uv_size":[3,16]},"south":{"uv":[0,16],"uv_size":[3,16]},"west":{"uv":[0,16],"uv_size":[3,16]},"up":{"uv":[3,32],"uv_size":[-3,-16]},"down":{"uv":[3,32],"uv_size":[-3,-16]}}},{"origin":[-4,8,-2],"size":[1,1,8],"uv":{"north":{"uv":[0,16],"uv_size":[3,16]},"east":{"uv":[0,16],"uv_size":[3,16]},"south":{"uv":[0,16],"uv_size":[3,16]},"west":{"uv":[0,16],"uv_size":[3,16]},"up":{"uv":[3,32],"uv_size":[-3,-16]},"down":{"uv":[3,32],"uv_size":[-3,-16]}}},{"origin":[-2,8,-2],"size":[1,1,8],"uv":{"north":{"uv":[0,16],"uv_size":[3,16]},"east":{"uv":[0,16],"uv_size":[3,16]},"south":{"uv":[0,16],"uv_size":[3,16]},"west":{"uv":[0,16],"uv_size":[3,16]},"up":{"uv":[3,32],"uv_size":[-3,-16]},"down":{"uv":[3,32],"uv_size":[-3,-16]}}},{"origin":[0,8,-2],"size":[1,1,8],"uv":{"north":{"uv":[0,16],"uv_size":[3,16]},"east":{"uv":[0,16],"uv_size":[3,16]},"south":{"uv":[0,16],"uv_size":[3,16]},"west":{"uv":[0,16],"uv_size":[3,16]},"up":{"uv":[3,32],"uv_size":[-3,-16]},"down":{"uv":[3,32],"uv_size":[-3,-16]}}},{"origin":[2,8,-2],"size":[1,1,8],"uv":{"north":{"uv":[0,16],"uv_size":[3,16]},"east":{"uv":[0,16],"uv_size":[3,16]},"south":{"uv":[0,16],"uv_size":[3,16]},"west":{"uv":[0,16],"uv_size":[3,16]},"up":{"uv":[3,32],"uv_size":[-3,-16]},"down":{"uv":[3,32],"uv_size":[-3,-16]}}},{"origin":[-4,3,-2],"size":[1,1,8],"uv":{"north":{"uv":[0,16],"uv_size":[3,16]},"east":{"uv":[0,16],"uv_size":[3,16]},"south":{"uv":[0,16],"uv_size":[3,16]},"west":{"uv":[0,16],"uv_size":[3,16]},"up":{"uv":[3,32],"uv_size":[-3,-16]},"down":{"uv":[3,32],"uv_size":[-3,-16]}}},{"origin":[-6,3,-2],"size":[1,1,8],"uv":{"north":{"uv":[0,16],"uv_size":[3,16]},"east":{"uv":[0,16],"uv_size":[3,16]},"south":{"uv":[0,16],"uv_size":[3,16]},"west":{"uv":[0,16],"uv_size":[3,16]},"up":{"uv":[3,32],"uv_size":[-3,-16]},"down":{"uv":[3,32],"uv_size":[-3,-16]}}}]},{"name":"DoorAnim","parent":"base","pivot":[7,9,-5],"rotation":[0,90,0]},{"name":"door","parent":"DoorAnim","pivot":[7,8,-10],"cubes":[{"origin":[6,0,-20],"size":[3,16,16],"uv":{"north":{"uv":[29,17],"uv_size":[3,14]},"east":{"uv":[16,16],"uv_size":[16,16]},"south":{"uv":[16,17],"uv_size":[3,14]},"west":{"uv":[16,17],"uv_size":[16,14]},"up":{"uv":[32,32],"uv_size":[-3,-16]},"down":{"uv":[18,32],"uv_size":[-2,-16]}}}]},{"name":"rekkies2","parent":"door","pivot":[5,7,-10],"cubes":[{"origin":[4,9,-18],"size":[2,1,12],"uv":{"north":{"uv":[0,30],"uv_size":[3,2]},"east":{"uv":[0,30],"uv_size":[16,2]},"south":{"uv":[0,30],"uv_size":[3,2]},"west":{"uv":[0,16],"uv_size":[3,16]},"up":{"uv":[3,32],"uv_size":[-3,-16]},"down":{"uv":[3,32],"uv_size":[-3,-16]}}},{"origin":[4,4,-18],"size":[2,1,12],"uv":{"north":{"uv":[0,30],"uv_size":[3,2]},"east":{"uv":[0,30],"uv_size":[16,2]},"south":{"uv":[0,30],"uv_size":[3,2]},"west":{"uv":[0,16],"uv_size":[3,16]},"up":{"uv":[3,32],"uv_size":[-3,-16]},"down":{"uv":[3,32],"uv_size":[-3,-16]}}}]},{"name":"handle","parent":"door","pivot":[8,8,-14.5],"cubes":[{"origin":[8,4,-18],"size":[2,8,1],"uv":{"north":{"uv":[0,16],"uv_size":[3,16]},"east":{"uv":[0,30],"uv_size":[16,2]},"south":{"uv":[0,16],"uv_size":[3,16]},"west":{"uv":[0,16],"uv_size":[3,16]},"up":{"uv":[3,32],"uv_size":[-3,-2]},"down":{"uv":[3,32],"uv_size":[-3,-2]}}}]}]}]}
