{"format_version":"1.12.0","minecraft:geometry":[{"description":{"identifier":"geometry.funko_pop","texture_width":128,"texture_height":128,"visible_bounds_width":2,"visible_bounds_height":3.5,"visible_bounds_offset":[0,1.25,0]},"bones":[{"name":"root","pivot":[0,0,0]},{"name":"player","parent":"root","pivot":[0,0.186,1.24]},{"name":"waist","parent":"player","pivot":[0,29.946,1.24]},{"name":"body","parent":"waist","pivot":[-6.944,33.666,2.48],"cubes":[{"origin":[-2.48,2.666,-1.24],"size":[4.96,4.96,2.48],"uv":{"north":{"uv":[20,20],"uv_size":[8,12]},"east":{"uv":[16,20],"uv_size":[4,12]},"south":{"uv":[32,20],"uv_size":[8,12]},"west":{"uv":[28,20],"uv_size":[4,12]},"up":{"uv":[20,16],"uv_size":[8,4]},"down":{"uv":[28,20],"uv_size":[8,-4]}}}]},{"name":"head","parent":"body","pivot":[1.24,8.804,-1.24],"cubes":[{"origin":[-2.48,7.564,-2.48],"size":[4.96,4.96,4.96],"uv":{"north":{"uv":[8,8],"uv_size":[8,8]},"east":{"uv":[0,8],"uv_size":[8,8]},"south":{"uv":[24,8],"uv_size":[8,8]},"west":{"uv":[16,8],"uv_size":[8,8]},"up":{"uv":[8,0],"uv_size":[8,8]},"down":{"uv":[16,8],"uv_size":[8,-8]}}}]},{"name":"hat","parent":"head","pivot":[1.24,8.804,-1.24],"cubes":[{"origin":[-2.228,7.816,-2.228],"size":[4.456,4.456,4.456],"inflate":0.5,"uv":{"north":{"uv":[40,8],"uv_size":[8,8]},"east":{"uv":[32,8],"uv_size":[8,8]},"south":{"uv":[56,8],"uv_size":[8,8]},"west":{"uv":[48,8],"uv_size":[8,8]},"up":{"uv":[40,0],"uv_size":[8,8]},"down":{"uv":[48,8],"uv_size":[8,-8]}}}]},{"name":"cape","parent":"body","pivot":[-6.944,33.666,9.92]},{"name":"leftArm","parent":"body","pivot":[-2.48,30.194,3.72],"cubes":[{"origin":[2.48,3.658,-1.24],"size":[1.488,3.968,2.48],"uv":{"north":{"uv":[36,52],"uv_size":[4,12]},"east":{"uv":[32,52],"uv_size":[4,12]},"south":{"uv":[44,52],"uv_size":[4,12]},"west":{"uv":[40,52],"uv_size":[4,12]},"up":{"uv":[36,48],"uv_size":[4,4]},"down":{"uv":[40,52],"uv_size":[4,-4]}}}]},{"name":"leftSleeve","parent":"leftArm","pivot":[-2.48,30.194,3.72],"cubes":[{"origin":[2.606,3.784,-1.114],"size":[1.236,3.716,2.228],"inflate":0.25,"uv":{"north":{"uv":[52,52],"uv_size":[4,12]},"east":{"uv":[48,52],"uv_size":[4,12]},"south":{"uv":[60,52],"uv_size":[4,12]},"west":{"uv":[56,52],"uv_size":[4,12]},"up":{"uv":[52,48],"uv_size":[4,4]},"down":{"uv":[56,52],"uv_size":[4,-4]}}}]},{"name":"rightArm","parent":"body","pivot":[-4.96,29.946,3.72],"cubes":[{"origin":[-3.968,3.658,-1.24],"size":[1.488,3.968,2.48],"uv":{"north":{"uv":[44,20],"uv_size":[4,12]},"east":{"uv":[40,20],"uv_size":[4,12]},"south":{"uv":[52,20],"uv_size":[4,12]},"west":{"uv":[48,20],"uv_size":[4,12]},"up":{"uv":[44,16],"uv_size":[4,4]},"down":{"uv":[48,20],"uv_size":[4,-4]}}}]},{"name":"rightSleeve","parent":"rightArm","pivot":[-4.96,29.946,3.72],"cubes":[{"origin":[-3.842,3.784,-1.01],"size":[1.236,3.716,2.02],"inflate":0.25,"uv":{"north":{"uv":[44,36],"uv_size":[4,12]},"east":{"uv":[40,36],"uv_size":[4,12]},"south":{"uv":[52,36],"uv_size":[4,12]},"west":{"uv":[48,36],"uv_size":[4,12]},"up":{"uv":[44,32],"uv_size":[4,4]},"down":{"uv":[48,36],"uv_size":[4,-4]}}}]},{"name":"rightItem","parent":"rightArm","pivot":[-7.44,12.586,6.2],"locators":{"lead_hold":[-7.44,12.586,6.2]}},{"name":"jacket","parent":"body","pivot":[-6.944,33.666,2.48],"cubes":[{"origin":[-2.352,2.794,-1.362],"size":[4.704,4.704,2.476],"inflate":0.25,"uv":{"north":{"uv":[20,36],"uv_size":[8,12]},"east":{"uv":[16,36],"uv_size":[4,12]},"south":{"uv":[32,36],"uv_size":[8,12]},"west":{"uv":[28,36],"uv_size":[4,12]},"up":{"uv":[20,32],"uv_size":[8,4]},"down":{"uv":[28,36],"uv_size":[8,-4]}}}]},{"name":"leftLeg","parent":"player","pivot":[-3.596,29.946,3.72],"cubes":[{"origin":[0.124,0.186,-1.24],"size":[1.984,2.48,2.48],"uv":{"north":{"uv":[20,52],"uv_size":[4,12]},"east":{"uv":[16,52],"uv_size":[4,12]},"south":{"uv":[28,52],"uv_size":[4,12]},"west":{"uv":[24,52],"uv_size":[4,12]},"up":{"uv":[20,48],"uv_size":[4,4]},"down":{"uv":[24,52],"uv_size":[4,-4]}}}]},{"name":"leftPants","parent":"leftLeg","pivot":[-3.596,29.946,3.72],"cubes":[{"origin":[0.25,0.312,-1.114],"size":[1.732,2.228,2.228],"inflate":0.25,"uv":{"north":{"uv":[4,52],"uv_size":[4,12]},"east":{"uv":[0,52],"uv_size":[4,12]},"south":{"uv":[12,52],"uv_size":[4,12]},"west":{"uv":[8,52],"uv_size":[4,12]},"up":{"uv":[4,48],"uv_size":[4,4]},"down":{"uv":[8,52],"uv_size":[4,-4]}}}]},{"name":"rightLeg","parent":"player","pivot":[-5.084,29.946,3.72],"cubes":[{"origin":[-2.108,0.186,-1.24],"size":[1.984,2.48,2.48],"uv":{"north":{"uv":[4,20],"uv_size":[4,12]},"east":{"uv":[0,20],"uv_size":[4,12]},"south":{"uv":[12,20],"uv_size":[4,12]},"west":{"uv":[8,20],"uv_size":[4,12]},"up":{"uv":[4,16],"uv_size":[4,4]},"down":{"uv":[8,20],"uv_size":[4,-4]}}}]},{"name":"rightPants","parent":"rightLeg","pivot":[-5.084,29.946,3.72],"cubes":[{"origin":[-1.982,0.312,-1.114],"size":[1.732,2.228,2.228],"inflate":0.25,"uv":{"north":{"uv":[4,36],"uv_size":[4,12]},"east":{"uv":[0,36],"uv_size":[4,12]},"south":{"uv":[12,36],"uv_size":[4,12]},"west":{"uv":[8,36],"uv_size":[4,12]},"up":{"uv":[4,32],"uv_size":[4,4]},"down":{"uv":[8,36],"uv_size":[4,-4]}}}]},{"name":"box","parent":"root","pivot":[0,0,0],"cubes":[{"origin":[-4.935,0,-4.96],"size":[9.957,0.062,9.92],"uv":{"north":{"uv":[96,95],"uv_size":[31,1.025]},"east":{"uv":[96,0],"uv_size":[31,26.025]},"south":{"uv":[96,0],"uv_size":[31,26.025]},"west":{"uv":[97,94],"uv_size":[31,2.025]},"up":{"uv":[128,128],"uv_size":[-31,-32]},"down":{"uv":[127,27],"uv_size":[-31,-26]}}},{"origin":[-4.91,14.386,-4.935],"size":[9.907,0.062,9.833],"uv":{"north":{"uv":[96,0],"uv_size":[31,26.025]},"east":{"uv":[96,0],"uv_size":[31,26.025]},"south":{"uv":[96,0],"uv_size":[31,26.025]},"west":{"uv":[96,0],"uv_size":[31,26.025]},"up":{"uv":[127,24],"uv_size":[-31,-24]},"down":{"uv":[128,128],"uv_size":[-31,-32]}}},{"origin":[-4.96,0,-4.96],"size":[0.062,14.446,9.92],"uv":{"north":{"uv":[96,64],"uv_size":[1,26.025]},"east":{"uv":[96,64],"uv_size":[32,32.025]},"south":{"uv":[96,0],"uv_size":[31,26.025]},"west":{"uv":[96,95.975],"uv_size":[32,32.025]},"up":{"uv":[128,62],"uv_size":[-22,-22]},"down":{"uv":[127,32],"uv_size":[-31,-32]}}},{"origin":[4.922,0,-4.885],"size":[0.1,2.046,9.845],"uv":{"north":{"uv":[101,91],"uv_size":[18,5.025]},"east":{"uv":[97,122.975],"uv_size":[31,5.025]},"south":{"uv":[96,0],"uv_size":[31,26.025]},"west":{"uv":[108,91],"uv_size":[20,5.025]},"up":{"uv":[128,128],"uv_size":[-31,-5]},"down":{"uv":[127,32],"uv_size":[-31,-32]}}},{"origin":[-3.348,0,-4.96],"size":[8.345,2.046,0.1],"uv":{"north":{"uv":[102,91],"uv_size":[19,5.025]},"east":{"uv":[96,0],"uv_size":[31,26.025]},"south":{"uv":[97,122.975],"uv_size":[31,5.025]},"west":{"uv":[97,64],"uv_size":[31,5]},"up":{"uv":[128,128],"uv_size":[-31,-32]},"down":{"uv":[128,96],"uv_size":[-31,-5]}}},{"origin":[4.922,12.4,-4.96],"size":[0.1,2.046,9.92],"uv":{"north":{"uv":[113,64],"uv_size":[6,5.025]},"east":{"uv":[97,96],"uv_size":[31,5.025]},"south":{"uv":[96,0],"uv_size":[31,26.025]},"west":{"uv":[108,64],"uv_size":[20,5.025]},"up":{"uv":[128,32],"uv_size":[-31,-32]},"down":{"uv":[128,101],"uv_size":[-31,-5]}}},{"origin":[4.922,1.984,2.48],"size":[0.1,10.416,2.48],"uv":{"north":{"uv":[96,96],"uv_size":[6,32]},"east":{"uv":[96,96],"uv_size":[5,32]},"south":{"uv":[96,0],"uv_size":[31,26.025]},"west":{"uv":[123,70],"uv_size":[5,22.025]},"up":{"uv":[127,32],"uv_size":[-31,-32]},"down":{"uv":[127,32],"uv_size":[-31,-32]}}},{"origin":[-4.898,12.4,-4.96],"size":[9.82,2.046,0.1],"uv":{"north":{"uv":[96,64],"uv_size":[27,5.025]},"east":{"uv":[97,64],"uv_size":[31,6.025]},"south":{"uv":[97,97],"uv_size":[31,5.025]},"west":{"uv":[97,28],"uv_size":[31,4.025]},"up":{"uv":[127,32],"uv_size":[-31,-32]},"down":{"uv":[128,98],"uv_size":[-31,-2]}}},{"origin":[-4.898,0,-4.96],"size":[1.55,12.412,0.1],"uv":{"north":{"uv":[96,69],"uv_size":[5,27.025]},"east":{"uv":[96,0],"uv_size":[31,26.025]},"south":{"uv":[123,96],"uv_size":[5,32]},"west":{"uv":[97,107],"uv_size":[31,4.025]},"up":{"uv":[127,32],"uv_size":[-31,-32]},"down":{"uv":[127,32],"uv_size":[-31,-32]}}},{"origin":[-4.91248,0,4.898],"size":[9.932,14.446,0.062],"uv":{"north":{"uv":[96,96],"uv_size":[32,32]},"east":{"uv":[96,0],"uv_size":[31,26.025]},"south":{"uv":[97,5.1],"uv_size":[31,26.025]},"west":{"uv":[96,0],"uv_size":[31,26.025]},"up":{"uv":[128,56],"uv_size":[-23,-13]},"down":{"uv":[127,32],"uv_size":[-31,-32]}}}]},{"name":"boxplayer","parent":"box","pivot":[-0.248,0,0],"cubes":[{"origin":[-4.898,2.48,-4.9972],"size":[3.224,3.72,0.124],"uv":{"north":{"uv":[12,8],"uv_size":[4,8]},"east":{"uv":[0,0],"uv_size":[0.05,1]},"south":{"uv":[0,0],"uv_size":[1,1]},"west":{"uv":[0,0],"uv_size":[0.05,1]},"up":{"uv":[1,0.05],"uv_size":[-1,-0.05]},"down":{"uv":[1,0.05],"uv_size":[-1,-0.05]}}},{"origin":[-4.898,2.48,-5.00216],"size":[3.224,3.72,0.124],"uv":{"north":{"uv":[44,8],"uv_size":[4,8]},"east":{"uv":[0,0],"uv_size":[0.05,1]},"south":{"uv":[0,0],"uv_size":[1,1]},"west":{"uv":[0,0],"uv_size":[0.05,1]},"up":{"uv":[1,0.05],"uv_size":[-1,-0.05]},"down":{"uv":[1,0.05],"uv_size":[-1,-0.05]}}},{"origin":[-4.898,0.992,-4.9972],"size":[1.984,1.488,0.124],"uv":{"north":{"uv":[24,20],"uv_size":[4,12]},"east":{"uv":[0,0],"uv_size":[0.05,1]},"south":{"uv":[0,0],"uv_size":[1,1]},"west":{"uv":[0,0],"uv_size":[0.05,1]},"up":{"uv":[1,0.05],"uv_size":[-1,-0.05]},"down":{"uv":[1,0.05],"uv_size":[-1,-0.05]}}},{"origin":[-4.898,0.992,-4.9972],"size":[1.984,1.488,0.124],"uv":{"north":{"uv":[24,20],"uv_size":[4,12]},"east":{"uv":[0,0],"uv_size":[0.05,1]},"south":{"uv":[0,0],"uv_size":[1,1]},"west":{"uv":[0,0],"uv_size":[0.05,1]},"up":{"uv":[1,0.05],"uv_size":[-1,-0.05]},"down":{"uv":[1,0.05],"uv_size":[-1,-0.05]}}},{"origin":[-4.898,0,-4.9972],"size":[1.984,0.992,0.124],"uv":{"north":{"uv":[20,52],"uv_size":[4,12]},"east":{"uv":[0,0],"uv_size":[0.05,1]},"south":{"uv":[0,0],"uv_size":[1,1]},"west":{"uv":[0,0],"uv_size":[0.05,1]},"up":{"uv":[1,0.05],"uv_size":[-1,-0.05]},"down":{"uv":[1,0.05],"uv_size":[-1,-0.05]}}},{"origin":[-4.898,0,-5.00216],"size":[1.984,0.992,0.124],"uv":{"north":{"uv":[4,52],"uv_size":[4,12]},"east":{"uv":[0,0],"uv_size":[0.05,1]},"south":{"uv":[0,0],"uv_size":[1,1]},"west":{"uv":[0,0],"uv_size":[0.05,1]},"up":{"uv":[1,0.05],"uv_size":[-1,-0.05]},"down":{"uv":[1,0.05],"uv_size":[-1,-0.05]}}},{"origin":[-4.898,0.992,-5.00216],"size":[1.984,1.488,0.124],"uv":{"north":{"uv":[24,36],"uv_size":[4,12]},"east":{"uv":[0,0],"uv_size":[0.05,1]},"south":{"uv":[0,0],"uv_size":[1,1]},"west":{"uv":[0,0],"uv_size":[0.05,1]},"up":{"uv":[1,0.05],"uv_size":[-1,-0.05]},"down":{"uv":[1,0.05],"uv_size":[-1,-0.05]}}},{"origin":[-2.914,1.24,-4.9972],"size":[1.24,1.24,0.124],"uv":{"north":{"uv":[37,52],"uv_size":[4,12]},"east":{"uv":[0,0],"uv_size":[0.05,1]},"south":{"uv":[0,0],"uv_size":[1,1]},"west":{"uv":[0,0],"uv_size":[0.05,1]},"up":{"uv":[1,0.05],"uv_size":[-1,-0.05]},"down":{"uv":[1,0.05],"uv_size":[-1,-0.05]}}},{"origin":[-2.914,1.24,-5.00216],"size":[1.24,1.24,0.124],"uv":{"north":{"uv":[52,52],"uv_size":[4,12]},"east":{"uv":[0,0],"uv_size":[0.05,1]},"south":{"uv":[0,0],"uv_size":[1,1]},"west":{"uv":[0,0],"uv_size":[0.05,1]},"up":{"uv":[1,0.05],"uv_size":[-1,-0.05]},"down":{"uv":[1,0.05],"uv_size":[-1,-0.05]}}}]},{"name":"name","parent":"box","pivot":[0,0,0],"cubes":[{"origin":[-5,2.4,-3.3],"size":[1,9.6,6.6],"uv":{"north":{"uv":[50,104],"uv_size":[1,9.6]},"east":{"uv":[0,64.4],"uv_size":[32,63.6]},"south":{"uv":[49,104],"uv_size":[1,9.6]},"west":{"uv":[49,102],"uv_size":[6.6,9.6]},"up":{"uv":[53,108.6],"uv_size":[-1,-6.6]},"down":{"uv":[50,113.6],"uv_size":[-1,-6.6]}}}]}]}]}
