{"format_version":"1.12.0","minecraft:geometry":[{"description":{"identifier":"geometry.mailman","texture_width":128,"texture_height":128,"visible_bounds_width":3,"visible_bounds_height":4.5,"visible_bounds_offset":[0,0.75,0]},"bones":[{"name":"root","pivot":[0,0,0]},{"name":"waist","parent":"root","pivot":[0,12,0]},{"name":"body","parent":"waist","pivot":[0,12,0],"cubes":[{"origin":[-4,12,-2],"size":[8,12,4],"uv":{"north":{"uv":[20,20],"uv_size":[8,12]},"east":{"uv":[16,20],"uv_size":[4,12]},"south":{"uv":[32,20],"uv_size":[8,12]},"west":{"uv":[28,20],"uv_size":[4,12]},"up":{"uv":[20,16],"uv_size":[8,4]},"down":{"uv":[28,20],"uv_size":[8,-4]}}}]},{"name":"head","parent":"body","pivot":[0,24,0],"cubes":[{"origin":[-4,24,-4],"size":[8,8,8],"uv":{"north":{"uv":[8,8],"uv_size":[8,8]},"east":{"uv":[0,8],"uv_size":[8,8]},"south":{"uv":[24,8],"uv_size":[8,8]},"west":{"uv":[16,8],"uv_size":[8,8]},"up":{"uv":[8,0],"uv_size":[8,8]},"down":{"uv":[16,8],"uv_size":[8,-8]}}}]},{"name":"eyes","parent":"head","pivot":[0,27,-4]},{"name":"eye1","parent":"eyes","pivot":[2,29,-3.55],"rotation":[0,0,-180],"cubes":[{"origin":[1,28,-4.05],"size":[2,2,1],"uv":{"north":{"uv":[15,13],"uv_size":[2,2]},"east":{"uv":[15,13],"uv_size":[1,2]},"south":{"uv":[15,13],"uv_size":[2,2]},"west":{"uv":[15,13],"uv_size":[1,2]},"up":{"uv":[17,14],"uv_size":[-2,-1]},"down":{"uv":[17,14],"uv_size":[-2,-1]}}}]},{"name":"eye2","parent":"eyes","pivot":[-2,27,-3.55],"rotation":[0,0,-180],"cubes":[{"origin":[-3,24,-4.05],"size":[2,2,1],"uv":{"north":{"uv":[15,13],"uv_size":[2,2]},"east":{"uv":[15,13],"uv_size":[1,2]},"south":{"uv":[15,13],"uv_size":[2,2]},"west":{"uv":[15,13],"uv_size":[1,2]},"up":{"uv":[17,14],"uv_size":[-2,-1]},"down":{"uv":[17,14],"uv_size":[-2,-1]}}}]},{"name":"hair","parent":"head","pivot":[0,24,0],"cubes":[{"origin":[-4.1,25,0],"size":[8.3,4,4.1],"uv":{"north":{"uv":[3,11],"uv_size":[18.3,4]},"east":{"uv":[0,11],"uv_size":[4,4]},"south":{"uv":[24,11],"uv_size":[8,4]},"west":{"uv":[20,11],"uv_size":[4,4]},"up":{"uv":[20.3,38],"uv_size":[-8.3,-4]},"down":{"uv":[31.3,15],"uv_size":[-6.3,-1]}}},{"origin":[-1,28,-4.2],"size":[5.2,1,4.2],"uv":{"north":{"uv":[11,11],"uv_size":[5.2,1]},"east":{"uv":[0,0],"uv_size":[4.2,1]},"south":{"uv":[0,0],"uv_size":[5.2,1]},"west":{"uv":[17,11],"uv_size":[4,1]},"up":{"uv":[5.2,6.2],"uv_size":[-5.2,-4.2]},"down":{"uv":[16,12],"uv_size":[-5,-1]}}},{"origin":[3,27,-4.2],"size":[0.975,1,1],"uv":{"north":{"uv":[15,12],"uv_size":[1,1]},"east":{"uv":[15,12],"uv_size":[1,1]},"south":{"uv":[15,12],"uv_size":[1,1]},"west":{"uv":[15,12],"uv_size":[1,1]},"up":{"uv":[16,13],"uv_size":[-1,-1]},"down":{"uv":[16,13],"uv_size":[-1,-1]}}},{"origin":[-3,28,-4.2],"size":[0.975,1,1],"uv":{"north":{"uv":[15,12],"uv_size":[1,1]},"east":{"uv":[15,12],"uv_size":[1,1]},"south":{"uv":[15,12],"uv_size":[1,1]},"west":{"uv":[15,12],"uv_size":[1,1]},"up":{"uv":[16,13],"uv_size":[-1,-1]},"down":{"uv":[16,13],"uv_size":[-1,-1]}}},{"origin":[0,27,-4.2],"size":[0.975,1,1],"uv":{"north":{"uv":[12,12],"uv_size":[1,1]},"east":{"uv":[12,12],"uv_size":[1,1]},"south":{"uv":[12,12],"uv_size":[1,1]},"west":{"uv":[12,12],"uv_size":[1,1]},"up":{"uv":[13,13],"uv_size":[-1,-1]},"down":{"uv":[13,13],"uv_size":[-1,-1]}}}]},{"name":"hat","parent":"head","pivot":[0,24,0]},{"name":"mailmanhat","parent":"hat","pivot":[0.05,28.8,-0.05],"rotation":[0,0,-5],"cubes":[{"origin":[-4.4,28.3,-4.5],"size":[8.9,1,8.9],"uv":{"north":{"uv":[40,8],"uv_size":[8,1]},"east":{"uv":[40,8],"uv_size":[8,1]},"south":{"uv":[40,8],"uv_size":[8,1]},"west":{"uv":[40,8],"uv_size":[8,1]},"up":{"uv":[48,8],"uv_size":[-8,-8]},"down":{"uv":[48,8],"uv_size":[-8,-8]}}},{"origin":[-4.4,31.6,-4.5],"size":[8.9,1,8.9],"uv":{"north":{"uv":[40,8],"uv_size":[8,1]},"east":{"uv":[40,8],"uv_size":[8,1]},"south":{"uv":[40,8],"uv_size":[8,1]},"west":{"uv":[40,8],"uv_size":[8,1]},"up":{"uv":[48,8],"uv_size":[-8,-8]},"down":{"uv":[48,8],"uv_size":[-8,-8]}}},{"origin":[-4.15,29,-4.1],"size":[8.2,2.9,8.325],"uv":{"north":{"uv":[8,8],"uv_size":[8,3]},"east":{"uv":[16,8],"uv_size":[8,3]},"south":{"uv":[24,8],"uv_size":[8,3]},"west":{"uv":[16,8],"uv_size":[8,3]},"up":{"uv":[16,8],"uv_size":[-8,-8]},"down":{"uv":[16,8.2],"uv_size":[-8,-8.2]}}}]},{"name":"cape","parent":"body","pivot":[0,24,3]},{"name":"leftArm","parent":"body","pivot":[5,22,0],"cubes":[{"origin":[4,12,-2],"size":[4,12,4],"uv":{"north":{"uv":[36,52],"uv_size":[4,12]},"east":{"uv":[32,52],"uv_size":[4,12]},"south":{"uv":[44,52],"uv_size":[4,12]},"west":{"uv":[40,52],"uv_size":[4,12]},"up":{"uv":[36,48],"uv_size":[4,4]},"down":{"uv":[40,52],"uv_size":[4,-4]}}}]},{"name":"leftSleeve","parent":"leftArm","pivot":[5,22,0],"cubes":[{"origin":[4,12,-2],"size":[4,12,4],"inflate":0.25,"uv":{"north":{"uv":[52,52],"uv_size":[4,12]},"east":{"uv":[48,52],"uv_size":[4,12]},"south":{"uv":[60,52],"uv_size":[4,12]},"west":{"uv":[56,52],"uv_size":[4,12]},"up":{"uv":[52,48],"uv_size":[4,4]},"down":{"uv":[56,52],"uv_size":[4,-4]}}}]},{"name":"leftItem","parent":"leftArm","pivot":[6,15,1]},{"name":"rightArm","parent":"body","pivot":[-5,22,0],"cubes":[{"origin":[-8,12,-2],"size":[4,12,4],"uv":{"north":{"uv":[44,20],"uv_size":[4,12]},"east":{"uv":[40,20],"uv_size":[4,12]},"south":{"uv":[52,20],"uv_size":[4,12]},"west":{"uv":[48,20],"uv_size":[4,12]},"up":{"uv":[44,16],"uv_size":[4,4]},"down":{"uv":[48,20],"uv_size":[4,-4]}}}]},{"name":"rightSleeve","parent":"rightArm","pivot":[-5,22,0],"cubes":[{"origin":[-8,12,-2],"size":[4,12,4],"inflate":0.25,"uv":{"north":{"uv":[44,36],"uv_size":[4,12]},"east":{"uv":[40,36],"uv_size":[4,12]},"south":{"uv":[52,36],"uv_size":[4,12]},"west":{"uv":[48,36],"uv_size":[4,12]},"up":{"uv":[44,32],"uv_size":[4,4]},"down":{"uv":[48,36],"uv_size":[4,-4]}}}]},{"name":"rightItem","parent":"rightArm","pivot":[-6,15,1],"locators":{"lead_hold":[-6,15,1]}},{"name":"jacket","parent":"body","pivot":[0,24,0],"cubes":[{"origin":[-4,12,-2],"size":[8,12,4],"inflate":0.25,"uv":{"north":{"uv":[20,36],"uv_size":[8,12]},"east":{"uv":[16,36],"uv_size":[4,12]},"south":{"uv":[32,36],"uv_size":[8,12]},"west":{"uv":[28,36],"uv_size":[4,12]},"up":{"uv":[20,32],"uv_size":[8,4]},"down":{"uv":[28,36],"uv_size":[8,-4]}}}]},{"name":"leftLeg","parent":"root","pivot":[1.9,12,0],"cubes":[{"origin":[-0.1,0,-2],"size":[4,12,4],"uv":{"north":{"uv":[20,52],"uv_size":[4,12]},"east":{"uv":[16,52],"uv_size":[4,12]},"south":{"uv":[28,52],"uv_size":[4,12]},"west":{"uv":[24,52],"uv_size":[4,12]},"up":{"uv":[20,48],"uv_size":[4,4]},"down":{"uv":[24,52],"uv_size":[4,-4]}}}]},{"name":"leftPants","parent":"leftLeg","pivot":[1.9,12,0],"cubes":[{"origin":[-0.1,0,-2],"size":[4,12,4],"inflate":0.25,"uv":{"north":{"uv":[4,52],"uv_size":[4,12]},"east":{"uv":[0,52],"uv_size":[4,12]},"south":{"uv":[12,52],"uv_size":[4,12]},"west":{"uv":[8,52],"uv_size":[4,12]},"up":{"uv":[4,48],"uv_size":[4,4]},"down":{"uv":[8,52],"uv_size":[4,-4]}}}]},{"name":"rightLeg","parent":"root","pivot":[-1.9,12,0],"cubes":[{"origin":[-3.9,0,-2],"size":[4,12,4],"uv":{"north":{"uv":[4,20],"uv_size":[4,12]},"east":{"uv":[0,20],"uv_size":[4,12]},"south":{"uv":[12,20],"uv_size":[4,12]},"west":{"uv":[8,20],"uv_size":[4,12]},"up":{"uv":[4,16],"uv_size":[4,4]},"down":{"uv":[8,20],"uv_size":[4,-4]}}}]},{"name":"rightPants","parent":"rightLeg","pivot":[-1.9,12,0],"cubes":[{"origin":[-3.9,0,-2],"size":[4,12,4],"inflate":0.25,"uv":{"north":{"uv":[4,36],"uv_size":[4,12]},"east":{"uv":[0,36],"uv_size":[4,12]},"south":{"uv":[12,36],"uv_size":[4,12]},"west":{"uv":[8,36],"uv_size":[4,12]},"up":{"uv":[4,32],"uv_size":[4,4]},"down":{"uv":[8,36],"uv_size":[4,-4]}}}]}]}]}
