{"format_version":"1.12.0","minecraft:geometry":[{"description":{"identifier":"geometry.ore_golem","texture_width":64,"texture_height":64,"visible_bounds_width":3,"visible_bounds_height":3.25,"visible_bounds_offset":[0,0.375,0]},"bones":[{"name":"bone","pivot":[4,5,4]},{"name":"bone4","parent":"bone","pivot":[-4,5,4],"cubes":[{"origin":[-7.5,0,2],"size":[4,7,4],"pivot":[-4,5,4],"rotation":[0,0,10],"uv":[0,33],"mirror":true}]},{"name":"bone2","parent":"bone","pivot":[4,5,4],"cubes":[{"origin":[3.5,0,2],"size":[4,7,4],"pivot":[4,5,4],"rotation":[0,0,-10],"uv":[0,33]}]},{"name":"Body","parent":"bone","pivot":[4,5,4],"cubes":[{"origin":[-4.5,7,-1],"size":[9,15,8],"pivot":[1,9,6],"rotation":[65,0,0],"uv":[0,0]}]},{"name":"bone5","parent":"Body","pivot":[4,10,-5],"cubes":[{"origin":[4.5,8,-8],"size":[5,5,6],"uv":[42,7],"mirror":true},{"origin":[4.5,0,-7],"size":[4,12,4],"uv":[24,24],"mirror":true}]},{"name":"bone3","parent":"Body","pivot":[-4,10,-5],"cubes":[{"origin":[-8.5,0,-7],"size":[4,12,4],"uv":[24,24]},{"origin":[-9.45,8,-8],"size":[5,5,6],"uv":[42,7]}]},{"name":"headd","parent":"Body","pivot":[0,10,-7],"cubes":[{"origin":[-3.5,10,-12],"size":[7,5,5],"uv":[0,23]}]},{"name":"beak","parent":"headd","pivot":[0,10,-8],"cubes":[{"origin":[-3.5,8,-12],"size":[7,2,5],"uv":[26,0]},{"origin":[-2.5,9,-12.5],"size":[1,2,1],"uv":[0,23]},{"origin":[-4,9,-11],"size":[1,2,1],"uv":[0,0]},{"origin":[-0.5,9,-12.5],"size":[1,2,1],"uv":[4,4]},{"origin":[1.5,9,-12.5],"size":[1,2,1],"uv":[4,0]},{"origin":[3,9,-11],"size":[1,2,1],"uv":[0,3]}],"locators":{"breath":[0,9,-11]}},{"name":"eyebrows","parent":"headd","pivot":[0,10,-7]},{"name":"eyebrowL","parent":"eyebrows","pivot":[1.73254,13.14462,-12],"rotation":[0,0,22.5],"cubes":[{"origin":[1,11.7,-12.5],"size":[2,1,1],"pivot":[1,12.3,-12],"rotation":[0,0,-22.5],"uv":[19,23],"mirror":true}]},{"name":"eyebrowR","parent":"eyebrows","pivot":[-1.73254,12.54462,-12],"rotation":[0,0,-22.5],"cubes":[{"origin":[-3,11.7,-12.5],"size":[2,1,1],"pivot":[-1,11.7,-12],"rotation":[0,0,22.5],"uv":[19,23]}]},{"name":"bone7","parent":"Body","pivot":[-3,13.5,-5],"rotation":[0,-10,-27.5],"cubes":[{"origin":[-3,13.5,-5],"size":[2,5,2],"pivot":[-3,13.5,-5],"rotation":[-42.5,0,0],"uv":[56,57],"mirror":true},{"origin":[-3,15.5,-1],"size":[2,6,2],"pivot":[-3,13.5,-5],"rotation":[-42.5,0,0],"uv":[56,49],"mirror":true},{"origin":[-3,16.5,3],"size":[2,4,2],"pivot":[-3,13.5,-5],"rotation":[-42.5,0,0],"uv":[56,43],"mirror":true}]},{"name":"bone6","parent":"Body","pivot":[3,13.5,-5],"rotation":[0,10,27.5],"cubes":[{"origin":[1,13.5,-5],"size":[2,5,2],"pivot":[3,13.5,-5],"rotation":[-42.5,0,0],"uv":[56,57]},{"origin":[1,15.5,-1],"size":[2,6,2],"pivot":[3,13.5,-5],"rotation":[-42.5,0,0],"uv":[56,49]},{"origin":[1,16.5,3],"size":[2,4,2],"pivot":[3,13.5,-5],"rotation":[-42.5,0,0],"uv":[56,43]}]}]}]}
