{"format_version":"1.12.0","minecraft:geometry":[{"description":{"identifier":"geometry.pickaxe_upgrader","texture_width":64,"texture_height":64,"visible_bounds_width":4,"visible_bounds_height":2.5,"visible_bounds_offset":[0,0.75,0]},"bones":[{"name":"root","pivot":[0,0,0]},{"name":"anvil","parent":"root","pivot":[0,0,0],"cubes":[{"origin":[-2,5,-3],"size":[4,8,6],"uv":{"north":{"uv":[32,32],"uv_size":[32,32]},"east":{"uv":[32,32],"uv_size":[32,32]},"south":{"uv":[32,32],"uv_size":[32,32]},"west":{"uv":[32,32],"uv_size":[32,32]},"up":{"uv":[64,63],"uv_size":[-32,-31]},"down":{"uv":[64,63],"uv_size":[-32,-31]}}},{"origin":[-5,0,-5],"size":[10,4,10],"uv":{"north":{"uv":[32,32],"uv_size":[32,10]},"east":{"uv":[32,32],"uv_size":[32,10]},"south":{"uv":[32,32],"uv_size":[32,10]},"west":{"uv":[32,32],"uv_size":[32,10]},"up":{"uv":[64,63],"uv_size":[-32,-31]},"down":{"uv":[64,63],"uv_size":[-32,-31]}}},{"origin":[-5,10,-6],"size":[10,4,12],"uv":{"north":{"uv":[32,32],"uv_size":[32,10]},"east":{"uv":[32,32],"uv_size":[32,10]},"south":{"uv":[32,32],"uv_size":[32,10]},"west":{"uv":[32,32],"uv_size":[32,10]},"up":{"uv":[64,63],"uv_size":[-32,-31]},"down":{"uv":[64,63],"uv_size":[-32,-31]}}},{"origin":[-4.5,10,6],"size":[9,4,1],"uv":{"north":{"uv":[32,32],"uv_size":[32,10]},"east":{"uv":[32,32],"uv_size":[3,10]},"south":{"uv":[32,32],"uv_size":[32,10]},"west":{"uv":[32,32],"uv_size":[3,10]},"up":{"uv":[64,60],"uv_size":[-32,4]},"down":{"uv":[64,36],"uv_size":[-32,-4]}}},{"origin":[-4,10.5,-8],"size":[8,3.5,1],"uv":{"north":{"uv":[32,32],"uv_size":[32,10]},"east":{"uv":[37,32],"uv_size":[3,10]},"south":{"uv":[32,32],"uv_size":[32,10]},"west":{"uv":[37,32],"uv_size":[3,10]},"up":{"uv":[64,37],"uv_size":[-32,-4]},"down":{"uv":[64,36],"uv_size":[-32,-4]}}},{"origin":[-3,12,-9],"size":[6,2,1],"uv":{"north":{"uv":[32,32],"uv_size":[32,10]},"east":{"uv":[37,32],"uv_size":[3,10]},"south":{"uv":[32,32],"uv_size":[32,10]},"west":{"uv":[37,32],"uv_size":[3,10]},"up":{"uv":[64,39],"uv_size":[-32,4]},"down":{"uv":[64,36],"uv_size":[-32,-4]}}},{"origin":[-4.5,10,-7],"size":[9,4,1],"uv":{"north":{"uv":[32,32],"uv_size":[32,10]},"east":{"uv":[32,32],"uv_size":[3,10]},"south":{"uv":[32,32],"uv_size":[32,10]},"west":{"uv":[32,32],"uv_size":[3,10]},"up":{"uv":[64,36],"uv_size":[-32,4]},"down":{"uv":[64,36],"uv_size":[-32,-4]}}},{"origin":[-4,10.5,7],"size":[8,3.5,1],"uv":{"north":{"uv":[32,32],"uv_size":[32,10]},"east":{"uv":[37,32],"uv_size":[3,10]},"south":{"uv":[32,32],"uv_size":[32,10]},"west":{"uv":[37,32],"uv_size":[3,10]},"up":{"uv":[64,64],"uv_size":[-32,-4]},"down":{"uv":[64,36],"uv_size":[-32,-4]}}},{"origin":[-3,12,8],"size":[6,2,1],"uv":{"north":{"uv":[32,32],"uv_size":[32,10]},"east":{"uv":[37,32],"uv_size":[3,10]},"south":{"uv":[32,32],"uv_size":[32,10]},"west":{"uv":[37,32],"uv_size":[3,10]},"up":{"uv":[64,56],"uv_size":[-32,4]},"down":{"uv":[64,36],"uv_size":[-32,-4]}}},{"origin":[-3,4,-4],"size":[6,1,8],"uv":{"north":{"uv":[32,32],"uv_size":[32,10]},"east":{"uv":[32,32],"uv_size":[32,10]},"south":{"uv":[32,32],"uv_size":[32,10]},"west":{"uv":[32,32],"uv_size":[32,10]},"up":{"uv":[64,64],"uv_size":[-32,-31]},"down":{"uv":[64,63],"uv_size":[-32,-31]}}},{"origin":[-3,9,-4],"size":[6,1,8],"uv":{"north":{"uv":[32,32],"uv_size":[32,10]},"east":{"uv":[32,32],"uv_size":[32,10]},"south":{"uv":[32,32],"uv_size":[32,10]},"west":{"uv":[32,32],"uv_size":[32,10]},"up":{"uv":[64,64],"uv_size":[-32,-31]},"down":{"uv":[64,63],"uv_size":[-32,-31]}}}]},{"name":"pickaxe","parent":"root","pivot":[0,0,0],"cubes":[{"origin":[7,14,7],"size":[1,1.1,1],"uv":{"north":{"uv":[4,60],"uv_size":[1,1]},"east":{"uv":[4,60],"uv_size":[1,1]},"south":{"uv":[4,60],"uv_size":[1,1]},"west":{"uv":[4,60],"uv_size":[1,1]},"up":{"uv":[5,61],"uv_size":[-1,-1]},"down":{"uv":[5,61],"uv_size":[-1,-1]}}},{"origin":[7,14,6],"size":[1,1,1],"uv":{"north":{"uv":[4,58],"uv_size":[1,1]},"east":{"uv":[4,58],"uv_size":[1,1]},"south":{"uv":[4,58],"uv_size":[1,1]},"west":{"uv":[4,58],"uv_size":[1,1]},"up":{"uv":[5,59],"uv_size":[-1,-1]},"down":{"uv":[5,59],"uv_size":[-1,-1]}}},{"origin":[6,14,5],"size":[1,1,1],"uv":{"north":{"uv":[4,58],"uv_size":[1,1]},"east":{"uv":[4,58],"uv_size":[1,1]},"south":{"uv":[4,58],"uv_size":[1,1]},"west":{"uv":[4,58],"uv_size":[1,1]},"up":{"uv":[5,59],"uv_size":[-1,-1]},"down":{"uv":[5,59],"uv_size":[-1,-1]}}},{"origin":[5,14,4],"size":[1,1,1],"uv":{"north":{"uv":[4,58],"uv_size":[1,1]},"east":{"uv":[4,58],"uv_size":[1,1]},"south":{"uv":[4,58],"uv_size":[1,1]},"west":{"uv":[4,58],"uv_size":[1,1]},"up":{"uv":[5,59],"uv_size":[-1,-1]},"down":{"uv":[5,59],"uv_size":[-1,-1]}}},{"origin":[4,14,3],"size":[1,1,1],"uv":{"north":{"uv":[4,58],"uv_size":[1,1]},"east":{"uv":[4,58],"uv_size":[1,1]},"south":{"uv":[4,58],"uv_size":[1,1]},"west":{"uv":[4,58],"uv_size":[1,1]},"up":{"uv":[5,59],"uv_size":[-1,-1]},"down":{"uv":[5,59],"uv_size":[-1,-1]}}},{"origin":[3,14,2],"size":[1,1,1],"uv":{"north":{"uv":[4,58],"uv_size":[1,1]},"east":{"uv":[4,58],"uv_size":[1,1]},"south":{"uv":[4,58],"uv_size":[1,1]},"west":{"uv":[4,58],"uv_size":[1,1]},"up":{"uv":[5,59],"uv_size":[-1,-1]},"down":{"uv":[5,59],"uv_size":[-1,-1]}}},{"origin":[2,14,1],"size":[1,1,1],"uv":{"north":{"uv":[4,58],"uv_size":[1,1]},"east":{"uv":[4,58],"uv_size":[1,1]},"south":{"uv":[4,58],"uv_size":[1,1]},"west":{"uv":[4,58],"uv_size":[1,1]},"up":{"uv":[5,59],"uv_size":[-1,-1]},"down":{"uv":[5,59],"uv_size":[-1,-1]}}},{"origin":[1,14,0],"size":[1,1,1],"uv":{"north":{"uv":[4,58],"uv_size":[1,1]},"east":{"uv":[4,58],"uv_size":[1,1]},"south":{"uv":[4,58],"uv_size":[1,1]},"west":{"uv":[4,58],"uv_size":[1,1]},"up":{"uv":[5,59],"uv_size":[-1,-1]},"down":{"uv":[5,59],"uv_size":[-1,-1]}}},{"origin":[0,14,-1],"size":[1,1,1],"uv":{"north":{"uv":[4,58],"uv_size":[1,1]},"east":{"uv":[4,58],"uv_size":[1,1]},"south":{"uv":[4,58],"uv_size":[1,1]},"west":{"uv":[4,58],"uv_size":[1,1]},"up":{"uv":[5,59],"uv_size":[-1,-1]},"down":{"uv":[5,59],"uv_size":[-1,-1]}}},{"origin":[-2,14,-3],"size":[1,1,1],"uv":{"north":{"uv":[4,58],"uv_size":[1,1]},"east":{"uv":[4,58],"uv_size":[1,1]},"south":{"uv":[4,58],"uv_size":[1,1]},"west":{"uv":[4,58],"uv_size":[1,1]},"up":{"uv":[5,59],"uv_size":[-1,-1]},"down":{"uv":[5,59],"uv_size":[-1,-1]}}},{"origin":[6,14,7],"size":[1,1,1],"uv":{"north":{"uv":[6,60],"uv_size":[1,1]},"east":{"uv":[6,60],"uv_size":[1,1]},"south":{"uv":[6,60],"uv_size":[1,1]},"west":{"uv":[6,60],"uv_size":[1,1]},"up":{"uv":[7,61],"uv_size":[-1,-1]},"down":{"uv":[7,61],"uv_size":[-1,-1]}}},{"origin":[5,14,6],"size":[1,1,1],"uv":{"north":{"uv":[6,60],"uv_size":[1,1]},"east":{"uv":[6,60],"uv_size":[1,1]},"south":{"uv":[6,60],"uv_size":[1,1]},"west":{"uv":[6,60],"uv_size":[1,1]},"up":{"uv":[7,61],"uv_size":[-1,-1]},"down":{"uv":[7,61],"uv_size":[-1,-1]}}},{"origin":[4,14,5],"size":[1,1,1],"uv":{"north":{"uv":[6,60],"uv_size":[1,1]},"east":{"uv":[6,60],"uv_size":[1,1]},"south":{"uv":[6,60],"uv_size":[1,1]},"west":{"uv":[6,60],"uv_size":[1,1]},"up":{"uv":[7,61],"uv_size":[-1,-1]},"down":{"uv":[7,61],"uv_size":[-1,-1]}}},{"origin":[3,14,4],"size":[1,1,1],"uv":{"north":{"uv":[6,60],"uv_size":[1,1]},"east":{"uv":[6,60],"uv_size":[1,1]},"south":{"uv":[6,60],"uv_size":[1,1]},"west":{"uv":[6,60],"uv_size":[1,1]},"up":{"uv":[7,61],"uv_size":[-1,-1]},"down":{"uv":[7,61],"uv_size":[-1,-1]}}},{"origin":[2,14,3],"size":[1,1,1],"uv":{"north":{"uv":[6,60],"uv_size":[1,1]},"east":{"uv":[6,60],"uv_size":[1,1]},"south":{"uv":[6,60],"uv_size":[1,1]},"west":{"uv":[6,60],"uv_size":[1,1]},"up":{"uv":[7,61],"uv_size":[-1,-1]},"down":{"uv":[7,61],"uv_size":[-1,-1]}}},{"origin":[1,14,2],"size":[1,1,1],"uv":{"north":{"uv":[6,60],"uv_size":[1,1]},"east":{"uv":[6,60],"uv_size":[1,1]},"south":{"uv":[6,60],"uv_size":[1,1]},"west":{"uv":[6,60],"uv_size":[1,1]},"up":{"uv":[7,61],"uv_size":[-1,-1]},"down":{"uv":[7,61],"uv_size":[-1,-1]}}},{"origin":[0,14,1],"size":[1,1,1],"uv":{"north":{"uv":[6,60],"uv_size":[1,1]},"east":{"uv":[6,60],"uv_size":[1,1]},"south":{"uv":[6,60],"uv_size":[1,1]},"west":{"uv":[6,60],"uv_size":[1,1]},"up":{"uv":[7,61],"uv_size":[-1,-1]},"down":{"uv":[7,61],"uv_size":[-1,-1]}}},{"origin":[-1,14,0],"size":[1,1,1],"uv":{"north":{"uv":[6,60],"uv_size":[1,1]},"east":{"uv":[6,60],"uv_size":[1,1]},"south":{"uv":[6,60],"uv_size":[1,1]},"west":{"uv":[6,60],"uv_size":[1,1]},"up":{"uv":[7,61],"uv_size":[-1,-1]},"down":{"uv":[7,61],"uv_size":[-1,-1]}}},{"origin":[-3,14,-2],"size":[1,1,1],"uv":{"north":{"uv":[6,60],"uv_size":[1,1]},"east":{"uv":[6,60],"uv_size":[1,1]},"south":{"uv":[6,60],"uv_size":[1,1]},"west":{"uv":[6,60],"uv_size":[1,1]},"up":{"uv":[7,61],"uv_size":[-1,-1]},"down":{"uv":[7,61],"uv_size":[-1,-1]}}},{"origin":[5,14,5],"size":[1,1.1,1],"uv":{"north":{"uv":[8,56],"uv_size":[1,1]},"east":{"uv":[8,56],"uv_size":[1,1]},"south":{"uv":[8,56],"uv_size":[1,1]},"west":{"uv":[8,56],"uv_size":[1,1]},"up":{"uv":[9,57],"uv_size":[-1,-1]},"down":{"uv":[9,57],"uv_size":[-1,-1]}}},{"origin":[3,14,3],"size":[1,1.1,1],"uv":{"north":{"uv":[8,56],"uv_size":[1,1]},"east":{"uv":[8,56],"uv_size":[1,1]},"south":{"uv":[8,56],"uv_size":[1,1]},"west":{"uv":[8,56],"uv_size":[1,1]},"up":{"uv":[9,57],"uv_size":[-1,-1]},"down":{"uv":[9,57],"uv_size":[-1,-1]}}},{"origin":[1,14,1],"size":[1,1.1,1],"uv":{"north":{"uv":[8,56],"uv_size":[1,1]},"east":{"uv":[8,56],"uv_size":[1,1]},"south":{"uv":[8,56],"uv_size":[1,1]},"west":{"uv":[8,56],"uv_size":[1,1]},"up":{"uv":[9,57],"uv_size":[-1,-1]},"down":{"uv":[9,57],"uv_size":[-1,-1]}}},{"origin":[-3,14,-3],"size":[1,1.1,1],"uv":{"north":{"uv":[8,56],"uv_size":[1,1]},"east":{"uv":[8,56],"uv_size":[1,1]},"south":{"uv":[8,56],"uv_size":[1,1]},"west":{"uv":[8,56],"uv_size":[1,1]},"up":{"uv":[9,57],"uv_size":[-1,-1]},"down":{"uv":[9,57],"uv_size":[-1,-1]}}},{"origin":[6,14,6],"size":[1,1.1,1],"uv":{"north":{"uv":[6,58],"uv_size":[1,1]},"east":{"uv":[6,58],"uv_size":[1,1]},"south":{"uv":[6,58],"uv_size":[1,1]},"west":{"uv":[6,58],"uv_size":[1,1]},"up":{"uv":[7,59],"uv_size":[-1,-1]},"down":{"uv":[7,59],"uv_size":[-1,-1]}}},{"origin":[4,14,4],"size":[1,1.1,1],"uv":{"north":{"uv":[6,58],"uv_size":[1,1]},"east":{"uv":[6,58],"uv_size":[1,1]},"south":{"uv":[6,58],"uv_size":[1,1]},"west":{"uv":[6,58],"uv_size":[1,1]},"up":{"uv":[7,59],"uv_size":[-1,-1]},"down":{"uv":[7,59],"uv_size":[-1,-1]}}},{"origin":[2,14,2],"size":[1,1.1,1],"uv":{"north":{"uv":[6,58],"uv_size":[1,1]},"east":{"uv":[6,58],"uv_size":[1,1]},"south":{"uv":[6,58],"uv_size":[1,1]},"west":{"uv":[6,58],"uv_size":[1,1]},"up":{"uv":[7,59],"uv_size":[-1,-1]},"down":{"uv":[7,59],"uv_size":[-1,-1]}}},{"origin":[0,14,0],"size":[1,1.1,1],"uv":{"north":{"uv":[6,58],"uv_size":[1,1]},"east":{"uv":[6,58],"uv_size":[1,1]},"south":{"uv":[6,58],"uv_size":[1,1]},"west":{"uv":[6,58],"uv_size":[1,1]},"up":{"uv":[7,59],"uv_size":[-1,-1]},"down":{"uv":[7,59],"uv_size":[-1,-1]}}},{"origin":[-2,14,-2],"size":[1,1.1,1],"uv":{"north":{"uv":[6,58],"uv_size":[1,1]},"east":{"uv":[6,58],"uv_size":[1,1]},"south":{"uv":[6,58],"uv_size":[1,1]},"west":{"uv":[6,58],"uv_size":[1,1]},"up":{"uv":[7,59],"uv_size":[-1,-1]},"down":{"uv":[7,59],"uv_size":[-1,-1]}}},{"origin":[-1,14,-1],"size":[1,1.3,1],"uv":{"north":{"uv":[22,42],"uv_size":[1,1]},"east":{"uv":[22,42],"uv_size":[1,1]},"south":{"uv":[22,42],"uv_size":[1,1]},"west":{"uv":[22,42],"uv_size":[1,1]},"up":{"uv":[23,43],"uv_size":[-1,-1]},"down":{"uv":[23,43],"uv_size":[-1,-1]}}},{"origin":[-3,14,0],"size":[1,1.3,1],"uv":{"north":{"uv":[22,42],"uv_size":[1,1]},"east":{"uv":[22,42],"uv_size":[1,1]},"south":{"uv":[22,42],"uv_size":[1,1]},"west":{"uv":[22,42],"uv_size":[1,1]},"up":{"uv":[23,43],"uv_size":[-1,-1]},"down":{"uv":[23,43],"uv_size":[-1,-1]}}},{"origin":[-3,14,4],"size":[1,1.3,1],"uv":{"north":{"uv":[22,42],"uv_size":[1,1]},"east":{"uv":[22,42],"uv_size":[1,1]},"south":{"uv":[22,42],"uv_size":[1,1]},"west":{"uv":[22,42],"uv_size":[1,1]},"up":{"uv":[23,43],"uv_size":[-1,-1]},"down":{"uv":[23,43],"uv_size":[-1,-1]}}},{"origin":[-3,14,3],"size":[1,1.3,1],"uv":{"north":{"uv":[25,50],"uv_size":[1,1]},"east":{"uv":[25,50],"uv_size":[1,1]},"south":{"uv":[25,50],"uv_size":[1,1]},"west":{"uv":[25,50],"uv_size":[1,1]},"up":{"uv":[26,51],"uv_size":[-1,-1]},"down":{"uv":[26,51],"uv_size":[-1,-1]}}},{"origin":[3,14,-3],"size":[1,1.3,1],"uv":{"north":{"uv":[25,50],"uv_size":[1,1]},"east":{"uv":[25,50],"uv_size":[1,1]},"south":{"uv":[25,50],"uv_size":[1,1]},"west":{"uv":[25,50],"uv_size":[1,1]},"up":{"uv":[26,51],"uv_size":[-1,-1]},"down":{"uv":[26,51],"uv_size":[-1,-1]}}},{"origin":[4,14,-3],"size":[1,1.3,1],"uv":{"north":{"uv":[22,42],"uv_size":[1,1]},"east":{"uv":[22,42],"uv_size":[1,1]},"south":{"uv":[22,42],"uv_size":[1,1]},"west":{"uv":[22,42],"uv_size":[1,1]},"up":{"uv":[23,43],"uv_size":[-1,-1]},"down":{"uv":[23,43],"uv_size":[-1,-1]}}},{"origin":[0,14,-3],"size":[1,1.3,1],"uv":{"north":{"uv":[22,42],"uv_size":[1,1]},"east":{"uv":[22,42],"uv_size":[1,1]},"south":{"uv":[22,42],"uv_size":[1,1]},"west":{"uv":[22,42],"uv_size":[1,1]},"up":{"uv":[23,43],"uv_size":[-1,-1]},"down":{"uv":[23,43],"uv_size":[-1,-1]}}},{"origin":[-1,14,-2],"size":[2,1.3,1],"uv":{"north":{"uv":[26,47],"uv_size":[1,1]},"east":{"uv":[26,47],"uv_size":[1,1]},"south":{"uv":[26,47],"uv_size":[1,1]},"west":{"uv":[26,47],"uv_size":[1,1]},"up":{"uv":[27,48],"uv_size":[-1,-1]},"down":{"uv":[27,48],"uv_size":[-1,-1]}}},{"origin":[-2,14,-1],"size":[1,1.3,2],"uv":{"north":{"uv":[26,47],"uv_size":[1,1]},"east":{"uv":[26,47],"uv_size":[1,1]},"south":{"uv":[26,47],"uv_size":[1,1]},"west":{"uv":[26,47],"uv_size":[1,1]},"up":{"uv":[27,48],"uv_size":[-1,-1]},"down":{"uv":[27,48],"uv_size":[-1,-1]}}},{"origin":[-3,14,1],"size":[1,1.3,2],"uv":{"north":{"uv":[26,47],"uv_size":[1,1]},"east":{"uv":[26,47],"uv_size":[1,1]},"south":{"uv":[26,47],"uv_size":[1,1]},"west":{"uv":[26,47],"uv_size":[1,1]},"up":{"uv":[27,48],"uv_size":[-1,-1]},"down":{"uv":[27,48],"uv_size":[-1,-1]}}},{"origin":[1,14,-3],"size":[2,1.3,1],"uv":{"north":{"uv":[26,47],"uv_size":[1,1]},"east":{"uv":[26,47],"uv_size":[1,1]},"south":{"uv":[26,47],"uv_size":[1,1]},"west":{"uv":[26,47],"uv_size":[1,1]},"up":{"uv":[27,48],"uv_size":[-1,-1]},"down":{"uv":[27,48],"uv_size":[-1,-1]}}},{"origin":[1,14,-2],"size":[4,1.3,1],"uv":{"north":{"uv":[23,47],"uv_size":[1,1]},"east":{"uv":[23,47],"uv_size":[1,1]},"south":{"uv":[23,47],"uv_size":[1,1]},"west":{"uv":[23,47],"uv_size":[1,1]},"up":{"uv":[24,48],"uv_size":[-1,-1]},"down":{"uv":[24,48],"uv_size":[-1,-1]}}},{"origin":[-2,14,1],"size":[1,1.3,4],"uv":{"north":{"uv":[23,47],"uv_size":[1,1]},"east":{"uv":[23,47],"uv_size":[1,1]},"south":{"uv":[23,47],"uv_size":[1,1]},"west":{"uv":[23,47],"uv_size":[1,1]},"up":{"uv":[24,48],"uv_size":[-1,-1]},"down":{"uv":[24,48],"uv_size":[-1,-1]}}},{"origin":[-4,14,0],"size":[1,1.3,5],"uv":{"north":{"uv":[23,47],"uv_size":[1,1]},"east":{"uv":[23,47],"uv_size":[1,1]},"south":{"uv":[23,47],"uv_size":[1,1]},"west":{"uv":[23,47],"uv_size":[1,1]},"up":{"uv":[24,48],"uv_size":[-1,-1]},"down":{"uv":[24,48],"uv_size":[-1,-1]}}},{"origin":[0,14,-4],"size":[5,1.3,1],"uv":{"north":{"uv":[23,47],"uv_size":[1,1]},"east":{"uv":[23,47],"uv_size":[1,1]},"south":{"uv":[23,47],"uv_size":[1,1]},"west":{"uv":[23,47],"uv_size":[1,1]},"up":{"uv":[24,48],"uv_size":[-1,-1]},"down":{"uv":[24,48],"uv_size":[-1,-1]}}},{"origin":[5,14,-3],"size":[1,1.3,1],"uv":{"north":{"uv":[23,47],"uv_size":[1,1]},"east":{"uv":[23,47],"uv_size":[1,1]},"south":{"uv":[23,47],"uv_size":[1,1]},"west":{"uv":[23,47],"uv_size":[1,1]},"up":{"uv":[24,48],"uv_size":[-1,-1]},"down":{"uv":[24,48],"uv_size":[-1,-1]}}},{"origin":[-1,14,-3],"size":[1,1.3,1],"uv":{"north":{"uv":[23,47],"uv_size":[1,1]},"east":{"uv":[23,47],"uv_size":[1,1]},"south":{"uv":[23,47],"uv_size":[1,1]},"west":{"uv":[23,47],"uv_size":[1,1]},"up":{"uv":[24,48],"uv_size":[-1,-1]},"down":{"uv":[24,48],"uv_size":[-1,-1]}}},{"origin":[-3,14,-1],"size":[1,1.3,1],"uv":{"north":{"uv":[23,47],"uv_size":[1,1]},"east":{"uv":[23,47],"uv_size":[1,1]},"south":{"uv":[23,47],"uv_size":[1,1]},"west":{"uv":[23,47],"uv_size":[1,1]},"up":{"uv":[24,48],"uv_size":[-1,-1]},"down":{"uv":[24,48],"uv_size":[-1,-1]}}},{"origin":[-3,14,5],"size":[1,1.3,1],"uv":{"north":{"uv":[23,47],"uv_size":[1,1]},"east":{"uv":[23,47],"uv_size":[1,1]},"south":{"uv":[23,47],"uv_size":[1,1]},"west":{"uv":[23,47],"uv_size":[1,1]},"up":{"uv":[24,48],"uv_size":[-1,-1]},"down":{"uv":[24,48],"uv_size":[-1,-1]}}}]},{"name":"hammer","parent":"root","pivot":[-17,10,2],"cubes":[{"origin":[-19,0,0],"size":[4,1,4],"uv":{"north":{"uv":[32,32],"uv_size":[22,10]},"east":{"uv":[32,32],"uv_size":[13,2]},"south":{"uv":[32,32],"uv_size":[13,2]},"west":{"uv":[32,32],"uv_size":[13,2]},"up":{"uv":[64,64],"uv_size":[-32,-32]},"down":{"uv":[63,64],"uv_size":[-31,-32]}}},{"origin":[-19,9,0],"size":[4,1,4],"uv":{"north":{"uv":[32,32],"uv_size":[22,10]},"east":{"uv":[32,32],"uv_size":[13,2]},"south":{"uv":[32,32],"uv_size":[13,2]},"west":{"uv":[32,32],"uv_size":[13,2]},"up":{"uv":[64,64],"uv_size":[-32,-32]},"down":{"uv":[63,64],"uv_size":[-31,-32]}}},{"origin":[-21,14,-1],"size":[8,6,6],"uv":{"north":{"uv":[32,32],"uv_size":[32,32]},"east":{"uv":[32,32],"uv_size":[32,32]},"south":{"uv":[32,32],"uv_size":[32,32]},"west":{"uv":[32,32],"uv_size":[32,32]},"up":{"uv":[64,64],"uv_size":[-32,-32]},"down":{"uv":[64,64],"uv_size":[-32,-32]}}},{"origin":[-13,13,-2],"size":[2,8,8],"uv":{"north":{"uv":[39,64],"uv_size":[-7,-31]},"east":{"uv":[64,64],"uv_size":[-32,-31]},"south":{"uv":[39,64],"uv_size":[-7,-31]},"west":{"uv":[64,64],"uv_size":[-32,-31]},"up":{"uv":[39,64],"uv_size":[-7,-31]},"down":{"uv":[39,64],"uv_size":[-7,-31]}}},{"origin":[-23,13,-2],"size":[2,8,8],"uv":{"north":{"uv":[64,64],"uv_size":[-32,-31]},"east":{"uv":[64,64],"uv_size":[-32,-31]},"south":{"uv":[64,64],"uv_size":[-32,-31]},"west":{"uv":[64,64],"uv_size":[-32,-31]},"up":{"uv":[64,64],"uv_size":[-32,-31]},"down":{"uv":[64,64],"uv_size":[-32,-31]}}},{"origin":[-18,1,1],"size":[2,20,2],"uv":{"north":{"uv":[32,1],"uv_size":[2,31]},"east":{"uv":[35,1],"uv_size":[2,31]},"south":{"uv":[38,1],"uv_size":[2,31]},"west":{"uv":[41,1],"uv_size":[2,31]},"up":{"uv":[56,30],"uv_size":[-6,-6]},"down":{"uv":[64,32],"uv_size":[-32,-31]}}}]}]}]}
