{"format_version":"1.12.0","minecraft:geometry":[{"description":{"identifier":"geometry.postsign","texture_width":600,"texture_height":600,"visible_bounds_width":4,"visible_bounds_height":4,"visible_bounds_offset":[0,1,0]},"bones":[{"name":"root","pivot":[0,0,0],"cubes":[{"origin":[-24,-16,7.7],"size":[48,48,0.001],"uv":{"north":{"uv":[0,0],"uv_size":[600,600]},"east":{"uv":[0,0],"uv_size":[1,16]},"south":{"uv":[0,0],"uv_size":[0,0]},"west":{"uv":[0,0],"uv_size":[1,16]},"up":{"uv":[16,1],"uv_size":[-16,-1]},"down":{"uv":[16,1],"uv_size":[-16,-1]}}}]}]}]}
