{"format_version":"1.12.0","minecraft:geometry":[{"description":{"identifier":"geometry.pouch_entity","texture_width":16,"texture_height":16,"visible_bounds_width":3,"visible_bounds_height":3.5,"visible_bounds_offset":[0,1.25,0]},"bones":[{"name":"mark","pivot":[0,12.33333,-0.52782]},{"name":"point","parent":"mark","pivot":[0,12.33333,-0.52782],"cubes":[{"origin":[-1,20.33333,-1.52782],"size":[2,2,2],"uv":{"north":{"uv":[7,5],"uv_size":[1,1]},"east":{"uv":[7,5],"uv_size":[1,1]},"south":{"uv":[7,5],"uv_size":[1,1]},"west":{"uv":[7,5],"uv_size":[1,1]},"up":{"uv":[8,6],"uv_size":[-1,-1]},"down":{"uv":[8,6],"uv_size":[-1,-1]}}}]},{"name":"stripe","parent":"mark","pivot":[0,12.33333,-0.52782],"cubes":[{"origin":[-1,23.33333,-1.52782],"size":[2,6,2],"pivot":[0,23.33333,-0.52782],"rotation":[0,0,-5],"uv":{"north":{"uv":[7,5],"uv_size":[1,1]},"east":{"uv":[7,5],"uv_size":[1,1]},"south":{"uv":[7,5],"uv_size":[1,1]},"west":{"uv":[7,5],"uv_size":[1,1]},"up":{"uv":[8,6],"uv_size":[-1,-1]},"down":{"uv":[8,6],"uv_size":[-1,-1]}}},{"origin":[-1,23.33333,-1.52782],"size":[2,6,2],"pivot":[0,23.33333,-0.52782],"rotation":[0,0,5],"uv":{"north":{"uv":[7,5],"uv_size":[1,1]},"east":{"uv":[7,5],"uv_size":[1,1]},"south":{"uv":[7,5],"uv_size":[1,1]},"west":{"uv":[7,5],"uv_size":[1,1]},"up":{"uv":[8,6],"uv_size":[-1,-1]},"down":{"uv":[8,6],"uv_size":[-1,-1]}}},{"origin":[-1,23.33333,-1.52782],"size":[2,6,2],"uv":{"north":{"uv":[7,5],"uv_size":[1,1]},"east":{"uv":[7,5],"uv_size":[1,1]},"south":{"uv":[7,5],"uv_size":[1,1]},"west":{"uv":[7,5],"uv_size":[1,1]},"up":{"uv":[8,6],"uv_size":[-1,-1]},"down":{"uv":[8,6],"uv_size":[-1,-1]}}}]},{"name":"root","pivot":[0,8.33333,-0.52782]},{"name":"pouch","parent":"root","pivot":[0,8.33333,-0.52782]},{"name":"kenshapegen","parent":"pouch","pivot":[0,0,0],"cubes":[{"origin":[-6,6,-0.5],"size":[1,1,1],"uv":{"north":{"uv":[2,9],"uv_size":[1,1]},"east":{"uv":[2,9],"uv_size":[1,1]},"south":{"uv":[2,9],"uv_size":[1,1]},"west":{"uv":[2,9],"uv_size":[1,1]},"up":{"uv":[3,10],"uv_size":[-1,-1]},"down":{"uv":[3,10],"uv_size":[-1,-1]}}},{"origin":[-6,5,-0.5],"size":[1,1,1],"uv":{"north":{"uv":[2,10],"uv_size":[1,1]},"east":{"uv":[2,10],"uv_size":[1,1]},"south":{"uv":[2,10],"uv_size":[1,1]},"west":{"uv":[2,10],"uv_size":[1,1]},"up":{"uv":[3,11],"uv_size":[-1,-1]},"down":{"uv":[3,11],"uv_size":[-1,-1]}}},{"origin":[-6,4,-0.5],"size":[1,1,1],"uv":{"north":{"uv":[2,11],"uv_size":[1,1]},"east":{"uv":[2,11],"uv_size":[1,1]},"south":{"uv":[2,11],"uv_size":[1,1]},"west":{"uv":[2,11],"uv_size":[1,1]},"up":{"uv":[3,12],"uv_size":[-1,-1]},"down":{"uv":[3,12],"uv_size":[-1,-1]}}},{"origin":[-6,3,-0.5],"size":[1,1,1],"uv":{"north":{"uv":[2,12],"uv_size":[1,1]},"east":{"uv":[2,12],"uv_size":[1,1]},"south":{"uv":[2,12],"uv_size":[1,1]},"west":{"uv":[2,12],"uv_size":[1,1]},"up":{"uv":[3,13],"uv_size":[-1,-1]},"down":{"uv":[3,13],"uv_size":[-1,-1]}}},{"origin":[-5,8,-0.5],"size":[1,1,1],"uv":{"north":{"uv":[3,7],"uv_size":[1,1]},"east":{"uv":[3,7],"uv_size":[1,1]},"south":{"uv":[3,7],"uv_size":[1,1]},"west":{"uv":[3,7],"uv_size":[1,1]},"up":{"uv":[4,8],"uv_size":[-1,-1]},"down":{"uv":[4,8],"uv_size":[-1,-1]}}},{"origin":[-5,7,-0.5],"size":[1,1,1],"uv":{"north":{"uv":[3,8],"uv_size":[1,1]},"east":{"uv":[3,8],"uv_size":[1,1]},"south":{"uv":[3,8],"uv_size":[1,1]},"west":{"uv":[3,8],"uv_size":[1,1]},"up":{"uv":[4,9],"uv_size":[-1,-1]},"down":{"uv":[4,9],"uv_size":[-1,-1]}}},{"origin":[-5,6,-0.5],"size":[1,1,1],"uv":{"north":{"uv":[3,9],"uv_size":[1,1]},"east":{"uv":[3,9],"uv_size":[1,1]},"south":{"uv":[3,9],"uv_size":[1,1]},"west":{"uv":[3,9],"uv_size":[1,1]},"up":{"uv":[4,10],"uv_size":[-1,-1]},"down":{"uv":[4,10],"uv_size":[-1,-1]}}},{"origin":[-5,5,-0.5],"size":[1,1,1],"uv":{"north":{"uv":[3,10],"uv_size":[1,1]},"east":{"uv":[3,10],"uv_size":[1,1]},"south":{"uv":[3,10],"uv_size":[1,1]},"west":{"uv":[3,10],"uv_size":[1,1]},"up":{"uv":[4,11],"uv_size":[-1,-1]},"down":{"uv":[4,11],"uv_size":[-1,-1]}}},{"origin":[-5,4,-0.5],"size":[1,1,1],"uv":{"north":{"uv":[3,11],"uv_size":[1,1]},"east":{"uv":[3,11],"uv_size":[1,1]},"south":{"uv":[3,11],"uv_size":[1,1]},"west":{"uv":[3,11],"uv_size":[1,1]},"up":{"uv":[4,12],"uv_size":[-1,-1]},"down":{"uv":[4,12],"uv_size":[-1,-1]}}},{"origin":[-5,3,-0.5],"size":[1,1,1],"uv":{"north":{"uv":[3,12],"uv_size":[1,1]},"east":{"uv":[3,12],"uv_size":[1,1]},"south":{"uv":[3,12],"uv_size":[1,1]},"west":{"uv":[3,12],"uv_size":[1,1]},"up":{"uv":[4,13],"uv_size":[-1,-1]},"down":{"uv":[4,13],"uv_size":[-1,-1]}}},{"origin":[-5,2,-0.5],"size":[1,1,1],"uv":{"north":{"uv":[3,13],"uv_size":[1,1]},"east":{"uv":[3,13],"uv_size":[1,1]},"south":{"uv":[3,13],"uv_size":[1,1]},"west":{"uv":[3,13],"uv_size":[1,1]},"up":{"uv":[4,14],"uv_size":[-1,-1]},"down":{"uv":[4,14],"uv_size":[-1,-1]}}},{"origin":[-4,12,-0.5],"size":[1,1,1],"uv":{"north":{"uv":[4,3],"uv_size":[1,1]},"east":{"uv":[4,3],"uv_size":[1,1]},"south":{"uv":[4,3],"uv_size":[1,1]},"west":{"uv":[4,3],"uv_size":[1,1]},"up":{"uv":[5,4],"uv_size":[-1,-1]},"down":{"uv":[5,4],"uv_size":[-1,-1]}}},{"origin":[-4,9,-0.5],"size":[1,1,1],"uv":{"north":{"uv":[4,6],"uv_size":[1,1]},"east":{"uv":[4,6],"uv_size":[1,1]},"south":{"uv":[4,6],"uv_size":[1,1]},"west":{"uv":[4,6],"uv_size":[1,1]},"up":{"uv":[5,7],"uv_size":[-1,-1]},"down":{"uv":[5,7],"uv_size":[-1,-1]}}},{"origin":[-4,8,-0.5],"size":[1,1,1],"uv":{"north":{"uv":[4,7],"uv_size":[1,1]},"east":{"uv":[4,7],"uv_size":[1,1]},"south":{"uv":[4,7],"uv_size":[1,1]},"west":{"uv":[4,7],"uv_size":[1,1]},"up":{"uv":[5,8],"uv_size":[-1,-1]},"down":{"uv":[5,8],"uv_size":[-1,-1]}}},{"origin":[-4,7,-0.5],"size":[1,1,1],"uv":{"north":{"uv":[4,8],"uv_size":[1,1]},"east":{"uv":[4,8],"uv_size":[1,1]},"south":{"uv":[4,8],"uv_size":[1,1]},"west":{"uv":[4,8],"uv_size":[1,1]},"up":{"uv":[5,9],"uv_size":[-1,-1]},"down":{"uv":[5,9],"uv_size":[-1,-1]}}},{"origin":[-4,6,-0.5],"size":[1,1,1],"uv":{"north":{"uv":[4,9],"uv_size":[1,1]},"east":{"uv":[4,9],"uv_size":[1,1]},"south":{"uv":[4,9],"uv_size":[1,1]},"west":{"uv":[4,9],"uv_size":[1,1]},"up":{"uv":[5,10],"uv_size":[-1,-1]},"down":{"uv":[5,10],"uv_size":[-1,-1]}}},{"origin":[-4,5,-0.5],"size":[1,1,1],"uv":{"north":{"uv":[4,10],"uv_size":[1,1]},"east":{"uv":[4,10],"uv_size":[1,1]},"south":{"uv":[4,10],"uv_size":[1,1]},"west":{"uv":[4,10],"uv_size":[1,1]},"up":{"uv":[5,11],"uv_size":[-1,-1]},"down":{"uv":[5,11],"uv_size":[-1,-1]}}},{"origin":[-4,4,-0.5],"size":[1,1,1],"uv":{"north":{"uv":[4,11],"uv_size":[1,1]},"east":{"uv":[4,11],"uv_size":[1,1]},"south":{"uv":[4,11],"uv_size":[1,1]},"west":{"uv":[4,11],"uv_size":[1,1]},"up":{"uv":[5,12],"uv_size":[-1,-1]},"down":{"uv":[5,12],"uv_size":[-1,-1]}}},{"origin":[-4,3,-0.5],"size":[1,1,1],"uv":{"north":{"uv":[4,12],"uv_size":[1,1]},"east":{"uv":[4,12],"uv_size":[1,1]},"south":{"uv":[4,12],"uv_size":[1,1]},"west":{"uv":[4,12],"uv_size":[1,1]},"up":{"uv":[5,13],"uv_size":[-1,-1]},"down":{"uv":[5,13],"uv_size":[-1,-1]}}},{"origin":[-4,2,-0.5],"size":[1,1,1],"uv":{"north":{"uv":[4,13],"uv_size":[1,1]},"east":{"uv":[4,13],"uv_size":[1,1]},"south":{"uv":[4,13],"uv_size":[1,1]},"west":{"uv":[4,13],"uv_size":[1,1]},"up":{"uv":[5,14],"uv_size":[-1,-1]},"down":{"uv":[5,14],"uv_size":[-1,-1]}}},{"origin":[-3,13,-0.5],"size":[1,1,1],"uv":{"north":{"uv":[5,2],"uv_size":[1,1]},"east":{"uv":[5,2],"uv_size":[1,1]},"south":{"uv":[5,2],"uv_size":[1,1]},"west":{"uv":[5,2],"uv_size":[1,1]},"up":{"uv":[6,3],"uv_size":[-1,-1]},"down":{"uv":[6,3],"uv_size":[-1,-1]}}},{"origin":[-3,12,-0.5],"size":[1,1,1],"uv":{"north":{"uv":[5,3],"uv_size":[1,1]},"east":{"uv":[5,3],"uv_size":[1,1]},"south":{"uv":[5,3],"uv_size":[1,1]},"west":{"uv":[5,3],"uv_size":[1,1]},"up":{"uv":[6,4],"uv_size":[-1,-1]},"down":{"uv":[6,4],"uv_size":[-1,-1]}}},{"origin":[-3,10,-0.5],"size":[1,1,1],"uv":{"north":{"uv":[5,5],"uv_size":[1,1]},"east":{"uv":[5,5],"uv_size":[1,1]},"south":{"uv":[5,5],"uv_size":[1,1]},"west":{"uv":[5,5],"uv_size":[1,1]},"up":{"uv":[6,6],"uv_size":[-1,-1]},"down":{"uv":[6,6],"uv_size":[-1,-1]}}},{"origin":[-3,9,-0.5],"size":[1,1,1],"uv":{"north":{"uv":[5,6],"uv_size":[1,1]},"east":{"uv":[5,6],"uv_size":[1,1]},"south":{"uv":[5,6],"uv_size":[1,1]},"west":{"uv":[5,6],"uv_size":[1,1]},"up":{"uv":[6,7],"uv_size":[-1,-1]},"down":{"uv":[6,7],"uv_size":[-1,-1]}}},{"origin":[-3,8,-0.5],"size":[1,1,1],"uv":{"north":{"uv":[5,7],"uv_size":[1,1]},"east":{"uv":[5,7],"uv_size":[1,1]},"south":{"uv":[5,7],"uv_size":[1,1]},"west":{"uv":[5,7],"uv_size":[1,1]},"up":{"uv":[6,8],"uv_size":[-1,-1]},"down":{"uv":[6,8],"uv_size":[-1,-1]}}},{"origin":[-3,7,-0.5],"size":[1,1,1],"uv":{"north":{"uv":[5,8],"uv_size":[1,1]},"east":{"uv":[5,8],"uv_size":[1,1]},"south":{"uv":[5,8],"uv_size":[1,1]},"west":{"uv":[5,8],"uv_size":[1,1]},"up":{"uv":[6,9],"uv_size":[-1,-1]},"down":{"uv":[6,9],"uv_size":[-1,-1]}}},{"origin":[-3,6,-0.5],"size":[1,1,1],"uv":{"north":{"uv":[5,9],"uv_size":[1,1]},"east":{"uv":[5,9],"uv_size":[1,1]},"south":{"uv":[5,9],"uv_size":[1,1]},"west":{"uv":[5,9],"uv_size":[1,1]},"up":{"uv":[6,10],"uv_size":[-1,-1]},"down":{"uv":[6,10],"uv_size":[-1,-1]}}},{"origin":[-3,5,-1],"size":[1,1,2],"uv":{"north":{"uv":[5,10],"uv_size":[1,1]},"east":{"uv":[5,10],"uv_size":[1,1]},"south":{"uv":[5,10],"uv_size":[1,1]},"west":{"uv":[5,10],"uv_size":[1,1]},"up":{"uv":[6,11],"uv_size":[-1,-1]},"down":{"uv":[6,11],"uv_size":[-1,-1]}}},{"origin":[-3,4,-0.5],"size":[1,1,1],"uv":{"north":{"uv":[5,11],"uv_size":[1,1]},"east":{"uv":[5,11],"uv_size":[1,1]},"south":{"uv":[5,11],"uv_size":[1,1]},"west":{"uv":[5,11],"uv_size":[1,1]},"up":{"uv":[6,12],"uv_size":[-1,-1]},"down":{"uv":[6,12],"uv_size":[-1,-1]}}},{"origin":[-3,3,-0.5],"size":[1,1,1],"uv":{"north":{"uv":[5,12],"uv_size":[1,1]},"east":{"uv":[5,12],"uv_size":[1,1]},"south":{"uv":[5,12],"uv_size":[1,1]},"west":{"uv":[5,12],"uv_size":[1,1]},"up":{"uv":[6,13],"uv_size":[-1,-1]},"down":{"uv":[6,13],"uv_size":[-1,-1]}}},{"origin":[-3,2,-0.5],"size":[1,1,1],"uv":{"north":{"uv":[5,13],"uv_size":[1,1]},"east":{"uv":[5,13],"uv_size":[1,1]},"south":{"uv":[5,13],"uv_size":[1,1]},"west":{"uv":[5,13],"uv_size":[1,1]},"up":{"uv":[6,14],"uv_size":[-1,-1]},"down":{"uv":[6,14],"uv_size":[-1,-1]}}},{"origin":[-3,1,-0.5],"size":[1,1,1],"uv":{"north":{"uv":[5,14],"uv_size":[1,1]},"east":{"uv":[5,14],"uv_size":[1,1]},"south":{"uv":[5,14],"uv_size":[1,1]},"west":{"uv":[5,14],"uv_size":[1,1]},"up":{"uv":[6,15],"uv_size":[-1,-1]},"down":{"uv":[6,15],"uv_size":[-1,-1]}}},{"origin":[-2,13,-0.5],"size":[1,1,1],"uv":{"north":{"uv":[6,2],"uv_size":[1,1]},"east":{"uv":[6,2],"uv_size":[1,1]},"south":{"uv":[6,2],"uv_size":[1,1]},"west":{"uv":[6,2],"uv_size":[1,1]},"up":{"uv":[7,3],"uv_size":[-1,-1]},"down":{"uv":[7,3],"uv_size":[-1,-1]}}},{"origin":[-2,12,-0.5],"size":[1,1,1],"uv":{"north":{"uv":[6,3],"uv_size":[1,1]},"east":{"uv":[6,3],"uv_size":[1,1]},"south":{"uv":[6,3],"uv_size":[1,1]},"west":{"uv":[6,3],"uv_size":[1,1]},"up":{"uv":[7,4],"uv_size":[-1,-1]},"down":{"uv":[7,4],"uv_size":[-1,-1]}}},{"origin":[-2,11,-0.5],"size":[1,1,1],"uv":{"north":{"uv":[6,4],"uv_size":[1,1]},"east":{"uv":[6,4],"uv_size":[1,1]},"south":{"uv":[6,4],"uv_size":[1,1]},"west":{"uv":[6,4],"uv_size":[1,1]},"up":{"uv":[7,5],"uv_size":[-1,-1]},"down":{"uv":[7,5],"uv_size":[-1,-1]}}},{"origin":[-2,10,-1],"size":[1,1,2],"uv":{"north":{"uv":[6,5],"uv_size":[1,1]},"east":{"uv":[6,5],"uv_size":[1,1]},"south":{"uv":[6,5],"uv_size":[1,1]},"west":{"uv":[6,5],"uv_size":[1,1]},"up":{"uv":[7,6],"uv_size":[-1,-1]},"down":{"uv":[7,6],"uv_size":[-1,-1]}}},{"origin":[-2,9,-0.5],"size":[1,1,1],"uv":{"north":{"uv":[6,6],"uv_size":[1,1]},"east":{"uv":[6,6],"uv_size":[1,1]},"south":{"uv":[6,6],"uv_size":[1,1]},"west":{"uv":[6,6],"uv_size":[1,1]},"up":{"uv":[7,7],"uv_size":[-1,-1]},"down":{"uv":[7,7],"uv_size":[-1,-1]}}},{"origin":[-2,8,-1],"size":[1,1,2],"uv":{"north":{"uv":[6,7],"uv_size":[1,1]},"east":{"uv":[6,7],"uv_size":[1,1]},"south":{"uv":[6,7],"uv_size":[1,1]},"west":{"uv":[6,7],"uv_size":[1,1]},"up":{"uv":[7,8],"uv_size":[-1,-1]},"down":{"uv":[7,8],"uv_size":[-1,-1]}}},{"origin":[-2,7,-1],"size":[1,1,2],"uv":{"north":{"uv":[6,8],"uv_size":[1,1]},"east":{"uv":[6,8],"uv_size":[1,1]},"south":{"uv":[6,8],"uv_size":[1,1]},"west":{"uv":[6,8],"uv_size":[1,1]},"up":{"uv":[7,9],"uv_size":[-1,-1]},"down":{"uv":[7,9],"uv_size":[-1,-1]}}},{"origin":[-2,6,-1],"size":[1,1,2],"uv":{"north":{"uv":[6,9],"uv_size":[1,1]},"east":{"uv":[6,9],"uv_size":[1,1]},"south":{"uv":[6,9],"uv_size":[1,1]},"west":{"uv":[6,9],"uv_size":[1,1]},"up":{"uv":[7,10],"uv_size":[-1,-1]},"down":{"uv":[7,10],"uv_size":[-1,-1]}}},{"origin":[-2,5,-0.5],"size":[1,1,1],"uv":{"north":{"uv":[6,10],"uv_size":[1,1]},"east":{"uv":[6,10],"uv_size":[1,1]},"south":{"uv":[6,10],"uv_size":[1,1]},"west":{"uv":[6,10],"uv_size":[1,1]},"up":{"uv":[7,11],"uv_size":[-1,-1]},"down":{"uv":[7,11],"uv_size":[-1,-1]}}},{"origin":[-2,4,-0.5],"size":[1,1,1],"uv":{"north":{"uv":[6,11],"uv_size":[1,1]},"east":{"uv":[6,11],"uv_size":[1,1]},"south":{"uv":[6,11],"uv_size":[1,1]},"west":{"uv":[6,11],"uv_size":[1,1]},"up":{"uv":[7,12],"uv_size":[-1,-1]},"down":{"uv":[7,12],"uv_size":[-1,-1]}}},{"origin":[-2,3,-0.5],"size":[1,1,1],"uv":{"north":{"uv":[6,12],"uv_size":[1,1]},"east":{"uv":[6,12],"uv_size":[1,1]},"south":{"uv":[6,12],"uv_size":[1,1]},"west":{"uv":[6,12],"uv_size":[1,1]},"up":{"uv":[7,13],"uv_size":[-1,-1]},"down":{"uv":[7,13],"uv_size":[-1,-1]}}},{"origin":[-2,2,-0.5],"size":[1,1,1],"uv":{"north":{"uv":[6,13],"uv_size":[1,1]},"east":{"uv":[6,13],"uv_size":[1,1]},"south":{"uv":[6,13],"uv_size":[1,1]},"west":{"uv":[6,13],"uv_size":[1,1]},"up":{"uv":[7,14],"uv_size":[-1,-1]},"down":{"uv":[7,14],"uv_size":[-1,-1]}}},{"origin":[-2,1,-0.5],"size":[1,1,1],"uv":{"north":{"uv":[6,14],"uv_size":[1,1]},"east":{"uv":[6,14],"uv_size":[1,1]},"south":{"uv":[6,14],"uv_size":[1,1]},"west":{"uv":[6,14],"uv_size":[1,1]},"up":{"uv":[7,15],"uv_size":[-1,-1]},"down":{"uv":[7,15],"uv_size":[-1,-1]}}},{"origin":[-1,13,-0.5],"size":[1,1,1],"uv":{"north":{"uv":[7,2],"uv_size":[1,1]},"east":{"uv":[7,2],"uv_size":[1,1]},"south":{"uv":[7,2],"uv_size":[1,1]},"west":{"uv":[7,2],"uv_size":[1,1]},"up":{"uv":[8,3],"uv_size":[-1,-1]},"down":{"uv":[8,3],"uv_size":[-1,-1]}}},{"origin":[-1,12,-0.5],"size":[1,1,1],"uv":{"north":{"uv":[7,3],"uv_size":[1,1]},"east":{"uv":[7,3],"uv_size":[1,1]},"south":{"uv":[7,3],"uv_size":[1,1]},"west":{"uv":[7,3],"uv_size":[1,1]},"up":{"uv":[8,4],"uv_size":[-1,-1]},"down":{"uv":[8,4],"uv_size":[-1,-1]}}},{"origin":[-1,11,-0.5],"size":[1,1,1],"uv":{"north":{"uv":[7,4],"uv_size":[1,1]},"east":{"uv":[7,4],"uv_size":[1,1]},"south":{"uv":[7,4],"uv_size":[1,1]},"west":{"uv":[7,4],"uv_size":[1,1]},"up":{"uv":[8,5],"uv_size":[-1,-1]},"down":{"uv":[8,5],"uv_size":[-1,-1]}}},{"origin":[-1,10,-1],"size":[1,1,2],"uv":{"north":{"uv":[7,5],"uv_size":[1,1]},"east":{"uv":[7,5],"uv_size":[1,1]},"south":{"uv":[7,5],"uv_size":[1,1]},"west":{"uv":[7,5],"uv_size":[1,1]},"up":{"uv":[8,6],"uv_size":[-1,-1]},"down":{"uv":[8,6],"uv_size":[-1,-1]}}},{"origin":[-1,9,-1],"size":[1,1,2],"uv":{"north":{"uv":[7,6],"uv_size":[1,1]},"east":{"uv":[7,6],"uv_size":[1,1]},"south":{"uv":[7,6],"uv_size":[1,1]},"west":{"uv":[7,6],"uv_size":[1,1]},"up":{"uv":[8,7],"uv_size":[-1,-1]},"down":{"uv":[8,7],"uv_size":[-1,-1]}}},{"origin":[-1,8,-0.5],"size":[1,1,1],"uv":{"north":{"uv":[7,7],"uv_size":[1,1]},"east":{"uv":[7,7],"uv_size":[1,1]},"south":{"uv":[7,7],"uv_size":[1,1]},"west":{"uv":[7,7],"uv_size":[1,1]},"up":{"uv":[8,8],"uv_size":[-1,-1]},"down":{"uv":[8,8],"uv_size":[-1,-1]}}},{"origin":[-1,7,-0.5],"size":[1,1,1],"uv":{"north":{"uv":[7,8],"uv_size":[1,1]},"east":{"uv":[7,8],"uv_size":[1,1]},"south":{"uv":[7,8],"uv_size":[1,1]},"west":{"uv":[7,8],"uv_size":[1,1]},"up":{"uv":[8,9],"uv_size":[-1,-1]},"down":{"uv":[8,9],"uv_size":[-1,-1]}}},{"origin":[-1,6,-0.5],"size":[1,1,1],"uv":{"north":{"uv":[7,9],"uv_size":[1,1]},"east":{"uv":[7,9],"uv_size":[1,1]},"south":{"uv":[7,9],"uv_size":[1,1]},"west":{"uv":[7,9],"uv_size":[1,1]},"up":{"uv":[8,10],"uv_size":[-1,-1]},"down":{"uv":[8,10],"uv_size":[-1,-1]}}},{"origin":[-1,5,-0.5],"size":[1,1,1],"uv":{"north":{"uv":[7,10],"uv_size":[1,1]},"east":{"uv":[7,10],"uv_size":[1,1]},"south":{"uv":[7,10],"uv_size":[1,1]},"west":{"uv":[7,10],"uv_size":[1,1]},"up":{"uv":[8,11],"uv_size":[-1,-1]},"down":{"uv":[8,11],"uv_size":[-1,-1]}}},{"origin":[-1,4,-0.5],"size":[1,1,1],"uv":{"north":{"uv":[7,11],"uv_size":[1,1]},"east":{"uv":[7,11],"uv_size":[1,1]},"south":{"uv":[7,11],"uv_size":[1,1]},"west":{"uv":[7,11],"uv_size":[1,1]},"up":{"uv":[8,12],"uv_size":[-1,-1]},"down":{"uv":[8,12],"uv_size":[-1,-1]}}},{"origin":[-1,3,-0.5],"size":[1,1,1],"uv":{"north":{"uv":[7,12],"uv_size":[1,1]},"east":{"uv":[7,12],"uv_size":[1,1]},"south":{"uv":[7,12],"uv_size":[1,1]},"west":{"uv":[7,12],"uv_size":[1,1]},"up":{"uv":[8,13],"uv_size":[-1,-1]},"down":{"uv":[8,13],"uv_size":[-1,-1]}}},{"origin":[-1,2,-0.5],"size":[1,1,1],"uv":{"north":{"uv":[7,13],"uv_size":[1,1]},"east":{"uv":[7,13],"uv_size":[1,1]},"south":{"uv":[7,13],"uv_size":[1,1]},"west":{"uv":[7,13],"uv_size":[1,1]},"up":{"uv":[8,14],"uv_size":[-1,-1]},"down":{"uv":[8,14],"uv_size":[-1,-1]}}},{"origin":[-1,1,-0.5],"size":[1,1,1],"uv":{"north":{"uv":[7,14],"uv_size":[1,1]},"east":{"uv":[7,14],"uv_size":[1,1]},"south":{"uv":[7,14],"uv_size":[1,1]},"west":{"uv":[7,14],"uv_size":[1,1]},"up":{"uv":[8,15],"uv_size":[-1,-1]},"down":{"uv":[8,15],"uv_size":[-1,-1]}}},{"origin":[0,13,-0.5],"size":[1,1,1],"uv":{"north":{"uv":[8,2],"uv_size":[1,1]},"east":{"uv":[8,2],"uv_size":[1,1]},"south":{"uv":[8,2],"uv_size":[1,1]},"west":{"uv":[8,2],"uv_size":[1,1]},"up":{"uv":[9,3],"uv_size":[-1,-1]},"down":{"uv":[9,3],"uv_size":[-1,-1]}}},{"origin":[0,12,-0.5],"size":[1,1,1],"uv":{"north":{"uv":[8,3],"uv_size":[1,1]},"east":{"uv":[8,3],"uv_size":[1,1]},"south":{"uv":[8,3],"uv_size":[1,1]},"west":{"uv":[8,3],"uv_size":[1,1]},"up":{"uv":[9,4],"uv_size":[-1,-1]},"down":{"uv":[9,4],"uv_size":[-1,-1]}}},{"origin":[0,11,-0.5],"size":[1,1,1],"uv":{"north":{"uv":[8,4],"uv_size":[1,1]},"east":{"uv":[8,4],"uv_size":[1,1]},"south":{"uv":[8,4],"uv_size":[1,1]},"west":{"uv":[8,4],"uv_size":[1,1]},"up":{"uv":[9,5],"uv_size":[-1,-1]},"down":{"uv":[9,5],"uv_size":[-1,-1]}}},{"origin":[0,10,-1],"size":[1,1,2],"uv":{"north":{"uv":[8,5],"uv_size":[1,1]},"east":{"uv":[8,5],"uv_size":[1,1]},"south":{"uv":[8,5],"uv_size":[1,1]},"west":{"uv":[8,5],"uv_size":[1,1]},"up":{"uv":[9,6],"uv_size":[-1,-1]},"down":{"uv":[9,6],"uv_size":[-1,-1]}}},{"origin":[0,9,-0.5],"size":[1,1,1],"uv":{"north":{"uv":[8,6],"uv_size":[1,1]},"east":{"uv":[8,6],"uv_size":[1,1]},"south":{"uv":[8,6],"uv_size":[1,1]},"west":{"uv":[8,6],"uv_size":[1,1]},"up":{"uv":[9,7],"uv_size":[-1,-1]},"down":{"uv":[9,7],"uv_size":[-1,-1]}}},{"origin":[0,8,-1],"size":[1,1,2],"uv":{"north":{"uv":[8,7],"uv_size":[1,1]},"east":{"uv":[8,7],"uv_size":[1,1]},"south":{"uv":[8,7],"uv_size":[1,1]},"west":{"uv":[8,7],"uv_size":[1,1]},"up":{"uv":[9,8],"uv_size":[-1,-1]},"down":{"uv":[9,8],"uv_size":[-1,-1]}}},{"origin":[0,7,-1],"size":[1,1,2],"uv":{"north":{"uv":[8,8],"uv_size":[1,1]},"east":{"uv":[8,8],"uv_size":[1,1]},"south":{"uv":[8,8],"uv_size":[1,1]},"west":{"uv":[8,8],"uv_size":[1,1]},"up":{"uv":[9,9],"uv_size":[-1,-1]},"down":{"uv":[9,9],"uv_size":[-1,-1]}}},{"origin":[0,6,-0.5],"size":[1,1,1],"uv":{"north":{"uv":[8,9],"uv_size":[1,1]},"east":{"uv":[8,9],"uv_size":[1,1]},"south":{"uv":[8,9],"uv_size":[1,1]},"west":{"uv":[8,9],"uv_size":[1,1]},"up":{"uv":[9,10],"uv_size":[-1,-1]},"down":{"uv":[9,10],"uv_size":[-1,-1]}}},{"origin":[0,5,-0.5],"size":[1,1,1],"uv":{"north":{"uv":[8,10],"uv_size":[1,1]},"east":{"uv":[8,10],"uv_size":[1,1]},"south":{"uv":[8,10],"uv_size":[1,1]},"west":{"uv":[8,10],"uv_size":[1,1]},"up":{"uv":[9,11],"uv_size":[-1,-1]},"down":{"uv":[9,11],"uv_size":[-1,-1]}}},{"origin":[0,4,-0.5],"size":[1,1,1],"uv":{"north":{"uv":[8,11],"uv_size":[1,1]},"east":{"uv":[8,11],"uv_size":[1,1]},"south":{"uv":[8,11],"uv_size":[1,1]},"west":{"uv":[8,11],"uv_size":[1,1]},"up":{"uv":[9,12],"uv_size":[-1,-1]},"down":{"uv":[9,12],"uv_size":[-1,-1]}}},{"origin":[0,3,-0.5],"size":[1,1,1],"uv":{"north":{"uv":[8,12],"uv_size":[1,1]},"east":{"uv":[8,12],"uv_size":[1,1]},"south":{"uv":[8,12],"uv_size":[1,1]},"west":{"uv":[8,12],"uv_size":[1,1]},"up":{"uv":[9,13],"uv_size":[-1,-1]},"down":{"uv":[9,13],"uv_size":[-1,-1]}}},{"origin":[0,2,-0.5],"size":[1,1,1],"uv":{"north":{"uv":[8,13],"uv_size":[1,1]},"east":{"uv":[8,13],"uv_size":[1,1]},"south":{"uv":[8,13],"uv_size":[1,1]},"west":{"uv":[8,13],"uv_size":[1,1]},"up":{"uv":[9,14],"uv_size":[-1,-1]},"down":{"uv":[9,14],"uv_size":[-1,-1]}}},{"origin":[0,1,-0.5],"size":[1,1,1],"uv":{"north":{"uv":[8,14],"uv_size":[1,1]},"east":{"uv":[8,14],"uv_size":[1,1]},"south":{"uv":[8,14],"uv_size":[1,1]},"west":{"uv":[8,14],"uv_size":[1,1]},"up":{"uv":[9,15],"uv_size":[-1,-1]},"down":{"uv":[9,15],"uv_size":[-1,-1]}}},{"origin":[1,13,-0.5],"size":[1,1,1],"uv":{"north":{"uv":[9,2],"uv_size":[1,1]},"east":{"uv":[9,2],"uv_size":[1,1]},"south":{"uv":[9,2],"uv_size":[1,1]},"west":{"uv":[9,2],"uv_size":[1,1]},"up":{"uv":[10,3],"uv_size":[-1,-1]},"down":{"uv":[10,3],"uv_size":[-1,-1]}}},{"origin":[1,12,-0.5],"size":[1,1,1],"uv":{"north":{"uv":[9,3],"uv_size":[1,1]},"east":{"uv":[9,3],"uv_size":[1,1]},"south":{"uv":[9,3],"uv_size":[1,1]},"west":{"uv":[9,3],"uv_size":[1,1]},"up":{"uv":[10,4],"uv_size":[-1,-1]},"down":{"uv":[10,4],"uv_size":[-1,-1]}}},{"origin":[1,11,-0.5],"size":[1,1,1],"uv":{"north":{"uv":[9,4],"uv_size":[1,1]},"east":{"uv":[9,4],"uv_size":[1,1]},"south":{"uv":[9,4],"uv_size":[1,1]},"west":{"uv":[9,4],"uv_size":[1,1]},"up":{"uv":[10,5],"uv_size":[-1,-1]},"down":{"uv":[10,5],"uv_size":[-1,-1]}}},{"origin":[1,10,-1],"size":[1,1,2],"uv":{"north":{"uv":[9,5],"uv_size":[1,1]},"east":{"uv":[9,5],"uv_size":[1,1]},"south":{"uv":[9,5],"uv_size":[1,1]},"west":{"uv":[9,5],"uv_size":[1,1]},"up":{"uv":[10,6],"uv_size":[-1,-1]},"down":{"uv":[10,6],"uv_size":[-1,-1]}}},{"origin":[1,9,-0.5],"size":[1,1,1],"uv":{"north":{"uv":[9,6],"uv_size":[1,1]},"east":{"uv":[9,6],"uv_size":[1,1]},"south":{"uv":[9,6],"uv_size":[1,1]},"west":{"uv":[9,6],"uv_size":[1,1]},"up":{"uv":[10,7],"uv_size":[-1,-1]},"down":{"uv":[10,7],"uv_size":[-1,-1]}}},{"origin":[1,8,-0.5],"size":[1,1,1],"uv":{"north":{"uv":[9,7],"uv_size":[1,1]},"east":{"uv":[9,7],"uv_size":[1,1]},"south":{"uv":[9,7],"uv_size":[1,1]},"west":{"uv":[9,7],"uv_size":[1,1]},"up":{"uv":[10,8],"uv_size":[-1,-1]},"down":{"uv":[10,8],"uv_size":[-1,-1]}}},{"origin":[1,7,-0.5],"size":[1,1,1],"uv":{"north":{"uv":[9,8],"uv_size":[1,1]},"east":{"uv":[9,8],"uv_size":[1,1]},"south":{"uv":[9,8],"uv_size":[1,1]},"west":{"uv":[9,8],"uv_size":[1,1]},"up":{"uv":[10,9],"uv_size":[-1,-1]},"down":{"uv":[10,9],"uv_size":[-1,-1]}}},{"origin":[1,6,-1],"size":[1,1,2],"uv":{"north":{"uv":[9,9],"uv_size":[1,1]},"east":{"uv":[9,9],"uv_size":[1,1]},"south":{"uv":[9,9],"uv_size":[1,1]},"west":{"uv":[9,9],"uv_size":[1,1]},"up":{"uv":[10,10],"uv_size":[-1,-1]},"down":{"uv":[10,10],"uv_size":[-1,-1]}}},{"origin":[1,5,-0.5],"size":[1,1,1],"uv":{"north":{"uv":[9,10],"uv_size":[1,1]},"east":{"uv":[9,10],"uv_size":[1,1]},"south":{"uv":[9,10],"uv_size":[1,1]},"west":{"uv":[9,10],"uv_size":[1,1]},"up":{"uv":[10,11],"uv_size":[-1,-1]},"down":{"uv":[10,11],"uv_size":[-1,-1]}}},{"origin":[1,4,-0.5],"size":[1,1,1],"uv":{"north":{"uv":[9,11],"uv_size":[1,1]},"east":{"uv":[9,11],"uv_size":[1,1]},"south":{"uv":[9,11],"uv_size":[1,1]},"west":{"uv":[9,11],"uv_size":[1,1]},"up":{"uv":[10,12],"uv_size":[-1,-1]},"down":{"uv":[10,12],"uv_size":[-1,-1]}}},{"origin":[1,3,-0.5],"size":[1,1,1],"uv":{"north":{"uv":[9,12],"uv_size":[1,1]},"east":{"uv":[9,12],"uv_size":[1,1]},"south":{"uv":[9,12],"uv_size":[1,1]},"west":{"uv":[9,12],"uv_size":[1,1]},"up":{"uv":[10,13],"uv_size":[-1,-1]},"down":{"uv":[10,13],"uv_size":[-1,-1]}}},{"origin":[1,2,-0.5],"size":[1,1,1],"uv":{"north":{"uv":[9,13],"uv_size":[1,1]},"east":{"uv":[9,13],"uv_size":[1,1]},"south":{"uv":[9,13],"uv_size":[1,1]},"west":{"uv":[9,13],"uv_size":[1,1]},"up":{"uv":[10,14],"uv_size":[-1,-1]},"down":{"uv":[10,14],"uv_size":[-1,-1]}}},{"origin":[1,1,-0.5],"size":[1,1,1],"uv":{"north":{"uv":[9,14],"uv_size":[1,1]},"east":{"uv":[9,14],"uv_size":[1,1]},"south":{"uv":[9,14],"uv_size":[1,1]},"west":{"uv":[9,14],"uv_size":[1,1]},"up":{"uv":[10,15],"uv_size":[-1,-1]},"down":{"uv":[10,15],"uv_size":[-1,-1]}}},{"origin":[2,13,-0.5],"size":[1,1,1],"uv":{"north":{"uv":[10,2],"uv_size":[1,1]},"east":{"uv":[10,2],"uv_size":[1,1]},"south":{"uv":[10,2],"uv_size":[1,1]},"west":{"uv":[10,2],"uv_size":[1,1]},"up":{"uv":[11,3],"uv_size":[-1,-1]},"down":{"uv":[11,3],"uv_size":[-1,-1]}}},{"origin":[2,12,-0.5],"size":[1,1,1],"uv":{"north":{"uv":[10,3],"uv_size":[1,1]},"east":{"uv":[10,3],"uv_size":[1,1]},"south":{"uv":[10,3],"uv_size":[1,1]},"west":{"uv":[10,3],"uv_size":[1,1]},"up":{"uv":[11,4],"uv_size":[-1,-1]},"down":{"uv":[11,4],"uv_size":[-1,-1]}}},{"origin":[2,10,-0.5],"size":[1,1,1],"uv":{"north":{"uv":[10,5],"uv_size":[1,1]},"east":{"uv":[10,5],"uv_size":[1,1]},"south":{"uv":[10,5],"uv_size":[1,1]},"west":{"uv":[10,5],"uv_size":[1,1]},"up":{"uv":[11,6],"uv_size":[-1,-1]},"down":{"uv":[11,6],"uv_size":[-1,-1]}}},{"origin":[2,9,-0.5],"size":[1,1,1],"uv":{"north":{"uv":[10,6],"uv_size":[1,1]},"east":{"uv":[10,6],"uv_size":[1,1]},"south":{"uv":[10,6],"uv_size":[1,1]},"west":{"uv":[10,6],"uv_size":[1,1]},"up":{"uv":[11,7],"uv_size":[-1,-1]},"down":{"uv":[11,7],"uv_size":[-1,-1]}}},{"origin":[2,8,-0.5],"size":[1,1,1],"uv":{"north":{"uv":[10,7],"uv_size":[1,1]},"east":{"uv":[10,7],"uv_size":[1,1]},"south":{"uv":[10,7],"uv_size":[1,1]},"west":{"uv":[10,7],"uv_size":[1,1]},"up":{"uv":[11,8],"uv_size":[-1,-1]},"down":{"uv":[11,8],"uv_size":[-1,-1]}}},{"origin":[2,7,-0.5],"size":[1,1,1],"uv":{"north":{"uv":[10,8],"uv_size":[1,1]},"east":{"uv":[10,8],"uv_size":[1,1]},"south":{"uv":[10,8],"uv_size":[1,1]},"west":{"uv":[10,8],"uv_size":[1,1]},"up":{"uv":[11,9],"uv_size":[-1,-1]},"down":{"uv":[11,9],"uv_size":[-1,-1]}}},{"origin":[2,6,-0.5],"size":[1,1,1],"uv":{"north":{"uv":[10,9],"uv_size":[1,1]},"east":{"uv":[10,9],"uv_size":[1,1]},"south":{"uv":[10,9],"uv_size":[1,1]},"west":{"uv":[10,9],"uv_size":[1,1]},"up":{"uv":[11,10],"uv_size":[-1,-1]},"down":{"uv":[11,10],"uv_size":[-1,-1]}}},{"origin":[2,5,-0.5],"size":[1,1,1],"uv":{"north":{"uv":[10,10],"uv_size":[1,1]},"east":{"uv":[10,10],"uv_size":[1,1]},"south":{"uv":[10,10],"uv_size":[1,1]},"west":{"uv":[10,10],"uv_size":[1,1]},"up":{"uv":[11,11],"uv_size":[-1,-1]},"down":{"uv":[11,11],"uv_size":[-1,-1]}}},{"origin":[2,4,-0.5],"size":[1,1,1],"uv":{"north":{"uv":[10,11],"uv_size":[1,1]},"east":{"uv":[10,11],"uv_size":[1,1]},"south":{"uv":[10,11],"uv_size":[1,1]},"west":{"uv":[10,11],"uv_size":[1,1]},"up":{"uv":[11,12],"uv_size":[-1,-1]},"down":{"uv":[11,12],"uv_size":[-1,-1]}}},{"origin":[2,3,-0.5],"size":[1,1,1],"uv":{"north":{"uv":[10,12],"uv_size":[1,1]},"east":{"uv":[10,12],"uv_size":[1,1]},"south":{"uv":[10,12],"uv_size":[1,1]},"west":{"uv":[10,12],"uv_size":[1,1]},"up":{"uv":[11,13],"uv_size":[-1,-1]},"down":{"uv":[11,13],"uv_size":[-1,-1]}}},{"origin":[2,2,-0.5],"size":[1,1,1],"uv":{"north":{"uv":[10,13],"uv_size":[1,1]},"east":{"uv":[10,13],"uv_size":[1,1]},"south":{"uv":[10,13],"uv_size":[1,1]},"west":{"uv":[10,13],"uv_size":[1,1]},"up":{"uv":[11,14],"uv_size":[-1,-1]},"down":{"uv":[11,14],"uv_size":[-1,-1]}}},{"origin":[2,1,-0.5],"size":[1,1,1],"uv":{"north":{"uv":[10,14],"uv_size":[1,1]},"east":{"uv":[10,14],"uv_size":[1,1]},"south":{"uv":[10,14],"uv_size":[1,1]},"west":{"uv":[10,14],"uv_size":[1,1]},"up":{"uv":[11,15],"uv_size":[-1,-1]},"down":{"uv":[11,15],"uv_size":[-1,-1]}}},{"origin":[3,12,-0.5],"size":[1,1,1],"uv":{"north":{"uv":[11,3],"uv_size":[1,1]},"east":{"uv":[11,3],"uv_size":[1,1]},"south":{"uv":[11,3],"uv_size":[1,1]},"west":{"uv":[11,3],"uv_size":[1,1]},"up":{"uv":[12,4],"uv_size":[-1,-1]},"down":{"uv":[12,4],"uv_size":[-1,-1]}}},{"origin":[3,9,-0.5],"size":[1,1,1],"uv":{"north":{"uv":[11,6],"uv_size":[1,1]},"east":{"uv":[11,6],"uv_size":[1,1]},"south":{"uv":[11,6],"uv_size":[1,1]},"west":{"uv":[11,6],"uv_size":[1,1]},"up":{"uv":[12,7],"uv_size":[-1,-1]},"down":{"uv":[12,7],"uv_size":[-1,-1]}}},{"origin":[3,8,-0.5],"size":[1,1,1],"uv":{"north":{"uv":[11,7],"uv_size":[1,1]},"east":{"uv":[11,7],"uv_size":[1,1]},"south":{"uv":[11,7],"uv_size":[1,1]},"west":{"uv":[11,7],"uv_size":[1,1]},"up":{"uv":[12,8],"uv_size":[-1,-1]},"down":{"uv":[12,8],"uv_size":[-1,-1]}}},{"origin":[3,7,-0.5],"size":[1,1,1],"uv":{"north":{"uv":[11,8],"uv_size":[1,1]},"east":{"uv":[11,8],"uv_size":[1,1]},"south":{"uv":[11,8],"uv_size":[1,1]},"west":{"uv":[11,8],"uv_size":[1,1]},"up":{"uv":[12,9],"uv_size":[-1,-1]},"down":{"uv":[12,9],"uv_size":[-1,-1]}}},{"origin":[3,6,-0.5],"size":[1,1,1],"uv":{"north":{"uv":[11,9],"uv_size":[1,1]},"east":{"uv":[11,9],"uv_size":[1,1]},"south":{"uv":[11,9],"uv_size":[1,1]},"west":{"uv":[11,9],"uv_size":[1,1]},"up":{"uv":[12,10],"uv_size":[-1,-1]},"down":{"uv":[12,10],"uv_size":[-1,-1]}}},{"origin":[3,5,-0.5],"size":[1,1,1],"uv":{"north":{"uv":[11,10],"uv_size":[1,1]},"east":{"uv":[11,10],"uv_size":[1,1]},"south":{"uv":[11,10],"uv_size":[1,1]},"west":{"uv":[11,10],"uv_size":[1,1]},"up":{"uv":[12,11],"uv_size":[-1,-1]},"down":{"uv":[12,11],"uv_size":[-1,-1]}}},{"origin":[3,4,-0.5],"size":[1,1,1],"uv":{"north":{"uv":[11,11],"uv_size":[1,1]},"east":{"uv":[11,11],"uv_size":[1,1]},"south":{"uv":[11,11],"uv_size":[1,1]},"west":{"uv":[11,11],"uv_size":[1,1]},"up":{"uv":[12,12],"uv_size":[-1,-1]},"down":{"uv":[12,12],"uv_size":[-1,-1]}}},{"origin":[3,3,-0.5],"size":[1,1,1],"uv":{"north":{"uv":[11,12],"uv_size":[1,1]},"east":{"uv":[11,12],"uv_size":[1,1]},"south":{"uv":[11,12],"uv_size":[1,1]},"west":{"uv":[11,12],"uv_size":[1,1]},"up":{"uv":[12,13],"uv_size":[-1,-1]},"down":{"uv":[12,13],"uv_size":[-1,-1]}}},{"origin":[3,2,-0.5],"size":[1,1,1],"uv":{"north":{"uv":[11,13],"uv_size":[1,1]},"east":{"uv":[11,13],"uv_size":[1,1]},"south":{"uv":[11,13],"uv_size":[1,1]},"west":{"uv":[11,13],"uv_size":[1,1]},"up":{"uv":[12,14],"uv_size":[-1,-1]},"down":{"uv":[12,14],"uv_size":[-1,-1]}}},{"origin":[4,8,-0.5],"size":[1,1,1],"uv":{"north":{"uv":[12,7],"uv_size":[1,1]},"east":{"uv":[12,7],"uv_size":[1,1]},"south":{"uv":[12,7],"uv_size":[1,1]},"west":{"uv":[12,7],"uv_size":[1,1]},"up":{"uv":[13,8],"uv_size":[-1,-1]},"down":{"uv":[13,8],"uv_size":[-1,-1]}}},{"origin":[4,7,-0.5],"size":[1,1,1],"uv":{"north":{"uv":[12,8],"uv_size":[1,1]},"east":{"uv":[12,8],"uv_size":[1,1]},"south":{"uv":[12,8],"uv_size":[1,1]},"west":{"uv":[12,8],"uv_size":[1,1]},"up":{"uv":[13,9],"uv_size":[-1,-1]},"down":{"uv":[13,9],"uv_size":[-1,-1]}}},{"origin":[4,6,-0.5],"size":[1,1,1],"uv":{"north":{"uv":[12,9],"uv_size":[1,1]},"east":{"uv":[12,9],"uv_size":[1,1]},"south":{"uv":[12,9],"uv_size":[1,1]},"west":{"uv":[12,9],"uv_size":[1,1]},"up":{"uv":[13,10],"uv_size":[-1,-1]},"down":{"uv":[13,10],"uv_size":[-1,-1]}}},{"origin":[4,5,-0.5],"size":[1,1,1],"uv":{"north":{"uv":[12,10],"uv_size":[1,1]},"east":{"uv":[12,10],"uv_size":[1,1]},"south":{"uv":[12,10],"uv_size":[1,1]},"west":{"uv":[12,10],"uv_size":[1,1]},"up":{"uv":[13,11],"uv_size":[-1,-1]},"down":{"uv":[13,11],"uv_size":[-1,-1]}}},{"origin":[4,4,-0.5],"size":[1,1,1],"uv":{"north":{"uv":[12,11],"uv_size":[1,1]},"east":{"uv":[12,11],"uv_size":[1,1]},"south":{"uv":[12,11],"uv_size":[1,1]},"west":{"uv":[12,11],"uv_size":[1,1]},"up":{"uv":[13,12],"uv_size":[-1,-1]},"down":{"uv":[13,12],"uv_size":[-1,-1]}}},{"origin":[4,3,-0.5],"size":[1,1,1],"uv":{"north":{"uv":[12,12],"uv_size":[1,1]},"east":{"uv":[12,12],"uv_size":[1,1]},"south":{"uv":[12,12],"uv_size":[1,1]},"west":{"uv":[12,12],"uv_size":[1,1]},"up":{"uv":[13,13],"uv_size":[-1,-1]},"down":{"uv":[13,13],"uv_size":[-1,-1]}}},{"origin":[4,2,-0.5],"size":[1,1,1],"uv":{"north":{"uv":[12,13],"uv_size":[1,1]},"east":{"uv":[12,13],"uv_size":[1,1]},"south":{"uv":[12,13],"uv_size":[1,1]},"west":{"uv":[12,13],"uv_size":[1,1]},"up":{"uv":[13,14],"uv_size":[-1,-1]},"down":{"uv":[13,14],"uv_size":[-1,-1]}}},{"origin":[5,6,-0.5],"size":[1,1,1],"uv":{"north":{"uv":[13,9],"uv_size":[1,1]},"east":{"uv":[13,9],"uv_size":[1,1]},"south":{"uv":[13,9],"uv_size":[1,1]},"west":{"uv":[13,9],"uv_size":[1,1]},"up":{"uv":[14,10],"uv_size":[-1,-1]},"down":{"uv":[14,10],"uv_size":[-1,-1]}}},{"origin":[5,5,-0.5],"size":[1,1,1],"uv":{"north":{"uv":[13,10],"uv_size":[1,1]},"east":{"uv":[13,10],"uv_size":[1,1]},"south":{"uv":[13,10],"uv_size":[1,1]},"west":{"uv":[13,10],"uv_size":[1,1]},"up":{"uv":[14,11],"uv_size":[-1,-1]},"down":{"uv":[14,11],"uv_size":[-1,-1]}}},{"origin":[5,4,-0.5],"size":[1,1,1],"uv":{"north":{"uv":[13,11],"uv_size":[1,1]},"east":{"uv":[13,11],"uv_size":[1,1]},"south":{"uv":[13,11],"uv_size":[1,1]},"west":{"uv":[13,11],"uv_size":[1,1]},"up":{"uv":[14,12],"uv_size":[-1,-1]},"down":{"uv":[14,12],"uv_size":[-1,-1]}}},{"origin":[5,3,-0.5],"size":[1,1,1],"uv":{"north":{"uv":[13,12],"uv_size":[1,1]},"east":{"uv":[13,12],"uv_size":[1,1]},"south":{"uv":[13,12],"uv_size":[1,1]},"west":{"uv":[13,12],"uv_size":[1,1]},"up":{"uv":[14,13],"uv_size":[-1,-1]},"down":{"uv":[14,13],"uv_size":[-1,-1]}}}]}]}]}
