{"format_version":"1.12.0","minecraft:geometry":[{"description":{"identifier":"geometry.shoot_target","texture_width":64,"texture_height":64,"visible_bounds_width":2,"visible_bounds_height":2.5,"visible_bounds_offset":[0,0.75,0]},"bones":[{"name":"board","pivot":[1,1,0]},{"name":"board_not_hit","parent":"board","pivot":[0,0,0],"cubes":[{"origin":[-5,2,-1],"size":[10,10,1],"uv":{"north":{"uv":[2,2],"uv_size":[28,28]},"east":{"uv":[0,4],"uv_size":[2,24]},"south":{"uv":[2,2],"uv_size":[28,28]},"west":{"uv":[30,4],"uv_size":[2,24]},"up":{"uv":[28,2],"uv_size":[-23,-2]},"down":{"uv":[28,32],"uv_size":[-23,-2]}}},{"origin":[5,2,-1],"size":[2,10,1],"uv":{"north":{"uv":[28,4],"uv_size":[4,24]},"east":{"uv":[0,4],"uv_size":[2,24]},"south":{"uv":[0,4],"uv_size":[4,24]},"west":{"uv":[30,4],"uv_size":[2,24]},"up":{"uv":[8,2],"uv_size":[-3,-2]},"down":{"uv":[8,32],"uv_size":[-3,-2]}}},{"origin":[5,12,-1],"size":[1,1,1],"uv":{"north":{"uv":[5,0],"uv_size":[3,2]},"east":{"uv":[5,0],"uv_size":[3,2]},"south":{"uv":[5,0],"uv_size":[3,2]},"west":{"uv":[5,0],"uv_size":[3,2]},"up":{"uv":[8,2],"uv_size":[-3,-2]},"down":{"uv":[8,2],"uv_size":[-3,-2]}}},{"origin":[-6,12,-1],"size":[1,1,1],"uv":{"north":{"uv":[5,0],"uv_size":[3,2]},"east":{"uv":[5,0],"uv_size":[3,2]},"south":{"uv":[5,0],"uv_size":[3,2]},"west":{"uv":[5,0],"uv_size":[3,2]},"up":{"uv":[8,2],"uv_size":[-3,-2]},"down":{"uv":[8,2],"uv_size":[-3,-2]}}},{"origin":[-6,1,-1],"size":[1,1,1],"uv":{"north":{"uv":[5,0],"uv_size":[3,2]},"east":{"uv":[5,0],"uv_size":[3,2]},"south":{"uv":[5,0],"uv_size":[3,2]},"west":{"uv":[5,0],"uv_size":[3,2]},"up":{"uv":[8,2],"uv_size":[-3,-2]},"down":{"uv":[8,2],"uv_size":[-3,-2]}}},{"origin":[5,1,-1],"size":[1,1,1],"uv":{"north":{"uv":[5,0],"uv_size":[3,2]},"east":{"uv":[5,0],"uv_size":[3,2]},"south":{"uv":[5,0],"uv_size":[3,2]},"west":{"uv":[5,0],"uv_size":[3,2]},"up":{"uv":[8,2],"uv_size":[-3,-2]},"down":{"uv":[8,2],"uv_size":[-3,-2]}}},{"origin":[-7,2,-1],"size":[2,10,1],"uv":{"north":{"uv":[0,3],"uv_size":[4,24]},"east":{"uv":[0,4],"uv_size":[2,24]},"south":{"uv":[0,4],"uv_size":[4,24]},"west":{"uv":[30,4],"uv_size":[2,24]},"up":{"uv":[8,2],"uv_size":[-3,-2]},"down":{"uv":[8,32],"uv_size":[-3,-2]}}},{"origin":[-5,12,-1],"size":[10,2,1],"uv":{"north":{"uv":[5,0],"uv_size":[23,3]},"east":{"uv":[0,4],"uv_size":[2,4]},"south":{"uv":[5,0],"uv_size":[23,3]},"west":{"uv":[30,4],"uv_size":[2,4]},"up":{"uv":[28,2],"uv_size":[-23,-2]},"down":{"uv":[28,2],"uv_size":[-23,-2]}}},{"origin":[-5,0,-1],"size":[10,2,1],"uv":{"north":{"uv":[5,0],"uv_size":[23,3]},"east":{"uv":[0,4],"uv_size":[2,4]},"south":{"uv":[5,0],"uv_size":[23,3]},"west":{"uv":[30,4],"uv_size":[2,4]},"up":{"uv":[28,2],"uv_size":[-23,-2]},"down":{"uv":[28,2],"uv_size":[-23,-2]}}}]},{"name":"board_hit","parent":"board","pivot":[0,0,0],"cubes":[{"origin":[-2.5,1.025,-0.5],"size":[5,4.975,0.475],"uv":{"north":{"uv":[34,34],"uv_size":[28,28]},"east":{"uv":[32,36],"uv_size":[2,24]},"south":{"uv":[34,34],"uv_size":[28,28]},"west":{"uv":[62,36],"uv_size":[2,24]},"up":{"uv":[60,34],"uv_size":[-23,-2]},"down":{"uv":[60,64],"uv_size":[-23,-2]}}},{"origin":[2.5,1.025,-0.5],"size":[1,4.975,0.475],"uv":{"north":{"uv":[60,36],"uv_size":[4,24]},"east":{"uv":[32,36],"uv_size":[2,24]},"south":{"uv":[32,36],"uv_size":[4,24]},"west":{"uv":[62,36],"uv_size":[2,24]},"up":{"uv":[40,34],"uv_size":[-3,-2]},"down":{"uv":[40,64],"uv_size":[-3,-2]}}},{"origin":[2.5,6.025,-0.5],"size":[0.5,0.475,0.475],"uv":{"north":{"uv":[37,32],"uv_size":[3,2]},"east":{"uv":[37,32],"uv_size":[3,2]},"south":{"uv":[37,32],"uv_size":[3,2]},"west":{"uv":[37,32],"uv_size":[3,2]},"up":{"uv":[40,34],"uv_size":[-3,-2]},"down":{"uv":[40,34],"uv_size":[-3,-2]}}},{"origin":[-3,6.025,-0.5],"size":[0.5,0.475,0.475],"uv":{"north":{"uv":[37,32],"uv_size":[3,2]},"east":{"uv":[37,32],"uv_size":[3,2]},"south":{"uv":[37,32],"uv_size":[3,2]},"west":{"uv":[37,32],"uv_size":[3,2]},"up":{"uv":[40,34],"uv_size":[-3,-2]},"down":{"uv":[40,34],"uv_size":[-3,-2]}}},{"origin":[-3,0.525,-0.5],"size":[0.5,0.475,0.475],"uv":{"north":{"uv":[37,32],"uv_size":[3,2]},"east":{"uv":[37,32],"uv_size":[3,2]},"south":{"uv":[37,32],"uv_size":[3,2]},"west":{"uv":[37,32],"uv_size":[3,2]},"up":{"uv":[40,34],"uv_size":[-3,-2]},"down":{"uv":[40,34],"uv_size":[-3,-2]}}},{"origin":[2.5,0.525,-0.5],"size":[0.5,0.475,0.475],"uv":{"north":{"uv":[37,32],"uv_size":[3,2]},"east":{"uv":[37,32],"uv_size":[3,2]},"south":{"uv":[37,32],"uv_size":[3,2]},"west":{"uv":[37,32],"uv_size":[3,2]},"up":{"uv":[40,34],"uv_size":[-3,-2]},"down":{"uv":[40,34],"uv_size":[-3,-2]}}},{"origin":[-3.5,1.025,-0.5],"size":[1,4.975,0.475],"uv":{"north":{"uv":[32,35],"uv_size":[4,24]},"east":{"uv":[32,36],"uv_size":[2,24]},"south":{"uv":[32,36],"uv_size":[4,24]},"west":{"uv":[62,36],"uv_size":[2,24]},"up":{"uv":[40,34],"uv_size":[-3,-2]},"down":{"uv":[40,64],"uv_size":[-3,-2]}}},{"origin":[-2.5,6.025,-0.5],"size":[5,0.975,0.475],"uv":{"north":{"uv":[37,32],"uv_size":[23,3]},"east":{"uv":[32,36],"uv_size":[2,4]},"south":{"uv":[37,32],"uv_size":[23,3]},"west":{"uv":[62,36],"uv_size":[2,4]},"up":{"uv":[60,34],"uv_size":[-23,-2]},"down":{"uv":[60,34],"uv_size":[-23,-2]}}},{"origin":[-2.5,0.025,-0.5],"size":[5,0.975,0.475],"uv":{"north":{"uv":[37,32],"uv_size":[23,3]},"east":{"uv":[32,36],"uv_size":[2,4]},"south":{"uv":[37,32],"uv_size":[23,3]},"west":{"uv":[62,36],"uv_size":[2,4]},"up":{"uv":[60,34],"uv_size":[-23,-2]},"down":{"uv":[60,34],"uv_size":[-23,-2]}}}]}]}]}
