{"format_version":"1.12.0","minecraft:geometry":[{"description":{"identifier":"geometry.slotmachine","texture_width":128,"texture_height":128,"visible_bounds_width":3,"visible_bounds_height":3.5,"visible_bounds_offset":[0,1.25,0]},"bones":[{"name":"base","pivot":[0,0,0],"cubes":[{"origin":[-8,29,-6],"size":[16,5,14],"uv":{"north":{"uv":[48,50],"uv_size":[16,4]},"east":{"uv":[0,59],"uv_size":[14,4]},"south":{"uv":[32,54],"uv_size":[16,4]},"west":{"uv":[32,62],"uv_size":[14,4]},"up":{"uv":[32,32],"uv_size":[16,14]},"down":{"uv":[0,55],"uv_size":[16,-14]}}},{"origin":[-8,0,-8],"size":[16,4,16],"uv":{"north":{"uv":[48,54],"uv_size":[16,4]},"east":{"uv":[0,55],"uv_size":[16,4]},"south":{"uv":[32,58],"uv_size":[16,4]},"west":{"uv":[48,58],"uv_size":[16,4]},"up":{"uv":[0,25],"uv_size":[16,16]},"down":{"uv":[16,41],"uv_size":[16,-16]}}},{"origin":[-8,4,-0.2],"size":[16,25,8.2],"uv":{"north":{"uv":[0,0],"uv_size":[16,25]},"east":{"uv":[16,41],"uv_size":[8,25]},"south":{"uv":[16,0],"uv_size":[16,25]},"west":{"uv":[24,41],"uv_size":[8,25]},"up":{"uv":[32,46],"uv_size":[16,8]},"down":{"uv":[48,8],"uv_size":[16,-8]}}},{"origin":[5,4,-8],"size":[3,4.3,7.8],"uv":{"north":{"uv":[43,66],"uv_size":[3,4]},"east":{"uv":[64,36],"uv_size":[8,4]},"south":{"uv":[27,68],"uv_size":[3,4]},"west":{"uv":[64,40],"uv_size":[8,4]},"up":{"uv":[64,52],"uv_size":[3,8]},"down":{"uv":[16,74],"uv_size":[3,-8]}}},{"origin":[-8,4,-8],"size":[3,4.3,7.8],"uv":{"north":{"uv":[30,68],"uv_size":[3,4]},"east":{"uv":[64,44],"uv_size":[8,4]},"south":{"uv":[33,68],"uv_size":[3,4]},"west":{"uv":[64,48],"uv_size":[8,4]},"up":{"uv":[19,66],"uv_size":[3,8]},"down":{"uv":[22,74],"uv_size":[3,-8]}}},{"origin":[-8,8.3,-8],"size":[16,4.7,7.8],"uv":{"north":{"uv":[48,40],"uv_size":[16,5]},"east":{"uv":[64,6],"uv_size":[8,5]},"south":{"uv":[48,45],"uv_size":[16,5]},"west":{"uv":[64,11],"uv_size":[8,5]},"up":{"uv":[48,8],"uv_size":[16,8]},"down":{"uv":[48,24],"uv_size":[16,-8]}}},{"origin":[-4,3.3,-8.2],"size":[8,1,7],"uv":{"north":{"uv":[8,69],"uv_size":[8,1]},"east":{"uv":[76,22],"uv_size":[7,1]},"south":{"uv":[46,69],"uv_size":[8,1]},"west":{"uv":[76,23],"uv_size":[7,1]},"up":{"uv":[46,62],"uv_size":[8,7]},"down":{"uv":[54,69],"uv_size":[8,-7]}}},{"origin":[-4,8.2,-8.2],"size":[8,1.1,7],"uv":{"north":{"uv":[54,69],"uv_size":[8,1]},"east":{"uv":[76,28],"uv_size":[7,1]},"south":{"uv":[62,69],"uv_size":[8,1]},"west":{"uv":[29,76],"uv_size":[7,1]},"up":{"uv":[62,62],"uv_size":[8,7]},"down":{"uv":[0,70],"uv_size":[8,-7]}}},{"origin":[-5,3.3,-8.2],"size":[1,5,8],"uv":{"north":{"uv":[40,76],"uv_size":[1,5]},"east":{"uv":[64,16],"uv_size":[8,5]},"south":{"uv":[41,76],"uv_size":[1,5]},"west":{"uv":[64,21],"uv_size":[8,5]},"up":{"uv":[40,68],"uv_size":[1,8]},"down":{"uv":[41,76],"uv_size":[1,-8]}}},{"origin":[4,3.3,-8.2],"size":[1,5,8],"uv":{"north":{"uv":[76,41],"uv_size":[1,5]},"east":{"uv":[64,26],"uv_size":[8,5]},"south":{"uv":[42,76],"uv_size":[1,5]},"west":{"uv":[64,31],"uv_size":[8,5]},"up":{"uv":[42,68],"uv_size":[1,8]},"down":{"uv":[0,78],"uv_size":[1,-8]}}},{"origin":[-4,3.3,-1.2],"size":[8,6,1],"uv":{"north":{"uv":[8,63],"uv_size":[8,6]},"east":{"uv":[76,29],"uv_size":[1,6]},"south":{"uv":[64,0],"uv_size":[8,6]},"west":{"uv":[76,35],"uv_size":[1,6]},"up":{"uv":[1,70],"uv_size":[8,1]},"down":{"uv":[43,71],"uv_size":[8,-1]}}}]},{"name":"slots","parent":"base","pivot":[0,21,2.6],"rotation":[-90,0,0]},{"name":"slot","parent":"slots","pivot":[-2.7505,21.25,3.1],"rotation":[0,0,-90],"cubes":[{"origin":[-4.61446,20.1255,-1.4],"size":[3.72792,2.25,2.25],"pivot":[-2.7505,21.2495,3.1],"rotation":[0,-45,0],"uv":{"north":{"uv":[96,67],"uv_size":[27,18]},"east":{"uv":[76,46],"uv_size":[2,2]},"south":{"uv":[51,70],"uv_size":[4,2]},"west":{"uv":[76,48],"uv_size":[2,2]},"up":{"uv":[55,70],"uv_size":[4,2]},"down":{"uv":[59,72],"uv_size":[4,-2]}}},{"origin":[-4.61446,20.1245,-1.4],"size":[3.72792,2.25,2.25],"uv":{"north":{"uv":[96,86],"uv_size":[27,18]},"east":{"uv":[76,50],"uv_size":[2,2]},"south":{"uv":[63,70],"uv_size":[4,2]},"west":{"uv":[51,76],"uv_size":[2,2]},"up":{"uv":[70,64],"uv_size":[4,2]},"down":{"uv":[70,68],"uv_size":[4,-2]}}},{"origin":[-4.61446,20.1255,5.35],"size":[3.72792,2.25,2.25],"pivot":[-2.7505,21.2495,3.1],"rotation":[0,-45,0],"uv":{"north":{"uv":[67,70],"uv_size":[4,2]},"east":{"uv":[53,76],"uv_size":[2,2]},"south":{"uv":[72,106],"uv_size":[23,14]},"west":{"uv":[55,76],"uv_size":[2,2]},"up":{"uv":[1,71],"uv_size":[4,2]},"down":{"uv":[5,73],"uv_size":[4,-2]}}},{"origin":[-4.61446,20.1245,5.35],"size":[3.72792,2.25,2.25],"uv":{"north":{"uv":[43,71],"uv_size":[4,2]},"east":{"uv":[57,76],"uv_size":[2,2]},"south":{"uv":[72,78],"uv_size":[23,14]},"west":{"uv":[59,76],"uv_size":[2,2]},"up":{"uv":[71,52],"uv_size":[4,2]},"down":{"uv":[71,56],"uv_size":[4,-2]}}},{"origin":[-0.5005,20.1255,1.23604],"size":[2.25,2.25,3.72792],"pivot":[-2.7505,21.2495,3.1],"rotation":[0,-45,0],"uv":{"north":{"uv":[61,76],"uv_size":[2,2]},"east":{"uv":[71,56],"uv_size":[4,2]},"south":{"uv":[63,76],"uv_size":[2,2]},"west":{"uv":[87,20],"uv_size":[24,16]},"up":{"uv":[14,59],"uv_size":[2,4]},"down":{"uv":[13,74],"uv_size":[2,-4]}}},{"origin":[-0.5005,20.1245,1.23604],"size":[2.25,2.25,3.72792],"uv":{"north":{"uv":[65,76],"uv_size":[2,2]},"east":{"uv":[71,70],"uv_size":[4,2]},"south":{"uv":[67,76],"uv_size":[2,2]},"west":{"uv":[83,40],"uv_size":[36,26]},"up":{"uv":[72,2],"uv_size":[2,4]},"down":{"uv":[72,10],"uv_size":[2,-4]}}},{"origin":[-7.2505,20.1255,1.23604],"size":[2.25,2.25,3.72792],"pivot":[-2.7505,21.2495,3.1],"rotation":[0,-45,0],"uv":{"north":{"uv":[69,76],"uv_size":[2,2]},"east":{"uv":[96,106],"uv_size":[23,14]},"south":{"uv":[71,76],"uv_size":[2,2]},"west":{"uv":[72,10],"uv_size":[4,2]},"up":{"uv":[72,12],"uv_size":[2,4]},"down":{"uv":[72,20],"uv_size":[2,-4]}}},{"origin":[-7.2505,20.1245,1.23604],"size":[2.25,2.25,3.72792],"uv":{"north":{"uv":[73,76],"uv_size":[2,2]},"east":{"uv":[72,92],"uv_size":[23,14]},"south":{"uv":[75,76],"uv_size":[2,2]},"west":{"uv":[72,22],"uv_size":[4,2]},"up":{"uv":[72,24],"uv_size":[2,4]},"down":{"uv":[27,76],"uv_size":[2,-4]}}}]},{"name":"slot2","parent":"slots","pivot":[0.2495,21.25,3.1],"rotation":[0,0,-90],"cubes":[{"origin":[-1.61446,20.1255,-1.4],"size":[3.72792,2.25,2.25],"pivot":[0.2495,21.2495,3.1],"rotation":[0,-45,0],"uv":{"north":{"uv":[96,67],"uv_size":[27,18]},"east":{"uv":[1,77],"uv_size":[2,2]},"south":{"uv":[29,72],"uv_size":[4,2]},"west":{"uv":[3,77],"uv_size":[2,2]},"up":{"uv":[72,30],"uv_size":[4,2]},"down":{"uv":[72,34],"uv_size":[4,-2]}}},{"origin":[-1.61446,20.1245,-1.4],"size":[3.72792,2.25,2.25],"uv":{"north":{"uv":[96,86],"uv_size":[27,18]},"east":{"uv":[5,77],"uv_size":[2,2]},"south":{"uv":[72,36],"uv_size":[4,2]},"west":{"uv":[7,77],"uv_size":[2,2]},"up":{"uv":[72,38],"uv_size":[4,2]},"down":{"uv":[72,42],"uv_size":[4,-2]}}},{"origin":[-1.61446,20.1255,5.35],"size":[3.72792,2.25,2.25],"pivot":[0.2495,21.2495,3.1],"rotation":[0,-45,0],"uv":{"north":{"uv":[72,42],"uv_size":[4,2]},"east":{"uv":[29,77],"uv_size":[2,2]},"south":{"uv":[72,106],"uv_size":[23,14]},"west":{"uv":[77,29],"uv_size":[2,2]},"up":{"uv":[72,46],"uv_size":[4,2]},"down":{"uv":[72,50],"uv_size":[4,-2]}}},{"origin":[-1.61446,20.1245,5.35],"size":[3.72792,2.25,2.25],"uv":{"north":{"uv":[72,50],"uv_size":[4,2]},"east":{"uv":[31,77],"uv_size":[2,2]},"south":{"uv":[72,78],"uv_size":[23,14]},"west":{"uv":[77,31],"uv_size":[2,2]},"up":{"uv":[55,72],"uv_size":[4,2]},"down":{"uv":[59,74],"uv_size":[4,-2]}}},{"origin":[2.4995,20.1255,1.23604],"size":[2.25,2.25,3.72792],"pivot":[0.2495,21.2495,3.1],"rotation":[0,-45,0],"uv":{"north":{"uv":[33,77],"uv_size":[2,2]},"east":{"uv":[63,72],"uv_size":[4,2]},"south":{"uv":[77,33],"uv_size":[2,2]},"west":{"uv":[87,20],"uv_size":[24,16]},"up":{"uv":[33,72],"uv_size":[2,4]},"down":{"uv":[71,76],"uv_size":[2,-4]}}},{"origin":[2.4995,20.1245,1.23604],"size":[2.25,2.25,3.72792],"uv":{"north":{"uv":[77,35],"uv_size":[2,2]},"east":{"uv":[1,73],"uv_size":[4,2]},"south":{"uv":[77,37],"uv_size":[2,2]},"west":{"uv":[83,40],"uv_size":[36,26]},"up":{"uv":[43,73],"uv_size":[2,4]},"down":{"uv":[45,77],"uv_size":[2,-4]}}},{"origin":[-4.2505,20.1255,1.23604],"size":[2.25,2.25,3.72792],"pivot":[0.2495,21.2495,3.1],"rotation":[0,-45,0],"uv":{"north":{"uv":[77,39],"uv_size":[2,2]},"east":{"uv":[96,106],"uv_size":[23,14]},"south":{"uv":[77,41],"uv_size":[2,2]},"west":{"uv":[73,72],"uv_size":[4,2]},"up":{"uv":[74,2],"uv_size":[2,4]},"down":{"uv":[74,10],"uv_size":[2,-4]}}},{"origin":[-4.2505,20.1245,1.23604],"size":[2.25,2.25,3.72792],"uv":{"north":{"uv":[43,77],"uv_size":[2,2]},"east":{"uv":[72,92],"uv_size":[23,14]},"south":{"uv":[77,43],"uv_size":[2,2]},"west":{"uv":[74,12],"uv_size":[4,2]},"up":{"uv":[13,74],"uv_size":[2,4]},"down":{"uv":[74,18],"uv_size":[2,-4]}}}]},{"name":"slot3","parent":"slots","pivot":[3.2495,21.25,3.1],"rotation":[0,0,-90],"cubes":[{"origin":[1.38554,20.1255,-1.4],"size":[3.72792,2.25,2.25],"pivot":[3.2495,21.2495,3.1],"rotation":[0,-45,0],"uv":{"north":{"uv":[96,67],"uv_size":[27,18]},"east":{"uv":[45,77],"uv_size":[2,2]},"south":{"uv":[74,18],"uv_size":[4,2]},"west":{"uv":[77,56],"uv_size":[2,2]},"up":{"uv":[19,74],"uv_size":[4,2]},"down":{"uv":[74,26],"uv_size":[4,-2]}}},{"origin":[1.38554,20.1245,-1.4],"size":[3.72792,2.25,2.25],"uv":{"north":{"uv":[96,86],"uv_size":[27,18]},"east":{"uv":[77,58],"uv_size":[2,2]},"south":{"uv":[29,74],"uv_size":[4,2]},"west":{"uv":[77,72],"uv_size":[2,2]},"up":{"uv":[51,74],"uv_size":[4,2]},"down":{"uv":[55,76],"uv_size":[4,-2]}}},{"origin":[1.38554,20.1255,5.35],"size":[3.72792,2.25,2.25],"pivot":[3.2495,21.2495,3.1],"rotation":[0,-45,0],"uv":{"north":{"uv":[59,74],"uv_size":[4,2]},"east":{"uv":[77,74],"uv_size":[2,2]},"south":{"uv":[72,106],"uv_size":[23,14]},"west":{"uv":[77,76],"uv_size":[2,2]},"up":{"uv":[63,74],"uv_size":[4,2]},"down":{"uv":[74,66],"uv_size":[4,-2]}}},{"origin":[1.38554,20.1245,5.35],"size":[3.72792,2.25,2.25],"uv":{"north":{"uv":[74,66],"uv_size":[4,2]},"east":{"uv":[78,2],"uv_size":[2,2]},"south":{"uv":[72,78],"uv_size":[23,14]},"west":{"uv":[78,4],"uv_size":[2,2]},"up":{"uv":[74,68],"uv_size":[4,2]},"down":{"uv":[73,76],"uv_size":[4,-2]}}},{"origin":[5.4995,20.1255,1.23604],"size":[2.25,2.25,3.72792],"pivot":[3.2495,21.2495,3.1],"rotation":[0,-45,0],"uv":{"north":{"uv":[78,6],"uv_size":[2,2]},"east":{"uv":[1,75],"uv_size":[4,2]},"south":{"uv":[78,8],"uv_size":[2,2]},"west":{"uv":[87,20],"uv_size":[24,16]},"up":{"uv":[23,74],"uv_size":[2,4]},"down":{"uv":[47,79],"uv_size":[2,-4]}}},{"origin":[5.4995,20.1245,1.23604],"size":[2.25,2.25,3.72792],"uv":{"north":{"uv":[9,78],"uv_size":[2,2]},"east":{"uv":[75,52],"uv_size":[4,2]},"south":{"uv":[11,78],"uv_size":[2,2]},"west":{"uv":[83,40],"uv_size":[36,26]},"up":{"uv":[49,75],"uv_size":[2,4]},"down":{"uv":[75,60],"uv_size":[2,-4]}}},{"origin":[-1.2505,20.1255,1.23604],"size":[2.25,2.25,3.72792],"pivot":[3.2495,21.2495,3.1],"rotation":[0,-45,0],"uv":{"north":{"uv":[78,12],"uv_size":[2,2]},"east":{"uv":[96,106],"uv_size":[23,14]},"south":{"uv":[13,78],"uv_size":[2,2]},"west":{"uv":[76,0],"uv_size":[4,2]},"up":{"uv":[76,2],"uv_size":[2,4]},"down":{"uv":[76,10],"uv_size":[2,-4]}}},{"origin":[-1.2505,20.1245,1.23604],"size":[2.25,2.25,3.72792],"uv":{"north":{"uv":[78,14],"uv_size":[2,2]},"east":{"uv":[72,92],"uv_size":[23,14]},"south":{"uv":[78,16],"uv_size":[2,2]},"west":{"uv":[76,10],"uv_size":[4,2]},"up":{"uv":[76,14],"uv_size":[2,4]},"down":{"uv":[15,80],"uv_size":[2,-4]}}}]},{"name":"buttonpanel","parent":"base","pivot":[0,13,-4],"cubes":[{"origin":[-8,13,-8],"size":[16,0.5,7.8],"uv":{"north":{"uv":[64,60],"uv_size":[16,1]},"east":{"uv":[76,20],"uv_size":[8,1]},"south":{"uv":[64,61],"uv_size":[16,1]},"west":{"uv":[76,21],"uv_size":[8,1]},"up":{"uv":[48,24],"uv_size":[16,8]},"down":{"uv":[48,40],"uv_size":[16,-8]}}},{"origin":[-8,13.5,-1],"size":[16,15.5,0.8],"uv":{"north":{"uv":[32,0],"uv_size":[16,16]},"east":{"uv":[25,66],"uv_size":[1,16]},"south":{"uv":[32,16],"uv_size":[16,16]},"west":{"uv":[26,66],"uv_size":[1,16]},"up":{"uv":[27,66],"uv_size":[16,1]},"down":{"uv":[27,68],"uv_size":[16,-1]}}},{"origin":[-6,13,-4],"size":[2,1,2],"uv":{"north":{"uv":[78,51],"uv_size":[2,1]},"east":{"uv":[61,78],"uv_size":[2,1]},"south":{"uv":[78,62],"uv_size":[2,1]},"west":{"uv":[63,78],"uv_size":[2,1]},"up":{"uv":[78,18],"uv_size":[2,2]},"down":{"uv":[23,80],"uv_size":[2,-2]}}},{"origin":[-3,13,-6],"size":[2,1,2],"uv":{"north":{"uv":[78,63],"uv_size":[2,1]},"east":{"uv":[78,64],"uv_size":[2,1]},"south":{"uv":[65,78],"uv_size":[2,1]},"west":{"uv":[78,65],"uv_size":[2,1]},"up":{"uv":[78,24],"uv_size":[2,2]},"down":{"uv":[78,28],"uv_size":[2,-2]}}}]},{"name":"lever","parent":"base","pivot":[8,12,1],"cubes":[{"origin":[8,11,0],"size":[0.3,2,2],"uv":{"north":{"uv":[15,70],"uv_size":[1,2]},"east":{"uv":[78,45],"uv_size":[2,2]},"south":{"uv":[15,72],"uv_size":[1,2]},"west":{"uv":[78,47],"uv_size":[2,2]},"up":{"uv":[35,72],"uv_size":[1,2]},"down":{"uv":[35,76],"uv_size":[1,-2]}}},{"origin":[8.3,10,-1],"size":[2,4,4],"uv":{"north":{"uv":[17,76],"uv_size":[2,4]},"east":{"uv":[67,52],"uv_size":[4,4]},"south":{"uv":[19,76],"uv_size":[2,4]},"west":{"uv":[67,56],"uv_size":[4,4]},"up":{"uv":[21,76],"uv_size":[2,4]},"down":{"uv":[27,80],"uv_size":[2,-4]}}},{"origin":[8.8,11,0.5],"size":[1,12,1],"uv":{"north":{"uv":[36,68],"uv_size":[1,12]},"east":{"uv":[37,68],"uv_size":[1,12]},"south":{"uv":[38,68],"uv_size":[1,12]},"west":{"uv":[39,68],"uv_size":[1,12]},"up":{"uv":[35,77],"uv_size":[1,1]},"down":{"uv":[77,46],"uv_size":[1,-1]}}},{"origin":[8.3,22.5,0],"size":[2,2,2],"uv":{"north":{"uv":[78,49],"uv_size":[2,2]},"east":{"uv":[51,78],"uv_size":[2,2]},"south":{"uv":[53,78],"uv_size":[2,2]},"west":{"uv":[55,78],"uv_size":[2,2]},"up":{"uv":[57,78],"uv_size":[2,2]},"down":{"uv":[59,80],"uv_size":[2,-2]}}}]}]}]}
