{"format_version":"1.12.0","minecraft:geometry":[{"description":{"identifier":"geometry.soccerball","texture_width":16,"texture_height":16,"visible_bounds_width":2,"visible_bounds_height":2.5,"visible_bounds_offset":[0,0.75,0]},"bones":[{"name":"root","pivot":[0,4,0],"cubes":[{"origin":[-4,0,-4],"size":[8,8,8],"uv":{"north":{"uv":[8,0],"uv_size":[8,8]},"east":{"uv":[8,0],"uv_size":[8,8]},"south":{"uv":[8,0],"uv_size":[8,8]},"west":{"uv":[8,0],"uv_size":[8,8]},"up":{"uv":[16,8],"uv_size":[-8,-8]},"down":{"uv":[16,8],"uv_size":[-8,-8]}}}]}]}]}
