{"format_version":"1.12.0","minecraft:geometry":[{"description":{"identifier":"geometry.waterspray","texture_width":16,"texture_height":16,"visible_bounds_width":2,"visible_bounds_height":1.5,"visible_bounds_offset":[0,0.25,0]},"bones":[{"name":"bb_main","pivot":[0,0,0],"cubes":[{"origin":[1,0,0],"size":[1,1,1],"uv":[6,0]},{"origin":[1,0,1],"size":[1,1,1],"uv":[0,6]},{"origin":[0,0,0],"size":[1,1,1],"uv":[3,3]},{"origin":[0,1,0],"size":[1,1,1],"uv":[0,2]},{"origin":[0,1,1],"size":[1,1,1],"uv":[0,0]},{"origin":[0,0,1],"size":[1,1,1],"uv":[3,1]},{"origin":[1,1,1],"size":[1,1,1],"uv":[3,5]},{"origin":[1,1,0],"size":[1,1,1],"uv":[0,4]}]}]}]}
