{"format_version":"1.12.0","minecraft:geometry":[{"description":{"identifier":"geometry.police","texture_width":256,"texture_height":256,"visible_bounds_width":7,"visible_bounds_height":3.5,"visible_bounds_offset":[0,1.25,0]},"bones":[{"name":"root","pivot":[11.71599,11.86652,0]},{"name":"base","parent":"root","pivot":[11.71599,11.86652,0],"cubes":[{"origin":[11,10.18986,-31.66601],"size":[3.25,1,5.44214],"pivot":[12.5,4.93986,-29.04494],"rotation":[-90,0,0],"uv":{"north":{"uv":[148,109],"uv_size":[3.5,1]},"east":{"uv":[143,18],"uv_size":[5.5,1]},"south":{"uv":[148,110],"uv_size":[3.5,1]},"west":{"uv":[63,143],"uv_size":[5.5,1]},"up":{"uv":[66,128],"uv_size":[3.5,5.5]},"down":{"uv":[82,133.5],"uv_size":[3.5,-5.5]}}},{"origin":[11,9.00018,-24.5982],"size":[3.25,1,5.21714],"inflate":0.002,"pivot":[12.625,9.75018,-21.25214],"rotation":[45,0,0],"uv":{"north":{"uv":[148,107],"uv_size":[3.5,1]},"east":{"uv":[144,59],"uv_size":[5,1]},"south":{"uv":[148,108],"uv_size":[3.5,1]},"west":{"uv":[144,60],"uv_size":[5,1]},"up":{"uv":[25,131],"uv_size":[3.5,5]},"down":{"uv":[39,136],"uv_size":[3.5,-5]}}},{"origin":[11,10.25,-20.11127],"size":[3.25,1,5.21714],"uv":{"north":{"uv":[148,100],"uv_size":[3.5,1]},"east":{"uv":[144,2],"uv_size":[5,1]},"south":{"uv":[148,106],"uv_size":[3.5,1]},"west":{"uv":[144,3],"uv_size":[5,1]},"up":{"uv":[17,131],"uv_size":[3.5,5]},"down":{"uv":[21,136],"uv_size":[3.5,-5]}}},{"origin":[11,9.00018,-15.61893],"size":[3.25,1,5.21714],"inflate":0.002,"pivot":[12.625,9.75018,-13.74786],"rotation":[-45,0,0],"uv":{"north":{"uv":[148,98],"uv_size":[3.5,1]},"east":{"uv":[144,0],"uv_size":[5,1]},"south":{"uv":[148,99],"uv_size":[3.5,1]},"west":{"uv":[144,1],"uv_size":[5,1]},"up":{"uv":[121,130],"uv_size":[3.5,5]},"down":{"uv":[0,136],"uv_size":[3.5,-5]}}},{"origin":[11,10.18986,-20.07613],"size":[3.25,1,5.44214],"pivot":[12.5,4.93986,-17.45506],"rotation":[-90,0,0],"uv":{"north":{"uv":[38,148],"uv_size":[3.5,1]},"east":{"uv":[142,30],"uv_size":[5.5,1]},"south":{"uv":[148,97],"uv_size":[3.5,1]},"west":{"uv":[142,69],"uv_size":[5.5,1]},"up":{"uv":[49,128],"uv_size":[3.5,5.5]},"down":{"uv":[62,133.5],"uv_size":[3.5,-5.5]}}},{"origin":[11,10.18986,14.63399],"size":[3.25,1,5.44214],"pivot":[12.5,4.93986,17.45506],"rotation":[90,0,0],"uv":{"north":{"uv":[148,134],"uv_size":[3.5,1]},"east":{"uv":[143,113],"uv_size":[5.5,1]},"south":{"uv":[135,148],"uv_size":[3.5,1]},"west":{"uv":[143,114],"uv_size":[5.5,1]},"up":{"uv":[129,10],"uv_size":[3.5,5.5]},"down":{"uv":[129,39.5],"uv_size":[3.5,-5.5]}}},{"origin":[11,9.00018,10.4018],"size":[3.25,1,5.21714],"inflate":0.002,"pivot":[12.625,9.75018,13.74786],"rotation":[45,0,0],"uv":{"north":{"uv":[148,132],"uv_size":[3.5,1]},"east":{"uv":[144,73],"uv_size":[5,1]},"south":{"uv":[148,133],"uv_size":[3.5,1]},"west":{"uv":[144,74],"uv_size":[5,1]},"up":{"uv":[131,111],"uv_size":[3.5,5]},"down":{"uv":[131,127],"uv_size":[3.5,-5]}}},{"origin":[11,10.25,14.89413],"size":[3.25,1,5.21714],"uv":{"north":{"uv":[148,130],"uv_size":[3.5,1]},"east":{"uv":[144,71],"uv_size":[5,1]},"south":{"uv":[148,131],"uv_size":[3.5,1]},"west":{"uv":[144,72],"uv_size":[5,1]},"up":{"uv":[94,131],"uv_size":[3.5,5]},"down":{"uv":[131,111],"uv_size":[3.5,-5]}}},{"origin":[11,9.00018,19.38107],"size":[3.25,1,5.21714],"inflate":0.002,"pivot":[12.625,9.75018,21.25214],"rotation":[-45,0,0],"uv":{"north":{"uv":[148,117],"uv_size":[3.5,1]},"east":{"uv":[144,61],"uv_size":[5,1]},"south":{"uv":[148,129],"uv_size":[3.5,1]},"west":{"uv":[144,62],"uv_size":[5,1]},"up":{"uv":[43,131],"uv_size":[3.5,5]},"down":{"uv":[56,136],"uv_size":[3.5,-5]}}},{"origin":[11,10.18986,26.22387],"size":[3.25,1,5.44214],"pivot":[12.5,4.93986,29.04494],"rotation":[90,0,0],"uv":{"north":{"uv":[148,111],"uv_size":[3.5,1]},"east":{"uv":[108,143],"uv_size":[5.5,1]},"south":{"uv":[148,116],"uv_size":[3.5,1]},"west":{"uv":[143,112],"uv_size":[5.5,1]},"up":{"uv":[129,4],"uv_size":[3.5,5.5]},"down":{"uv":[10,134.5],"uv_size":[3.5,-5.5]}}},{"origin":[-14.25,9.00018,19.38107],"size":[3.25,1,5.21714],"inflate":0.002,"pivot":[-12.625,9.75018,21.25214],"rotation":[-45,0,0],"uv":{"north":{"uv":[149,25],"uv_size":[3.5,1]},"east":{"uv":[145,51],"uv_size":[5,1]},"south":{"uv":[149,26],"uv_size":[3.5,1]},"west":{"uv":[145,52],"uv_size":[5,1]},"up":{"uv":[133,34],"uv_size":[3.5,5]},"down":{"uv":[133,44],"uv_size":[3.5,-5]}}},{"origin":[-14.25,10.18986,26.22387],"size":[3.25,1,5.44214],"pivot":[-12.5,4.93986,29.04494],"rotation":[90,0,0],"uv":{"north":{"uv":[149,24],"uv_size":[3.5,1]},"east":{"uv":[143,127],"uv_size":[5.5,1]},"south":{"uv":[25,149],"uv_size":[3.5,1]},"west":{"uv":[143,128],"uv_size":[5.5,1]},"up":{"uv":[99,130],"uv_size":[3.5,5.5]},"down":{"uv":[130,105.5],"uv_size":[3.5,-5.5]}}},{"origin":[-14.25,10.25,14.89413],"size":[3.25,1,5.21714],"uv":{"north":{"uv":[149,18],"uv_size":[3.5,1]},"east":{"uv":[38,145],"uv_size":[5,1]},"south":{"uv":[21,149],"uv_size":[3.5,1]},"west":{"uv":[145,50],"uv_size":[5,1]},"up":{"uv":[133,9],"uv_size":[3.5,5]},"down":{"uv":[29,138],"uv_size":[3.5,-5]}}},{"origin":[-14.25,9.00018,10.4018],"size":[3.25,1,5.21714],"inflate":0.002,"pivot":[-12.625,9.75018,13.74786],"rotation":[45,0,0],"uv":{"north":{"uv":[149,2],"uv_size":[3.5,1]},"east":{"uv":[145,11],"uv_size":[5,1]},"south":{"uv":[149,3],"uv_size":[3.5,1]},"west":{"uv":[145,12],"uv_size":[5,1]},"up":{"uv":[129,132],"uv_size":[3.5,5]},"down":{"uv":[133,9],"uv_size":[3.5,-5]}}},{"origin":[-14.25,10.18986,14.63399],"size":[3.25,1,5.44214],"pivot":[-12.5,4.93986,17.45506],"rotation":[90,0,0],"uv":{"north":{"uv":[149,0],"uv_size":[3.5,1]},"east":{"uv":[143,125],"uv_size":[5.5,1]},"south":{"uv":[149,1],"uv_size":[3.5,1]},"west":{"uv":[143,126],"uv_size":[5.5,1]},"up":{"uv":[86,129],"uv_size":[3.5,5.5]},"down":{"uv":[90,134.5],"uv_size":[3.5,-5.5]}}},{"origin":[-14.25,9.00018,-15.61893],"size":[3.25,1,5.21714],"inflate":0.002,"pivot":[-12.625,9.75018,-13.74786],"rotation":[-45,0,0],"uv":{"north":{"uv":[144,148],"uv_size":[3.5,1]},"east":{"uv":[144,143],"uv_size":[5,1]},"south":{"uv":[148,148],"uv_size":[3.5,1]},"west":{"uv":[144,144],"uv_size":[5,1]},"up":{"uv":[132,67],"uv_size":[3.5,5]},"down":{"uv":[125,137],"uv_size":[3.5,-5]}}},{"origin":[-14.25,10.18986,-20.07613],"size":[3.25,1,5.44214],"pivot":[-12.5,4.93986,-17.45506],"rotation":[-90,0,0],"uv":{"north":{"uv":[148,141],"uv_size":[3.5,1]},"east":{"uv":[143,123],"uv_size":[5.5,1]},"south":{"uv":[148,142],"uv_size":[3.5,1]},"west":{"uv":[143,124],"uv_size":[5.5,1]},"up":{"uv":[129,46],"uv_size":[3.5,5.5]},"down":{"uv":[129,57.5],"uv_size":[3.5,-5.5]}}},{"origin":[-14.25,10.25,-20.11127],"size":[3.25,1,5.21714],"uv":{"north":{"uv":[148,139],"uv_size":[3.5,1]},"east":{"uv":[144,102],"uv_size":[5,1]},"south":{"uv":[148,140],"uv_size":[3.5,1]},"west":{"uv":[108,144],"uv_size":[5,1]},"up":{"uv":[132,19],"uv_size":[3.5,5]},"down":{"uv":[132,29],"uv_size":[3.5,-5]}}},{"origin":[-14.25,9.00018,-24.5982],"size":[3.25,1,5.21714],"inflate":0.002,"pivot":[-12.625,9.75018,-21.25214],"rotation":[45,0,0],"uv":{"north":{"uv":[148,137],"uv_size":[3.5,1]},"east":{"uv":[86,144],"uv_size":[5,1]},"south":{"uv":[148,138],"uv_size":[3.5,1]},"west":{"uv":[144,101],"uv_size":[5,1]},"up":{"uv":[131,127],"uv_size":[3.5,5]},"down":{"uv":[4,137],"uv_size":[3.5,-5]}}},{"origin":[-14.25,10.18986,-31.66601],"size":[3.25,1,5.44214],"pivot":[-12.5,4.93986,-29.04494],"rotation":[-90,0,0],"uv":{"north":{"uv":[148,135],"uv_size":[3.5,1]},"east":{"uv":[143,115],"uv_size":[5.5,1]},"south":{"uv":[148,136],"uv_size":[3.5,1]},"west":{"uv":[143,122],"uv_size":[5.5,1]},"up":{"uv":[35,129],"uv_size":[3.5,5.5]},"down":{"uv":[129,45.5],"uv_size":[3.5,-5.5]}}},{"origin":[11.45413,13.39647,-9.84776],"size":[0.51185,3.76678,11.91875],"inflate":0.006,"pivot":[11.70413,10.02147,1.40224],"rotation":[10,0,0],"uv":{"north":{"uv":[140,148],"uv_size":[0.5,4]},"east":{"uv":[0,116],"uv_size":[12,4]},"south":{"uv":[29,149],"uv_size":[0.5,4]},"west":{"uv":[116,83],"uv_size":[12,4]},"up":{"uv":[44,141],"uv_size":[0.5,12]},"down":{"uv":[80,153],"uv_size":[0.5,-12]}}},{"origin":[-11.96599,13.39647,-9.84776],"size":[0.51185,3.76678,11.91875],"inflate":0.006,"pivot":[-11.70413,10.02147,1.40224],"rotation":[10,0,0],"uv":{"north":{"uv":[93,149],"uv_size":[0.5,4]},"east":{"uv":[117,51],"uv_size":[12,4]},"south":{"uv":[94,149],"uv_size":[0.5,4]},"west":{"uv":[117,55],"uv_size":[12,4]},"up":{"uv":[7,143],"uv_size":[0.5,12]},"down":{"uv":[8,155],"uv_size":[0.5,-12]}}},{"origin":[-11.47784,14.1058,-25.10622],"size":[22.95568,0.5,16.15],"pivot":[0,14.3558,-17.23122],"rotation":[5,0,0],"uv":{"north":{"uv":[137,63],"uv_size":[23,0.5]},"east":{"uv":[139,27],"uv_size":[16,0.5]},"south":{"uv":[137,64],"uv_size":[23,0.5]},"west":{"uv":[139,70],"uv_size":[16,0.5]},"up":{"uv":[46,48],"uv_size":[23,16]},"down":{"uv":[64,16],"uv_size":[23,-16]}}},{"origin":[-11.97784,12.1058,-25.10622],"size":[0.5,2.5,14.97365],"pivot":[-0.5,14.3558,-17.23122],"rotation":[5,0,0],"uv":{"north":{"uv":[116,149],"uv_size":[0.5,2.5]},"east":{"uv":[121,116],"uv_size":[15,2.5]},"south":{"uv":[117,149],"uv_size":[0.5,2.5]},"west":{"uv":[121,119],"uv_size":[15,2.5]},"up":{"uv":[37,139],"uv_size":[0.5,15]},"down":{"uv":[123,154],"uv_size":[0.5,-15]}}},{"origin":[11.47784,12.1058,-25.10622],"size":[0.5,2.5,14.97365],"pivot":[0.5,14.3558,-17.23122],"rotation":[5,0,0],"uv":{"north":{"uv":[118,149],"uv_size":[0.5,2.5]},"east":{"uv":[122,59],"uv_size":[15,2.5]},"south":{"uv":[119,149],"uv_size":[0.5,2.5]},"west":{"uv":[122,62],"uv_size":[15,2.5]},"up":{"uv":[2,140],"uv_size":[0.5,15]},"down":{"uv":[17,155],"uv_size":[0.5,-15]}}},{"origin":[-9.47784,2.36652,11.5],"size":[18.95568,7.5,11.5],"uv":{"north":{"uv":[81,100],"uv_size":[19,7.5]},"east":{"uv":[37,106],"uv_size":[11.5,7.5]},"south":{"uv":[100,100],"uv_size":[19,7.5]},"west":{"uv":[106,43],"uv_size":[11.5,7.5]},"up":{"uv":[0,71],"uv_size":[19,11.5]},"down":{"uv":[19,82.5],"uv_size":[19,-11.5]}}},{"origin":[-9.47784,2.36652,-23],"size":[18.95568,7.5,11.5],"uv":{"north":{"uv":[103,59],"uv_size":[19,7.5]},"east":{"uv":[0,108],"uv_size":[11.5,7.5]},"south":{"uv":[103,67],"uv_size":[19,7.5]},"west":{"uv":[108,75],"uv_size":[11.5,7.5]},"up":{"uv":[38,76],"uv_size":[19,11.5]},"down":{"uv":[57,87.5],"uv_size":[19,-11.5]}}},{"origin":[-11.72784,2.86652,-9.45],"size":[23.45568,12,0.75],"uv":{"north":{"uv":[69,40],"uv_size":[23.5,10.5]},"east":{"uv":[61,138],"uv_size":[1,10.5]},"south":{"uv":[69,51],"uv_size":[23.5,10.5]},"west":{"uv":[9,139],"uv_size":[1,10.5]},"up":{"uv":[126,75],"uv_size":[23.5,1]},"down":{"uv":[126,77],"uv_size":[23.5,-1]}}},{"origin":[-12.47784,5.11652,-17.75],"size":[24.95568,0.5,0.75],"uv":{"north":{"uv":[129,58],"uv_size":[25,0.5]},"east":{"uv":[128,34],"uv_size":[1,0.5]},"south":{"uv":[133,14],"uv_size":[25,0.5]},"west":{"uv":[88,128],"uv_size":[1,0.5]},"up":{"uv":[124,87],"uv_size":[25,1]},"down":{"uv":[124,89],"uv_size":[25,-1]}}},{"origin":[-12.47784,5.11652,17],"size":[24.95568,0.5,0.75],"uv":{"north":{"uv":[133,15],"uv_size":[25,0.5]},"east":{"uv":[38,135],"uv_size":[1,0.5]},"south":{"uv":[134,83],"uv_size":[25,0.5]},"west":{"uv":[3,136],"uv_size":[1,0.5]},"up":{"uv":[124,89],"uv_size":[25,1]},"down":{"uv":[124,91],"uv_size":[25,-1]}}},{"origin":[-11.47784,2.36652,-11.5],"size":[22.95568,0.5,23],"uv":{"north":{"uv":[138,55],"uv_size":[23,0.5]},"east":{"uv":[139,19],"uv_size":[23,0.5]},"south":{"uv":[139,20],"uv_size":[23,0.5]},"west":{"uv":[139,21],"uv_size":[23,0.5]},"up":{"uv":[0,48],"uv_size":[23,23]},"down":{"uv":[23,71],"uv_size":[23,-23]}}},{"origin":[-11.72784,2.36652,-30],"size":[23.45568,0.5,7],"uv":{"north":{"uv":[135,81],"uv_size":[23.5,0.5]},"east":{"uv":[148,91],"uv_size":[7,0.5]},"south":{"uv":[135,82],"uv_size":[23.5,0.5]},"west":{"uv":[148,92],"uv_size":[7,0.5]},"up":{"uv":[93,52],"uv_size":[23.5,7]},"down":{"uv":[27,106],"uv_size":[23.5,-7]}}},{"origin":[-11.96799,22.81429,-3.82034],"size":[23.93597,0.502,0.86949],"inflate":-0.002,"uv":{"north":{"uv":[134,104],"uv_size":[24,0.5]},"east":{"uv":[11,120],"uv_size":[1,0.5]},"south":{"uv":[134,105],"uv_size":[24,0.5]},"west":{"uv":[72,125],"uv_size":[1,0.5]},"up":{"uv":[124,91],"uv_size":[24,1]},"down":{"uv":[124,93],"uv_size":[24,-1]}}},{"origin":[11.47784,18.31282,-12.65743],"size":[0.48815,1,11.725],"inflate":0.002,"pivot":[0,18.81282,-5.84076],"rotation":[60,0,0],"uv":{"north":{"uv":[137,149],"uv_size":[0.5,1]},"east":{"uv":[69,62],"uv_size":[11.5,1]},"south":{"uv":[138,149],"uv_size":[0.5,1]},"west":{"uv":[69,63],"uv_size":[11.5,1]},"up":{"uv":[14,143],"uv_size":[0.5,11.5]},"down":{"uv":[15,154.5],"uv_size":[0.5,-11.5]}}},{"origin":[-11.96599,18.31282,-12.65743],"size":[0.48815,1,11.725],"inflate":0.002,"pivot":[0,18.81282,-5.84076],"rotation":[60,0,0],"uv":{"north":{"uv":[146,149],"uv_size":[0.5,1]},"east":{"uv":[81,98],"uv_size":[11.5,1]},"south":{"uv":[147,149],"uv_size":[0.5,1]},"west":{"uv":[81,99],"uv_size":[11.5,1]},"up":{"uv":[52,143],"uv_size":[0.5,11.5]},"down":{"uv":[62,154.5],"uv_size":[0.5,-11.5]}}},{"origin":[-11.96599,21.31282,19.34257],"size":[0.48815,1,7.725],"inflate":-0.002,"pivot":[0,21.81282,26.15924],"rotation":[60,0,0],"uv":{"north":{"uv":[150,6],"uv_size":[0.5,1]},"east":{"uv":[69,62],"uv_size":[11.5,1]},"south":{"uv":[150,7],"uv_size":[0.5,1]},"west":{"uv":[140,5],"uv_size":[7.5,1]},"up":{"uv":[124,147],"uv_size":[0.5,7.5]},"down":{"uv":[125,154.5],"uv_size":[0.5,-7.5]}}},{"origin":[11.47784,21.31282,19.34257],"size":[0.48815,1,7.725],"inflate":-0.002,"pivot":[0,21.81282,26.15924],"rotation":[60,0,0],"uv":{"north":{"uv":[148,149],"uv_size":[0.5,1]},"east":{"uv":[139,120],"uv_size":[7.5,1]},"south":{"uv":[149,149],"uv_size":[0.5,1]},"west":{"uv":[81,99],"uv_size":[11.5,1]},"up":{"uv":[45,147],"uv_size":[0.5,7.5]},"down":{"uv":[46,154.5],"uv_size":[0.5,-7.5]}}},{"origin":[11.5,3.0083,23.72029],"size":[0.49599,11.19354,2.02971],"inflate":-0.03,"uv":{"north":{"uv":[69,143],"uv_size":[0.5,11]},"east":{"uv":[78,126],"uv_size":[2,11]},"south":{"uv":[103,143],"uv_size":[0.5,11]},"west":{"uv":[80,126],"uv_size":[2,11]},"up":{"uv":[93,98],"uv_size":[0.5,2]},"down":{"uv":[12,110],"uv_size":[0.5,-2]}}},{"origin":[11.5,12.27966,21.07373],"size":[0.49599,3.94354,2.02971],"inflate":-0.03,"pivot":[11.74799,16.87643,22.33858],"rotation":[40,0,0],"uv":{"north":{"uv":[58,149],"uv_size":[0.5,4]},"east":{"uv":[139,97],"uv_size":[2,4]},"south":{"uv":[61,149],"uv_size":[0.5,4]},"west":{"uv":[133,139],"uv_size":[2,4]},"up":{"uv":[51,112],"uv_size":[0.5,2]},"down":{"uv":[25,127],"uv_size":[0.5,-2]}}},{"origin":[-11.99599,12.27966,21.07373],"size":[0.49599,3.94354,2.02971],"inflate":-0.03,"pivot":[-11.74799,16.87643,22.33858],"rotation":[40,0,0],"uv":{"north":{"uv":[83,149],"uv_size":[0.5,4]},"east":{"uv":[0,140],"uv_size":[2,4]},"south":{"uv":[84,149],"uv_size":[0.5,4]},"west":{"uv":[140,0],"uv_size":[2,4]},"up":{"uv":[94,129],"uv_size":[0.5,2]},"down":{"uv":[130,108],"uv_size":[0.5,-2]}}},{"origin":[-11.99599,3.0083,10.72029],"size":[0.57185,14.19354,13.02971],"inflate":-0.03,"uv":{"north":{"uv":[99,140],"uv_size":[0.5,14]},"east":{"uv":[54,88],"uv_size":[13,14]},"south":{"uv":[100,140],"uv_size":[0.5,14]},"west":{"uv":[90,62],"uv_size":[13,14]},"up":{"uv":[5,141],"uv_size":[0.5,13]},"down":{"uv":[18,154],"uv_size":[0.5,-13]}}},{"origin":[11.42413,3.0083,10.72029],"size":[0.57185,14.19354,13.02971],"inflate":-0.03,"uv":{"north":{"uv":[3,141],"uv_size":[0.5,14]},"east":{"uv":[93,38],"uv_size":[13,14]},"south":{"uv":[4,141],"uv_size":[0.5,14]},"west":{"uv":[0,94],"uv_size":[13,14]},"up":{"uv":[19,141],"uv_size":[0.5,13]},"down":{"uv":[20,154],"uv_size":[0.5,-13]}}},{"origin":[-11.96599,13.65505,0.83154],"size":[0.51185,3.51678,9.91875],"uv":{"north":{"uv":[108,149],"uv_size":[0.5,3.5]},"east":{"uv":[73,122],"uv_size":[10,3.5]},"south":{"uv":[109,149],"uv_size":[0.5,3.5]},"west":{"uv":[111,122],"uv_size":[10,3.5]},"up":{"uv":[91,144],"uv_size":[0.5,10]},"down":{"uv":[113,154],"uv_size":[0.5,-10]}}},{"origin":[-11.96599,2.11652,-11.25],"size":[0.5,11.53854,22.00029],"uv":{"north":{"uv":[16,143],"uv_size":[0.5,11.5]},"east":{"uv":[64,16],"uv_size":[22,11.5]},"south":{"uv":[49,143],"uv_size":[0.5,11.5]},"west":{"uv":[64,28],"uv_size":[22,11.5]},"up":{"uv":[81,137],"uv_size":[0.5,22]},"down":{"uv":[32,160],"uv_size":[0.5,-22]}}},{"origin":[11.45413,13.65505,0.83154],"size":[0.51185,3.51678,9.91875],"uv":{"north":{"uv":[110,149],"uv_size":[0.5,3.5]},"east":{"uv":[121,122],"uv_size":[10,3.5]},"south":{"uv":[149,112],"uv_size":[0.5,3.5]},"west":{"uv":[26,123],"uv_size":[10,3.5]},"up":{"uv":[121,144],"uv_size":[0.5,10]},"down":{"uv":[122,154],"uv_size":[0.5,-10]}}},{"origin":[11.46599,2.11652,-11.25],"size":[0.5,11.53854,22.00029],"uv":{"north":{"uv":[50,143],"uv_size":[0.5,11.5]},"east":{"uv":[46,64],"uv_size":[22,11.5]},"south":{"uv":[51,143],"uv_size":[0.5,11.5]},"west":{"uv":[68,64],"uv_size":[22,11.5]},"up":{"uv":[47,138],"uv_size":[0.5,22]},"down":{"uv":[48,160],"uv_size":[0.5,-22]}}},{"origin":[-11.99599,3.0083,23.72029],"size":[0.49599,11.19354,2.02971],"inflate":-0.03,"uv":{"north":{"uv":[104,143],"uv_size":[0.5,11]},"east":{"uv":[111,126],"uv_size":[2,11]},"south":{"uv":[105,143],"uv_size":[0.5,11]},"west":{"uv":[113,126],"uv_size":[2,11]},"up":{"uv":[82,126],"uv_size":[0.5,2]},"down":{"uv":[35,129],"uv_size":[0.5,-2]}}},{"origin":[-11.96599,22.11652,23],"size":[23.93197,2.64178,5],"inflate":0.002,"uv":{"north":{"uv":[108,97],"uv_size":[24,2.5]},"east":{"uv":[134,84],"uv_size":[5,2.5]},"south":{"uv":[28,114],"uv_size":[24,2.5]},"west":{"uv":[135,0],"uv_size":[5,2.5]},"up":{"uv":[87,11],"uv_size":[24,5]},"down":{"uv":[104,21],"uv_size":[24,-5]}}},{"origin":[-11.96599,2.11652,23],"size":[23.93197,1.64178,4],"inflate":0.002,"uv":{"north":{"uv":[114,29],"uv_size":[24,1.5]},"east":{"uv":[143,46],"uv_size":[4,1.5]},"south":{"uv":[122,65],"uv_size":[24,1.5]},"west":{"uv":[143,48],"uv_size":[4,1.5]},"up":{"uv":[105,4],"uv_size":[24,4]},"down":{"uv":[13,110],"uv_size":[24,-4]}}},{"origin":[-11.46672,3.74425,23],"size":[22.93344,0.51405,3.998],"inflate":-0.002,"uv":{"north":{"uv":[139,22],"uv_size":[23,0.5]},"east":{"uv":[149,72],"uv_size":[4,0.5]},"south":{"uv":[139,23],"uv_size":[23,0.5]},"west":{"uv":[149,73],"uv_size":[4,0.5]},"up":{"uv":[106,35],"uv_size":[23,4]},"down":{"uv":[106,43],"uv_size":[23,-4]}}},{"origin":[10.04361,0.82312,23.006],"size":[0.71059,0.51405,3.998],"inflate":0.002,"pivot":[14.28748,1.08015,25.005],"rotation":[0,0,45],"uv":{"north":{"uv":[150,8],"uv_size":[0.5,0.5]},"east":{"uv":[149,74],"uv_size":[4,0.5]},"south":{"uv":[9,150],"uv_size":[0.5,0.5]},"west":{"uv":[85,149],"uv_size":[4,0.5]},"up":{"uv":[149,87],"uv_size":[0.5,4]},"down":{"uv":[89,153],"uv_size":[0.5,-4]}}},{"origin":[-10.7542,0.82312,23.006],"size":[0.71059,0.51405,3.998],"inflate":0.002,"pivot":[-14.28748,1.08015,25.005],"rotation":[0,0,-45],"uv":{"north":{"uv":[150,9],"uv_size":[0.5,0.5]},"east":{"uv":[149,93],"uv_size":[4,0.5]},"south":{"uv":[150,11],"uv_size":[0.5,0.5]},"west":{"uv":[149,94],"uv_size":[4,0.5]},"up":{"uv":[90,149],"uv_size":[0.5,4]},"down":{"uv":[92,153],"uv_size":[0.5,-4]}}},{"origin":[-11.96599,13.11628,23.09993],"size":[23.93197,3.88354,0.62499],"pivot":[-8.21599,17.24335,23.45992],"rotation":[40,0,0],"uv":{"north":{"uv":[104,31],"uv_size":[24,4]},"east":{"uv":[149,77],"uv_size":[0.5,4]},"south":{"uv":[105,0],"uv_size":[24,4]},"west":{"uv":[82,149],"uv_size":[0.5,4]},"up":{"uv":[135,56],"uv_size":[24,0.5]},"down":{"uv":[135,57.5],"uv_size":[24,-0.5]}}},{"origin":[4.46599,3.7583,25.72],"size":[7.5,10.49388,0.59575],"uv":{"north":{"uv":[97,108],"uv_size":[7.5,10.5]},"east":{"uv":[114,143],"uv_size":[0.5,10.5]},"south":{"uv":[105,108],"uv_size":[7.5,10.5]},"west":{"uv":[128,143],"uv_size":[0.5,10.5]},"up":{"uv":[147,86],"uv_size":[7.5,0.5]},"down":{"uv":[144,147.5],"uv_size":[7.5,-0.5]}}},{"origin":[-11.96599,3.7583,25.72],"size":[7.5,10.49388,0.59575],"uv":{"north":{"uv":[12,110],"uv_size":[7.5,10.5]},"east":{"uv":[129,143],"uv_size":[0.5,10.5]},"south":{"uv":[20,110],"uv_size":[7.5,10.5]},"west":{"uv":[130,143],"uv_size":[0.5,10.5]},"up":{"uv":[147,145],"uv_size":[7.5,0.5]},"down":{"uv":[147,146.5],"uv_size":[7.5,-0.5]}}},{"origin":[-12.46599,10.7583,21.22],"size":[6,3.49388,5.59575],"uv":{"north":{"uv":[115,126],"uv_size":[6,3.5]},"east":{"uv":[128,83],"uv_size":[5.5,3.5]},"south":{"uv":[121,126],"uv_size":[6,3.5]},"west":{"uv":[129,0],"uv_size":[5.5,3.5]},"up":{"uv":[50,122],"uv_size":[6,5.5]},"down":{"uv":[83,127.5],"uv_size":[6,-5.5]}}},{"origin":[6.46599,10.7583,21.22],"size":[6,3.49388,5.59575],"uv":{"north":{"uv":[25,127],"uv_size":[6,3.5]},"east":{"uv":[103,130],"uv_size":[5.5,3.5]},"south":{"uv":[56,127],"uv_size":[6,3.5]},"west":{"uv":[115,130],"uv_size":[5.5,3.5]},"up":{"uv":[36,123],"uv_size":[6,5.5]},"down":{"uv":[89,128.5],"uv_size":[6,-5.5]}}},{"origin":[-4.46599,3.7583,25.72],"size":[8.93197,3.91354,0.59575],"uv":{"north":{"uv":[27,94],"uv_size":[9,4]},"east":{"uv":[74,149],"uv_size":[0.5,4]},"south":{"uv":[28,110],"uv_size":[9,4]},"west":{"uv":[75,149],"uv_size":[0.5,4]},"up":{"uv":[146,103],"uv_size":[9,0.5]},"down":{"uv":[147,10.5],"uv_size":[9,-0.5]}}},{"origin":[-4.46599,10.2583,25.72],"size":[8.93197,3.99388,0.59575],"uv":{"north":{"uv":[17,121],"uv_size":[9,4]},"east":{"uv":[76,149],"uv_size":[0.5,4]},"south":{"uv":[64,121],"uv_size":[9,4]},"west":{"uv":[77,149],"uv_size":[0.5,4]},"up":{"uv":[147,13],"uv_size":[9,0.5]},"down":{"uv":[147,49.5],"uv_size":[9,-0.5]}}},{"origin":[-4.53401,7.67183,24.97],"size":[9,2.58646,0.75],"uv":{"north":{"uv":[126,77],"uv_size":[9,2.5]},"east":{"uv":[75,95],"uv_size":[1,2.5]},"south":{"uv":[126,80],"uv_size":[9,2.5]},"west":{"uv":[101,59],"uv_size":[1,2.5]},"up":{"uv":[81,62],"uv_size":[9,1]},"down":{"uv":[81,64],"uv_size":[9,-1]}}},{"origin":[2.14673,6.36652,-36.37046],"size":[0.5,3.25,9.77246],"pivot":[2.39673,9.11652,-29.0875],"rotation":[0,90,0],"uv":{"north":{"uv":[106,149],"uv_size":[0.5,3.5]},"east":{"uv":[122,67],"uv_size":[10,3.5]},"south":{"uv":[107,149],"uv_size":[0.5,3.5]},"west":{"uv":[122,71],"uv_size":[10,3.5]},"up":{"uv":[134,143],"uv_size":[0.5,10]},"down":{"uv":[143,153],"uv_size":[0.5,-10]}}},{"origin":[2.14673,2.11652,-36.37046],"size":[0.5,1,9.77246],"pivot":[2.39673,2.61652,-29.0875],"rotation":[0,90,0],"uv":{"north":{"uv":[149,127],"uv_size":[0.5,1]},"east":{"uv":[106,51],"uv_size":[10,1]},"south":{"uv":[149,128],"uv_size":[0.5,1]},"west":{"uv":[139,24],"uv_size":[10,1]},"up":{"uv":[0,144],"uv_size":[0.5,10]},"down":{"uv":[1,154],"uv_size":[0.5,-10]}}},{"origin":[8.7764,6.36652,-31.58349],"size":[0.5,3.25,8.175],"pivot":[9.0264,9.61652,-26.65849],"rotation":[0,60,0],"uv":{"north":{"uv":[78,114],"uv_size":[0.5,3]},"east":{"uv":[56,124],"uv_size":[8,3]},"south":{"uv":[24,128],"uv_size":[0.5,3]},"west":{"uv":[17,125],"uv_size":[8,3]},"up":{"uv":[112,145],"uv_size":[0.5,8]},"down":{"uv":[127,153],"uv_size":[0.5,-8]}}},{"origin":[-9.2764,6.36652,-31.58349],"size":[0.5,3.25,8.175],"pivot":[-9.0264,9.61652,-26.65849],"rotation":[0,-60,0],"uv":{"north":{"uv":[135,16],"uv_size":[0.5,3]},"east":{"uv":[42,125],"uv_size":[8,3]},"south":{"uv":[115,149],"uv_size":[0.5,3]},"west":{"uv":[64,125],"uv_size":[8,3]},"up":{"uv":[33,147],"uv_size":[0.5,8]},"down":{"uv":[34,155],"uv_size":[0.5,-8]}}},{"origin":[8.7764,2.11652,-31.58349],"size":[0.5,1,8.175],"pivot":[9.0264,4.11652,-26.65849],"rotation":[0,60,0],"uv":{"north":{"uv":[149,125],"uv_size":[0.5,1]},"east":{"uv":[38,74],"uv_size":[8,1]},"south":{"uv":[149,126],"uv_size":[0.5,1]},"west":{"uv":[38,75],"uv_size":[8,1]},"up":{"uv":[142,144],"uv_size":[0.5,8]},"down":{"uv":[78,153],"uv_size":[0.5,-8]}}},{"origin":[-9.2764,2.11652,-31.58349],"size":[0.5,1,8.175],"pivot":[-9.0264,4.11652,-26.65849],"rotation":[0,-60,0],"uv":{"north":{"uv":[149,144],"uv_size":[0.5,1]},"east":{"uv":[139,86],"uv_size":[8,1]},"south":{"uv":[145,149],"uv_size":[0.5,1]},"west":{"uv":[139,119],"uv_size":[8,1]},"up":{"uv":[59,146],"uv_size":[0.5,8]},"down":{"uv":[141,154],"uv_size":[0.5,-8]}}},{"origin":[-2.89046,3.11652,-36.58674],"size":[0.25,10,9.82557],"pivot":[-2.76546,13.36652,-28.90849],"rotation":[0,-90,0],"uv":{"north":{"uv":[63,144],"uv_size":[0.5,10]},"east":{"uv":[51,102],"uv_size":[10,10]},"south":{"uv":[64,144],"uv_size":[0.5,10]},"west":{"uv":[104,21],"uv_size":[10,10]},"up":{"uv":[65,144],"uv_size":[0.5,10]},"down":{"uv":[66,154],"uv_size":[0.5,-10]}}},{"origin":[8.7764,3.11652,-31.40849],"size":[0.25,10,8],"pivot":[9.0264,6.36652,-26.65849],"rotation":[0,60,0],"uv":{"north":{"uv":[35,144],"uv_size":[0.5,10]},"east":{"uv":[67,88],"uv_size":[8,10]},"south":{"uv":[36,144],"uv_size":[0.5,10]},"west":{"uv":[81,108],"uv_size":[8,10]},"up":{"uv":[79,145],"uv_size":[0.5,8]},"down":{"uv":[111,153],"uv_size":[0.5,-8]}}},{"origin":[-9.0264,3.11652,-31.40849],"size":[0.25,10,8],"pivot":[-9.0264,6.36652,-26.65849],"rotation":[0,-60,0],"uv":{"north":{"uv":[67,144],"uv_size":[0.5,10]},"east":{"uv":[108,83],"uv_size":[8,10]},"south":{"uv":[68,144],"uv_size":[0.5,10]},"west":{"uv":[89,108],"uv_size":[8,10]},"up":{"uv":[13,146],"uv_size":[0.5,8]},"down":{"uv":[30,154],"uv_size":[0.5,-8]}}},{"origin":[-3.46688,12.93952,-31.66462],"size":[5.5,1,9.77392],"pivot":[-0.45489,13.51068,-26.32277],"rotation":[0,-90,0],"uv":{"north":{"uv":[140,103],"uv_size":[5.5,1]},"east":{"uv":[139,25],"uv_size":[10,1]},"south":{"uv":[141,13],"uv_size":[5.5,1]},"west":{"uv":[139,26],"uv_size":[10,1]},"up":{"uv":[52,112],"uv_size":[5.5,10]},"down":{"uv":[58,124],"uv_size":[5.5,-10]}}},{"origin":[-1.30467,12.94152,-24.00626],"size":[5.64934,1,8.19756],"inflate":0.004,"pivot":[-0.00154,13.51268,-27.14088],"rotation":[0,60,0],"uv":{"north":{"uv":[141,54],"uv_size":[5.5,1]},"east":{"uv":[27,98],"uv_size":[8,1]},"south":{"uv":[141,118],"uv_size":[5.5,1]},"west":{"uv":[89,118],"uv_size":[8,1]},"up":{"uv":[61,102],"uv_size":[5.5,8]},"down":{"uv":[44,125],"uv_size":[5.5,-8]}}},{"origin":[-7.5087,13.95,-26.32643],"size":[6.90386,0,6.91545],"pivot":[-9.83801,13.44519,-31.00207],"rotation":[0,45,0],"uv":{"north":{"uv":[0,0],"uv_size":[7,0]},"east":{"uv":[0,0],"uv_size":[7,0]},"south":{"uv":[0,0],"uv_size":[7,0]},"west":{"uv":[0,0],"uv_size":[7,0]},"up":{"uv":[64,114],"uv_size":[7,7]},"down":{"uv":[71,121],"uv_size":[7,-7]}}},{"origin":[-4.34467,12.94152,-24.00626],"size":[5.64934,1,8.19756],"inflate":0.004,"pivot":[0.00154,13.51268,-27.14088],"rotation":[0,-60,0],"uv":{"north":{"uv":[143,79],"uv_size":[5.5,1]},"east":{"uv":[139,84],"uv_size":[8,1]},"south":{"uv":[143,80],"uv_size":[5.5,1]},"west":{"uv":[139,85],"uv_size":[8,1]},"up":{"uv":[120,75],"uv_size":[5.5,8]},"down":{"uv":[11,129],"uv_size":[5.5,-8]}}},{"origin":[-6.88086,8.58478,-28.79618],"size":[0.5,5.15,1.75],"inflate":-0.008,"pivot":[-6.63086,11.60978,-28.04618],"rotation":[-30,-60,0],"uv":{"north":{"uv":[11,148],"uv_size":[0.5,5]},"east":{"uv":[35,139],"uv_size":[2,5]},"south":{"uv":[12,148],"uv_size":[0.5,5]},"west":{"uv":[86,139],"uv_size":[2,5]},"up":{"uv":[124,135],"uv_size":[0.5,2]},"down":{"uv":[24,147],"uv_size":[0.5,-2]}}},{"origin":[-6.88086,2.33478,-28.79618],"size":[0.5,4.9,1.75],"inflate":-0.008,"pivot":[-6.63086,5.35978,-28.04618],"rotation":[-30,-60,0],"uv":{"north":{"uv":[126,147],"uv_size":[0.5,5]},"east":{"uv":[36,83],"uv_size":[2,5]},"south":{"uv":[10,148],"uv_size":[0.5,5]},"west":{"uv":[50,117],"uv_size":[2,5]},"up":{"uv":[55,134],"uv_size":[0.5,2]},"down":{"uv":[135,116],"uv_size":[0.5,-2]}}},{"origin":[6.38086,8.58478,-28.79618],"size":[0.5,5.15,1.75],"inflate":-0.008,"pivot":[6.63086,11.60978,-28.04618],"rotation":[-30,60,0],"uv":{"north":{"uv":[133,148],"uv_size":[0.5,5]},"east":{"uv":[139,114],"uv_size":[2,5]},"south":{"uv":[139,148],"uv_size":[0.5,5]},"west":{"uv":[121,139],"uv_size":[2,5]},"up":{"uv":[120,149],"uv_size":[0.5,2]},"down":{"uv":[149,124],"uv_size":[0.5,-2]}}},{"origin":[6.38086,2.33478,-28.79618],"size":[0.5,4.9,1.75],"inflate":-0.008,"pivot":[6.63086,5.35978,-28.04618],"rotation":[-30,60,0],"uv":{"north":{"uv":[43,148],"uv_size":[0.5,5]},"east":{"uv":[88,139],"uv_size":[2,5]},"south":{"uv":[131,148],"uv_size":[0.5,5]},"west":{"uv":[90,139],"uv_size":[2,5]},"up":{"uv":[149,95],"uv_size":[0.5,2]},"down":{"uv":[149,103],"uv_size":[0.5,-2]}}},{"origin":[12,2.1165,-11.25],"size":[0.5,1,22.5],"uv":{"north":{"uv":[135,149],"uv_size":[0.5,1]},"east":{"uv":[126,93],"uv_size":[22.5,1]},"south":{"uv":[136,149],"uv_size":[0.5,1]},"west":{"uv":[126,94],"uv_size":[22.5,1]},"up":{"uv":[70,135],"uv_size":[0.5,22.5]},"down":{"uv":[71,157.5],"uv_size":[0.5,-22.5]}}},{"origin":[-12.5,2.1165,-11.25],"size":[0.5,1,22.5],"uv":{"north":{"uv":[149,143],"uv_size":[0.5,1]},"east":{"uv":[126,95],"uv_size":[22.5,1]},"south":{"uv":[144,149],"uv_size":[0.5,1]},"west":{"uv":[126,96],"uv_size":[22.5,1]},"up":{"uv":[101,136],"uv_size":[0.5,22.5]},"down":{"uv":[102,158.5],"uv_size":[0.5,-22.5]}}},{"origin":[-11.96599,2.11652,-25.25],"size":[0.5,11.76678,14],"inflate":0.004,"uv":{"north":{"uv":[132,141],"uv_size":[0.5,12]},"east":{"uv":[13,94],"uv_size":[14,12]},"south":{"uv":[31,142],"uv_size":[0.5,12]},"west":{"uv":[94,76],"uv_size":[14,12]},"up":{"uv":[95,140],"uv_size":[0.5,14]},"down":{"uv":[96,154],"uv_size":[0.5,-14]}}},{"origin":[11.46599,2.11652,-25.25],"size":[0.5,11.76678,14],"inflate":0.004,"uv":{"north":{"uv":[60,142],"uv_size":[0.5,12]},"east":{"uv":[94,88],"uv_size":[14,12]},"south":{"uv":[6,143],"uv_size":[0.5,12]},"west":{"uv":[67,98],"uv_size":[14,12]},"up":{"uv":[97,140],"uv_size":[0.5,14]},"down":{"uv":[98,154],"uv_size":[0.5,-14]}}}]},{"name":"bone","parent":"base","pivot":[1.5,13.49704,-5.02705],"cubes":[{"origin":[-7.5,12.03889,1.90274],"size":[18,4,11],"pivot":[4.5,14.03889,7.40274],"rotation":[82.5,0,0],"uv":{"north":{"uv":[111,8],"uv_size":[18,4]},"east":{"uv":[78,118],"uv_size":[11,4]},"south":{"uv":[111,12],"uv_size":[18,4]},"west":{"uv":[89,119],"uv_size":[11,4]},"up":{"uv":[18,83],"uv_size":[18,11]},"down":{"uv":[86,27],"uv_size":[18,-11]}}},{"origin":[-7.5,5,-2.75],"size":[18,4,11],"uv":{"north":{"uv":[108,93],"uv_size":[18,4]},"east":{"uv":[118,43],"uv_size":[11,4]},"south":{"uv":[61,110],"uv_size":[18,4]},"west":{"uv":[118,47],"uv_size":[11,4]},"up":{"uv":[76,76],"uv_size":[18,11]},"down":{"uv":[0,94],"uv_size":[18,-11]}}},{"origin":[-7.5,12.03889,15.90274],"size":[18,4,11],"pivot":[4.5,14.03889,21.40274],"rotation":[82.5,0,0],"uv":{"north":{"uv":[114,21],"uv_size":[18,4]},"east":{"uv":[119,104],"uv_size":[11,4]},"south":{"uv":[114,25],"uv_size":[18,4]},"west":{"uv":[0,120],"uv_size":[11,4]},"up":{"uv":[76,87],"uv_size":[18,11]},"down":{"uv":[36,99],"uv_size":[18,-11]}}},{"origin":[-7.5,5,11.25],"size":[18,4,11],"uv":{"north":{"uv":[113,108],"uv_size":[18,4]},"east":{"uv":[100,119],"uv_size":[11,4]},"south":{"uv":[113,112],"uv_size":[18,4]},"west":{"uv":[119,100],"uv_size":[11,4]},"up":{"uv":[86,27],"uv_size":[18,11]},"down":{"uv":[87,11],"uv_size":[18,-11]}}},{"origin":[-10.5,3,0.5],"size":[3,6,8],"uv":{"north":{"uv":[53,128],"uv_size":[3,6]},"east":{"uv":[116,87],"uv_size":[8,6]},"south":{"uv":[14,129],"uv_size":[3,6]},"west":{"uv":[113,116],"uv_size":[8,6]},"up":{"uv":[72,126],"uv_size":[3,8]},"down":{"uv":[75,134],"uv_size":[3,-8]}}},{"origin":[-11,4.175,11.25],"size":[3.5,6,8],"uv":{"north":{"uv":[31,127],"uv_size":[3.5,6]},"east":{"uv":[28,117],"uv_size":[8,6]},"south":{"uv":[127,126],"uv_size":[3.5,6]},"west":{"uv":[36,117],"uv_size":[8,6]},"up":{"uv":[64,40],"uv_size":[3.5,8]},"down":{"uv":[95,131],"uv_size":[3.5,-8]}}},{"origin":[-10.5,3,-7.5],"size":[3,3,8],"uv":{"north":{"uv":[51,99],"uv_size":[3,3]},"east":{"uv":[38,71],"uv_size":[8,3]},"south":{"uv":[139,67],"uv_size":[3,3]},"west":{"uv":[93,59],"uv_size":[8,3]},"up":{"uv":[4,124],"uv_size":[3,8]},"down":{"uv":[7,132],"uv_size":[3,-8]}}},{"origin":[-11.5,8,19.25],"size":[4,3,6.25],"uv":{"north":{"uv":[136,101],"uv_size":[4,3]},"east":{"uv":[128,16],"uv_size":[6.5,3]},"south":{"uv":[137,11],"uv_size":[4,3]},"west":{"uv":[17,128],"uv_size":[6.5,3]},"up":{"uv":[99,123],"uv_size":[4,6.5]},"down":{"uv":[103,129.5],"uv_size":[4,-6.5]}}},{"origin":[7.5,8,19.25],"size":[4,3,6.25],"uv":{"north":{"uv":[138,28],"uv_size":[4,3]},"east":{"uv":[128,31],"uv_size":[6.5,3]},"south":{"uv":[139,16],"uv_size":[4,3]},"west":{"uv":[42,128],"uv_size":[6.5,3]},"up":{"uv":[107,123],"uv_size":[4,6.5]},"down":{"uv":[0,130.5],"uv_size":[4,-6.5]}}},{"origin":[-9.75,11,-4.25],"size":[1.5,1.5,1.5],"uv":{"north":{"uv":[104,35],"uv_size":[1.5,1.5]},"east":{"uv":[111,119],"uv_size":[1.5,1.5]},"south":{"uv":[26,121],"uv_size":[1.5,1.5]},"west":{"uv":[56,122],"uv_size":[1.5,1.5]},"up":{"uv":[42,123],"uv_size":[1.5,1.5]},"down":{"uv":[125,131.5],"uv_size":[1.5,-1.5]}}},{"origin":[-9.5,6,-4],"size":[1,5,1],"uv":{"north":{"uv":[10,124],"uv_size":[1,5]},"east":{"uv":[98,131],"uv_size":[1,5]},"south":{"uv":[131,143],"uv_size":[1,5]},"west":{"uv":[133,143],"uv_size":[1,5]},"up":{"uv":[68,47],"uv_size":[1,1]},"down":{"uv":[35,99],"uv_size":[1,-1]}}}]},{"name":"steeringWheel","parent":"bone","pivot":[1.5,12.09674,-6.84723]},{"name":"steeringWheelInner","parent":"steeringWheel","pivot":[1.5,12.09674,-6.84723],"cubes":[{"origin":[-1,12.54918,-5.06556],"size":[5,3,0.5],"pivot":[1.5,14.04918,-4.81556],"rotation":[0,12.5,-90],"uv":{"north":{"uv":[105,8],"uv_size":[5,3]},"east":{"uv":[102,59],"uv_size":[0.5,3]},"south":{"uv":[132,72],"uv_size":[5,3]},"west":{"uv":[110,8],"uv_size":[0.5,3]},"up":{"uv":[149,59],"uv_size":[5,0.5]},"down":{"uv":[149,60.5],"uv_size":[5,-0.5]}}},{"origin":[-2,10.54918,-5.06556],"size":[7,1,0.5],"pivot":[1.5,14.04918,-4.81556],"rotation":[12.5,0,0],"uv":{"north":{"uv":[86,38],"uv_size":[7,1]},"east":{"uv":[136,71],"uv_size":[0.5,1]},"south":{"uv":[86,39],"uv_size":[7,1]},"west":{"uv":[137,43],"uv_size":[0.5,1]},"up":{"uv":[148,4],"uv_size":[7,0.5]},"down":{"uv":[148,5.5],"uv_size":[7,-0.5]}}},{"origin":[-1,10.54918,-5.06556],"size":[5,1,0.5],"pivot":[1.5,14.04918,-4.81556],"rotation":[0,12.5,-90],"uv":{"north":{"uv":[103,75],"uv_size":[5,1]},"east":{"uv":[29,146],"uv_size":[0.5,1]},"south":{"uv":[73,121],"uv_size":[5,1]},"west":{"uv":[58,146],"uv_size":[0.5,1]},"up":{"uv":[149,28],"uv_size":[5,0.5]},"down":{"uv":[149,29.5],"uv_size":[5,-0.5]}}},{"origin":[-2,16.54918,-5.06556],"size":[7,1,0.5],"pivot":[1.5,14.04918,-4.81556],"rotation":[12.5,0,0],"uv":{"north":{"uv":[140,6],"uv_size":[7,1]},"east":{"uv":[140,42],"uv_size":[0.5,1]},"south":{"uv":[140,7],"uv_size":[7,1]},"west":{"uv":[43,145],"uv_size":[0.5,1]},"up":{"uv":[148,30],"uv_size":[7,0.5]},"down":{"uv":[148,69.5],"uv_size":[7,-0.5]}}},{"origin":[-1,16.54918,-5.06556],"size":[5,1,0.5],"pivot":[1.5,14.04918,-4.81556],"rotation":[0,12.5,-90],"uv":{"north":{"uv":[143,129],"uv_size":[5,1]},"east":{"uv":[42,148],"uv_size":[0.5,1]},"south":{"uv":[143,142],"uv_size":[5,1]},"west":{"uv":[149,124],"uv_size":[0.5,1]},"up":{"uv":[38,149],"uv_size":[5,0.5]},"down":{"uv":[53,149.5],"uv_size":[5,-0.5]}}},{"origin":[1,11.59674,-9.72223],"size":[1,1,5.75],"pivot":[1.5,12.09674,-6.84723],"rotation":[0,45,-90],"uv":{"north":{"uv":[116,51],"uv_size":[1,1]},"east":{"uv":[143,77],"uv_size":[5.5,1]},"south":{"uv":[80,117],"uv_size":[1,1]},"west":{"uv":[143,78],"uv_size":[5.5,1]},"up":{"uv":[106,143],"uv_size":[1,5.5]},"down":{"uv":[107,148.5],"uv_size":[1,-5.5]}}}]},{"name":"stickers","parent":"base","pivot":[-0.5,14.3558,-17.23122],"cubes":[{"origin":[12,-5.9942,-25.10622],"size":[0,23.5,31.97365],"pivot":[0.5,14.3558,-17.23122],"rotation":[20,0,0],"uv":{"north":{"uv":[0,0],"uv_size":[0,23.5]},"east":{"uv":[0,0],"uv_size":[32,23.5]},"south":{"uv":[0,0],"uv_size":[0,23.5]},"west":{"uv":[0,24],"uv_size":[32,23.5]},"up":{"uv":[0,0],"uv_size":[0,32]},"down":{"uv":[0,32],"uv_size":[0,-32]}}},{"origin":[-12,-5.9942,-25.10622],"size":[0,23.5,31.97365],"pivot":[-0.5,14.3558,-17.23122],"rotation":[20,0,0],"uv":{"north":{"uv":[0,0],"uv_size":[0,23.5]},"east":{"uv":[32,0],"uv_size":[32,23.5]},"south":{"uv":[0,0],"uv_size":[0,23.5]},"west":{"uv":[32,24],"uv_size":[32,23.5]},"up":{"uv":[0,0],"uv_size":[0,32]},"down":{"uv":[0,32],"uv_size":[0,-32]}}}]},{"name":"wheel1","parent":"root","pivot":[-11.5,5,-17.5152]},{"name":"rotatingWheel1","parent":"wheel1","pivot":[-12.5,5,-17.5152],"cubes":[{"origin":[-14,0,-19.58627],"size":[3,1.5,4.14214],"uv":{"north":{"uv":[145,116],"uv_size":[3,1.5]},"east":{"uv":[62,141],"uv_size":[4,1.5]},"south":{"uv":[118,145],"uv_size":[3,1.5]},"west":{"uv":[66,141],"uv_size":[4,1.5]},"up":{"uv":[136,16],"uv_size":[3,4]},"down":{"uv":[17,140],"uv_size":[3,-4]}}},{"origin":[-14,2.92893,-22.5152],"size":[3,4.14214,1.5],"inflate":0.002,"pivot":[-12.5,5,-17.5152],"rotation":[-45,0,0],"uv":{"north":{"uv":[20,136],"uv_size":[3,4]},"east":{"uv":[53,141],"uv_size":[1.5,4]},"south":{"uv":[136,20],"uv_size":[3,4]},"west":{"uv":[72,141],"uv_size":[1.5,4]},"up":{"uv":[124,145],"uv_size":[3,1.5]},"down":{"uv":[145,131.5],"uv_size":[3,-1.5]}}},{"origin":[-14,2.92893,-22.5152],"size":[3,4.14214,1.5],"uv":{"north":{"uv":[23,136],"uv_size":[3,4]},"east":{"uv":[74,141],"uv_size":[1.5,4]},"south":{"uv":[136,24],"uv_size":[3,4]},"west":{"uv":[76,141],"uv_size":[1.5,4]},"up":{"uv":[145,132],"uv_size":[3,1.5]},"down":{"uv":[145,135.5],"uv_size":[3,-1.5]}}},{"origin":[-14,2.92893,-14.0152],"size":[3,4.14214,1.5],"inflate":0.002,"pivot":[-12.5,5,-17.5152],"rotation":[-45,0,0],"uv":{"north":{"uv":[26,136],"uv_size":[3,4]},"east":{"uv":[141,77],"uv_size":[1.5,4]},"south":{"uv":[38,136],"uv_size":[3,4]},"west":{"uv":[78,141],"uv_size":[1.5,4]},"up":{"uv":[145,136],"uv_size":[3,1.5]},"down":{"uv":[145,139.5],"uv_size":[3,-1.5]}}},{"origin":[-14,2.92893,-14.0152],"size":[3,4.14214,1.5],"uv":{"north":{"uv":[41,136],"uv_size":[3,4]},"east":{"uv":[82,141],"uv_size":[1.5,4]},"south":{"uv":[44,136],"uv_size":[3,4]},"west":{"uv":[84,141],"uv_size":[1.5,4]},"up":{"uv":[145,140],"uv_size":[3,1.5]},"down":{"uv":[144,146.5],"uv_size":[3,-1.5]}}},{"origin":[-14,0,-19.58627],"size":[3,1.5,4.14214],"inflate":0.002,"pivot":[-12.5,5,-17.5152],"rotation":[-45,0,0],"uv":{"north":{"uv":[10,146],"uv_size":[3,1.5]},"east":{"uv":[141,97],"uv_size":[4,1.5]},"south":{"uv":[146,28],"uv_size":[3,1.5]},"west":{"uv":[141,99],"uv_size":[4,1.5]},"up":{"uv":[55,136],"uv_size":[3,4]},"down":{"uv":[136,71],"uv_size":[3,-4]}}},{"origin":[-14,8.5,-19.58627],"size":[3,1.5,4.14214],"inflate":0.002,"pivot":[-12.5,5,-17.5152],"rotation":[-45,0,0],"uv":{"north":{"uv":[38,146],"uv_size":[3,1.5]},"east":{"uv":[103,141],"uv_size":[4,1.5]},"south":{"uv":[41,146],"uv_size":[3,1.5]},"west":{"uv":[141,106],"uv_size":[4,1.5]},"up":{"uv":[92,136],"uv_size":[3,4]},"down":{"uv":[95,140],"uv_size":[3,-4]}}},{"origin":[-14,8.5,-19.58627],"size":[3,1.5,4.14214],"uv":{"north":{"uv":[146,65],"uv_size":[3,1.5]},"east":{"uv":[107,141],"uv_size":[4,1.5]},"south":{"uv":[146,67],"uv_size":[3,1.5]},"west":{"uv":[141,108],"uv_size":[4,1.5]},"up":{"uv":[136,97],"uv_size":[3,4]},"down":{"uv":[98,140],"uv_size":[3,-4]}}},{"origin":[-13.5,4.55025,-21.0152],"size":[2,0.89949,7],"inflate":-0.004,"pivot":[-12.5,5,-17.5152],"rotation":[-45,0,0],"uv":{"north":{"uv":[132,97],"uv_size":[2,1]},"east":{"uv":[140,31],"uv_size":[7,1]},"south":{"uv":[132,98],"uv_size":[2,1]},"west":{"uv":[140,32],"uv_size":[7,1]},"up":{"uv":[133,44],"uv_size":[2,7]},"down":{"uv":[133,58],"uv_size":[2,-7]}}},{"origin":[-13.5,4.55025,-21.0152],"size":[2,0.89949,7],"inflate":0.002,"uv":{"north":{"uv":[132,99],"uv_size":[2,1]},"east":{"uv":[140,33],"uv_size":[7,1]},"south":{"uv":[135,3],"uv_size":[2,1]},"west":{"uv":[140,34],"uv_size":[7,1]},"up":{"uv":[133,132],"uv_size":[2,7]},"down":{"uv":[49,141],"uv_size":[2,-7]}}},{"origin":[-13.5,1.5,-17.96495],"size":[2,7,0.89949],"inflate":-0.002,"pivot":[-12.5,5,-17.5152],"rotation":[-45,0,0],"uv":{"north":{"uv":[51,134],"uv_size":[2,7]},"east":{"uv":[27,140],"uv_size":[1,7]},"south":{"uv":[53,134],"uv_size":[2,7]},"west":{"uv":[28,140],"uv_size":[1,7]},"up":{"uv":[135,31],"uv_size":[2,1]},"down":{"uv":[135,33],"uv_size":[2,-1]}}},{"origin":[-13.5,1.5,-17.96495],"size":[2,7,0.89949],"uv":{"north":{"uv":[62,134],"uv_size":[2,7]},"east":{"uv":[33,140],"uv_size":[1,7]},"south":{"uv":[64,134],"uv_size":[2,7]},"west":{"uv":[34,140],"uv_size":[1,7]},"up":{"uv":[135,33],"uv_size":[2,1]},"down":{"uv":[92,136],"uv_size":[2,-1]}}}]},{"name":"wheel2","parent":"root","pivot":[11.5,5,-17.5152]},{"name":"rotatingWheel2","parent":"wheel2","pivot":[12.5,5,-17.5152],"cubes":[{"origin":[11,0,-19.58627],"size":[3,1.5,4.14214],"uv":{"north":{"uv":[58,112],"uv_size":[3,1.5]},"east":{"uv":[128,19],"uv_size":[4,1.5]},"south":{"uv":[39,129],"uv_size":[3,1.5]},"west":{"uv":[140,59],"uv_size":[4,1.5]},"up":{"uv":[14,135],"uv_size":[3,4]},"down":{"uv":[35,139],"uv_size":[3,-4]}}},{"origin":[11,2.92893,-22.5152],"size":[3,4.14214,1.5],"inflate":0.002,"pivot":[12.5,5,-17.5152],"rotation":[-45,0,0],"uv":{"north":{"uv":[135,44],"uv_size":[3,4]},"east":{"uv":[140,71],"uv_size":[1.5,4]},"south":{"uv":[135,48],"uv_size":[3,4]},"west":{"uv":[21,141],"uv_size":[1.5,4]},"up":{"uv":[139,144],"uv_size":[3,1.5]},"down":{"uv":[21,146.5],"uv_size":[3,-1.5]}}},{"origin":[11,2.92893,-22.5152],"size":[3,4.14214,1.5],"uv":{"north":{"uv":[135,52],"uv_size":[3,4]},"east":{"uv":[23,141],"uv_size":[1.5,4]},"south":{"uv":[135,77],"uv_size":[3,4]},"west":{"uv":[38,141],"uv_size":[1.5,4]},"up":{"uv":[72,145],"uv_size":[3,1.5]},"down":{"uv":[75,146.5],"uv_size":[3,-1.5]}}},{"origin":[11,2.92893,-14.0152],"size":[3,4.14214,1.5],"inflate":0.002,"pivot":[12.5,5,-17.5152],"rotation":[-45,0,0],"uv":{"north":{"uv":[86,135],"uv_size":[3,4]},"east":{"uv":[40,141],"uv_size":[1.5,4]},"south":{"uv":[89,135],"uv_size":[3,4]},"west":{"uv":[42,141],"uv_size":[1.5,4]},"up":{"uv":[82,145],"uv_size":[3,1.5]},"down":{"uv":[85,146.5],"uv_size":[3,-1.5]}}},{"origin":[11,2.92893,-14.0152],"size":[3,4.14214,1.5],"uv":{"north":{"uv":[135,106],"uv_size":[3,4]},"east":{"uv":[141,42],"uv_size":[1.5,4]},"south":{"uv":[135,110],"uv_size":[3,4]},"west":{"uv":[141,46],"uv_size":[1.5,4]},"up":{"uv":[88,145],"uv_size":[3,1.5]},"down":{"uv":[145,98.5],"uv_size":[3,-1.5]}}},{"origin":[11,0,-19.58627],"size":[3,1.5,4.14214],"inflate":0.002,"pivot":[12.5,5,-17.5152],"rotation":[-45,0,0],"uv":{"north":{"uv":[145,99],"uv_size":[3,1.5]},"east":{"uv":[140,61],"uv_size":[4,1.5]},"south":{"uv":[145,106],"uv_size":[3,1.5]},"west":{"uv":[140,101],"uv_size":[4,1.5]},"up":{"uv":[121,135],"uv_size":[3,4]},"down":{"uv":[135,126],"uv_size":[3,-4]}}},{"origin":[11,8.5,-19.58627],"size":[3,1.5,4.14214],"inflate":0.002,"pivot":[12.5,5,-17.5152],"rotation":[-45,0,0],"uv":{"north":{"uv":[108,145],"uv_size":[3,1.5]},"east":{"uv":[141,11],"uv_size":[4,1.5]},"south":{"uv":[145,108],"uv_size":[3,1.5]},"west":{"uv":[49,141],"uv_size":[4,1.5]},"up":{"uv":[135,126],"uv_size":[3,4]},"down":{"uv":[135,134],"uv_size":[3,-4]}}},{"origin":[11,8.5,-19.58627],"size":[3,1.5,4.14214],"uv":{"north":{"uv":[145,110],"uv_size":[3,1.5]},"east":{"uv":[141,50],"uv_size":[4,1.5]},"south":{"uv":[115,145],"uv_size":[3,1.5]},"west":{"uv":[141,52],"uv_size":[4,1.5]},"up":{"uv":[135,134],"uv_size":[3,4]},"down":{"uv":[0,140],"uv_size":[3,-4]}}},{"origin":[11.5,4.55025,-21.0152],"size":[2,0.89949,7],"inflate":-0.004,"pivot":[12.5,5,-17.5152],"rotation":[-45,0,0],"uv":{"north":{"uv":[104,37],"uv_size":[2,1]},"east":{"uv":[140,8],"uv_size":[7,1]},"south":{"uv":[49,113],"uv_size":[2,1]},"west":{"uv":[140,9],"uv_size":[7,1]},"up":{"uv":[49,106],"uv_size":[2,7]},"down":{"uv":[79,117],"uv_size":[2,-7]}}},{"origin":[11.5,4.55025,-21.0152],"size":[2,0.89949,7],"inflate":0.002,"uv":{"north":{"uv":[78,117],"uv_size":[2,1]},"east":{"uv":[140,10],"uv_size":[7,1]},"south":{"uv":[111,121],"uv_size":[2,1]},"west":{"uv":[18,140],"uv_size":[7,1]},"up":{"uv":[70,128],"uv_size":[2,7]},"down":{"uv":[109,137],"uv_size":[2,-7]}}},{"origin":[11.5,1.5,-17.96495],"size":[2,7,0.89949],"inflate":-0.002,"pivot":[12.5,5,-17.5152],"rotation":[-45,0,0],"uv":{"north":{"uv":[47,131],"uv_size":[2,7]},"east":{"uv":[68,40],"uv_size":[1,7]},"south":{"uv":[60,131],"uv_size":[2,7]},"west":{"uv":[75,88],"uv_size":[1,7]},"up":{"uv":[62,127],"uv_size":[2,1]},"down":{"uv":[86,129],"uv_size":[2,-1]}}},{"origin":[11.5,1.5,-17.96495],"size":[2,7,0.89949],"uv":{"north":{"uv":[8,132],"uv_size":[2,7]},"east":{"uv":[25,140],"uv_size":[1,7]},"south":{"uv":[33,133],"uv_size":[2,7]},"west":{"uv":[26,140],"uv_size":[1,7]},"up":{"uv":[29,131],"uv_size":[2,1]},"down":{"uv":[29,133],"uv_size":[2,-1]}}}]},{"name":"wheel3","parent":"root","pivot":[12.5,5,17.5152],"cubes":[{"origin":[11,0,15.44413],"size":[3,1.5,4.14214],"uv":{"north":{"uv":[147,47],"uv_size":[3,1.5]},"east":{"uv":[141,138],"uv_size":[4,1.5]},"south":{"uv":[53,147],"uv_size":[3,1.5]},"west":{"uv":[141,140],"uv_size":[4,1.5]},"up":{"uv":[29,138],"uv_size":[3,4]},"down":{"uv":[138,47],"uv_size":[3,-4]}}},{"origin":[11,2.92893,21.0152],"size":[3,4.14214,1.5],"inflate":0.002,"pivot":[12.5,5,17.5152],"rotation":[45,0,0],"uv":{"north":{"uv":[138,47],"uv_size":[3,4]},"east":{"uv":[142,0],"uv_size":[1.5,4]},"south":{"uv":[138,51],"uv_size":[3,4]},"west":{"uv":[10,142],"uv_size":[1.5,4]},"up":{"uv":[147,53],"uv_size":[3,1.5]},"down":{"uv":[56,148.5],"uv_size":[3,-1.5]}}},{"origin":[11,2.92893,21.0152],"size":[3,4.14214,1.5],"uv":{"north":{"uv":[58,138],"uv_size":[3,4]},"east":{"uv":[12,142],"uv_size":[1.5,4]},"south":{"uv":[138,77],"uv_size":[3,4]},"west":{"uv":[29,142],"uv_size":[1.5,4]},"up":{"uv":[72,147],"uv_size":[3,1.5]},"down":{"uv":[75,148.5],"uv_size":[3,-1.5]}}},{"origin":[11,2.92893,12.5152],"size":[3,4.14214,1.5],"inflate":0.002,"pivot":[12.5,5,17.5152],"rotation":[45,0,0],"uv":{"north":{"uv":[138,106],"uv_size":[3,4]},"east":{"uv":[58,142],"uv_size":[1.5,4]},"south":{"uv":[138,110],"uv_size":[3,4]},"west":{"uv":[142,71],"uv_size":[1.5,4]},"up":{"uv":[82,147],"uv_size":[3,1.5]},"down":{"uv":[147,85.5],"uv_size":[3,-1.5]}}},{"origin":[11,2.92893,12.5152],"size":[3,4.14214,1.5],"uv":{"north":{"uv":[138,122],"uv_size":[3,4]},"east":{"uv":[135,142],"uv_size":[1.5,4]},"south":{"uv":[138,126],"uv_size":[3,4]},"west":{"uv":[137,142],"uv_size":[1.5,4]},"up":{"uv":[85,147],"uv_size":[3,1.5]},"down":{"uv":[88,148.5],"uv_size":[3,-1.5]}}},{"origin":[11,0,15.44413],"size":[3,1.5,4.14214],"inflate":0.002,"pivot":[12.5,5,17.5152],"rotation":[45,0,0],"uv":{"north":{"uv":[92,147],"uv_size":[3,1.5]},"east":{"uv":[142,28],"uv_size":[4,1.5]},"south":{"uv":[108,147],"uv_size":[3,1.5]},"west":{"uv":[142,67],"uv_size":[4,1.5]},"up":{"uv":[138,130],"uv_size":[3,4]},"down":{"uv":[138,138],"uv_size":[3,-4]}}},{"origin":[11,8.5,15.44413],"size":[3,1.5,4.14214],"inflate":0.002,"pivot":[12.5,5,17.5152],"rotation":[45,0,0],"uv":{"north":{"uv":[115,147],"uv_size":[3,1.5]},"east":{"uv":[139,142],"uv_size":[4,1.5]},"south":{"uv":[118,147],"uv_size":[3,1.5]},"west":{"uv":[143,16],"uv_size":[4,1.5]},"up":{"uv":[135,138],"uv_size":[3,4]},"down":{"uv":[138,142],"uv_size":[3,-4]}}},{"origin":[11,8.5,15.44413],"size":[3,1.5,4.14214],"uv":{"north":{"uv":[147,118],"uv_size":[3,1.5]},"east":{"uv":[143,42],"uv_size":[4,1.5]},"south":{"uv":[147,120],"uv_size":[3,1.5]},"west":{"uv":[143,44],"uv_size":[4,1.5]},"up":{"uv":[6,139],"uv_size":[3,4]},"down":{"uv":[14,143],"uv_size":[3,-4]}}},{"origin":[11.5,4.55025,14.0152],"size":[2,0.89949,7],"inflate":-0.004,"pivot":[12.5,5,17.5152],"rotation":[45,0,0],"uv":{"north":{"uv":[149,61],"uv_size":[2,1]},"east":{"uv":[140,38],"uv_size":[7,1]},"south":{"uv":[149,62],"uv_size":[2,1]},"west":{"uv":[140,39],"uv_size":[7,1]},"up":{"uv":[103,134],"uv_size":[2,7]},"down":{"uv":[105,141],"uv_size":[2,-7]}}},{"origin":[11.5,4.55025,14.0152],"size":[2,0.89949,7],"inflate":0.002,"uv":{"north":{"uv":[149,65],"uv_size":[2,1]},"east":{"uv":[140,40],"uv_size":[7,1]},"south":{"uv":[149,66],"uv_size":[2,1]},"west":{"uv":[140,41],"uv_size":[7,1]},"up":{"uv":[107,134],"uv_size":[2,7]},"down":{"uv":[115,141],"uv_size":[2,-7]}}},{"origin":[11.5,1.5,17.06545],"size":[2,7,0.89949],"inflate":-0.002,"pivot":[12.5,5,17.5152],"rotation":[45,0,0],"uv":{"north":{"uv":[117,134],"uv_size":[2,7]},"east":{"uv":[57,140],"uv_size":[1,7]},"south":{"uv":[119,134],"uv_size":[2,7]},"west":{"uv":[92,140],"uv_size":[1,7]},"up":{"uv":[149,67],"uv_size":[2,1]},"down":{"uv":[149,69],"uv_size":[2,-1]}}},{"origin":[11.5,1.5,17.06545],"size":[2,7,0.89949],"uv":{"north":{"uv":[10,135],"uv_size":[2,7]},"east":{"uv":[93,140],"uv_size":[1,7]},"south":{"uv":[12,135],"uv_size":[2,7]},"west":{"uv":[94,140],"uv_size":[1,7]},"up":{"uv":[149,71],"uv_size":[2,1]},"down":{"uv":[72,150],"uv_size":[2,-1]}}}]},{"name":"wheel4","parent":"root","pivot":[-12.5,5,17.5152],"cubes":[{"origin":[-14,0,15.44413],"size":[3,1.5,4.14214],"uv":{"north":{"uv":[135,146],"uv_size":[3,1.5]},"east":{"uv":[141,110],"uv_size":[4,1.5]},"south":{"uv":[138,146],"uv_size":[3,1.5]},"west":{"uv":[111,141],"uv_size":[4,1.5]},"up":{"uv":[136,114],"uv_size":[3,4]},"down":{"uv":[136,122],"uv_size":[3,-4]}}},{"origin":[-14,2.92893,21.0152],"size":[3,4.14214,1.5],"inflate":0.002,"pivot":[-12.5,5,17.5152],"rotation":[45,0,0],"uv":{"north":{"uv":[3,137],"uv_size":[3,4]},"east":{"uv":[141,112],"uv_size":[1.5,4]},"south":{"uv":[137,3],"uv_size":[3,4]},"west":{"uv":[115,141],"uv_size":[1.5,4]},"up":{"uv":[147,6],"uv_size":[3,1.5]},"down":{"uv":[147,9.5],"uv_size":[3,-1.5]}}},{"origin":[-14,2.92893,21.0152],"size":[3,4.14214,1.5],"uv":{"north":{"uv":[137,7],"uv_size":[3,4]},"east":{"uv":[117,141],"uv_size":[1.5,4]},"south":{"uv":[137,31],"uv_size":[3,4]},"west":{"uv":[119,141],"uv_size":[1.5,4]},"up":{"uv":[147,16],"uv_size":[3,1.5]},"down":{"uv":[21,148.5],"uv_size":[3,-1.5]}}},{"origin":[-14,2.92893,12.5152],"size":[3,4.14214,1.5],"inflate":0.002,"pivot":[-12.5,5,17.5152],"rotation":[45,0,0],"uv":{"north":{"uv":[137,35],"uv_size":[3,4]},"east":{"uv":[141,122],"uv_size":[1.5,4]},"south":{"uv":[137,39],"uv_size":[3,4]},"west":{"uv":[124,141],"uv_size":[1.5,4]},"up":{"uv":[24,147],"uv_size":[3,1.5]},"down":{"uv":[27,148.5],"uv_size":[3,-1.5]}}},{"origin":[-14,2.92893,12.5152],"size":[3,4.14214,1.5],"uv":{"north":{"uv":[137,59],"uv_size":[3,4]},"east":{"uv":[126,141],"uv_size":[1.5,4]},"south":{"uv":[137,71],"uv_size":[3,4]},"west":{"uv":[141,126],"uv_size":[1.5,4]},"up":{"uv":[147,31],"uv_size":[3,1.5]},"down":{"uv":[147,34.5],"uv_size":[3,-1.5]}}},{"origin":[-14,0,15.44413],"size":[3,1.5,4.14214],"inflate":0.002,"pivot":[-12.5,5,17.5152],"rotation":[45,0,0],"uv":{"north":{"uv":[147,35],"uv_size":[3,1.5]},"east":{"uv":[141,116],"uv_size":[4,1.5]},"south":{"uv":[147,37],"uv_size":[3,1.5]},"west":{"uv":[128,141],"uv_size":[4,1.5]},"up":{"uv":[78,137],"uv_size":[3,4]},"down":{"uv":[109,141],"uv_size":[3,-4]}}},{"origin":[-14,8.5,15.44413],"size":[3,1.5,4.14214],"inflate":0.002,"pivot":[-12.5,5,17.5152],"rotation":[45,0,0],"uv":{"north":{"uv":[147,39],"uv_size":[3,1.5]},"east":{"uv":[141,130],"uv_size":[4,1.5]},"south":{"uv":[147,41],"uv_size":[3,1.5]},"west":{"uv":[141,132],"uv_size":[4,1.5]},"up":{"uv":[112,137],"uv_size":[3,4]},"down":{"uv":[124,141],"uv_size":[3,-4]}}},{"origin":[-14,8.5,15.44413],"size":[3,1.5,4.14214],"uv":{"north":{"uv":[147,43],"uv_size":[3,1.5]},"east":{"uv":[141,134],"uv_size":[4,1.5]},"south":{"uv":[147,45],"uv_size":[3,1.5]},"west":{"uv":[141,136],"uv_size":[4,1.5]},"up":{"uv":[127,137],"uv_size":[3,4]},"down":{"uv":[130,141],"uv_size":[3,-4]}}},{"origin":[-13.5,4.55025,14.0152],"size":[2,0.89949,7],"inflate":-0.004,"pivot":[-12.5,5,17.5152],"rotation":[45,0,0],"uv":{"north":{"uv":[136,28],"uv_size":[2,1]},"east":{"uv":[140,35],"uv_size":[7,1]},"south":{"uv":[58,136],"uv_size":[2,1]},"west":{"uv":[140,36],"uv_size":[7,1]},"up":{"uv":[66,134],"uv_size":[2,7]},"down":{"uv":[68,141],"uv_size":[2,-7]}}},{"origin":[-13.5,4.55025,14.0152],"size":[2,0.89949,7],"inflate":0.002,"uv":{"north":{"uv":[6,137],"uv_size":[2,1]},"east":{"uv":[140,37],"uv_size":[7,1]},"south":{"uv":[58,137],"uv_size":[2,1]},"west":{"uv":[38,140],"uv_size":[7,1]},"up":{"uv":[72,134],"uv_size":[2,7]},"down":{"uv":[74,141],"uv_size":[2,-7]}}},{"origin":[-13.5,1.5,17.06545],"size":[2,7,0.89949],"inflate":-0.002,"pivot":[-12.5,5,17.5152],"rotation":[45,0,0],"uv":{"north":{"uv":[76,134],"uv_size":[2,7]},"east":{"uv":[45,140],"uv_size":[1,7]},"south":{"uv":[82,134],"uv_size":[2,7]},"west":{"uv":[46,140],"uv_size":[1,7]},"up":{"uv":[6,138],"uv_size":[2,1]},"down":{"uv":[53,146],"uv_size":[2,-1]}}},{"origin":[-13.5,1.5,17.06545],"size":[2,7,0.89949],"uv":{"north":{"uv":[84,134],"uv_size":[2,7]},"east":{"uv":[55,140],"uv_size":[1,7]},"south":{"uv":[134,97],"uv_size":[2,7]},"west":{"uv":[56,140],"uv_size":[1,7]},"up":{"uv":[145,53],"uv_size":[2,1]},"down":{"uv":[53,147],"uv_size":[2,-1]}}}]}]}]}
