{"entity_sounds":{"defaults":{"events":{"sparkler.use":{"sound":"random.fizz","volume":1,"pitch":[2.4,2.6]},"glowstick.use":{"sound":"fire.ignite","volume":1,"pitch":[0.5,0.7]}}},"entities":{"balloon":{"volume":1,"pitch":[1.75,2],"events":{"balloonpop":"balloon.pop"}}}},"individual_event_sounds":{"events":{"elemconstruct.open":{"sound":"elemconstruct.active","volume":0.25,"pitch":[1.3,1.5]},"icebomb.hit":{"sound":"random.glass","volume":1,"pitch":[1.4,1.6]},"lt.reaction.icebomb":{"sound":"mob.wither.break_block","volume":0.5,"pitch":[1.1,1.3]},"lt.reaction.bleach":{"sound":"lt.reaction.fire","volume":6,"pitch":[0.7,0.9]},"lt.reaction.epaste":{"sound":"random.fizz","volume":1,"pitch":[0.5,0.7]},"lt.reaction.epaste2":{"sound":"mob.blaze.shoot","volume":1,"pitch":[0.8,1]},"lt.reaction.fertilizer":{"sound":"step.gravel","volume":1,"pitch":[0.2,0.4]},"lt.reaction.fireball":{"sound":"mob.ghast.fireball","volume":1,"pitch":[0.5,0.7]},"lt.reaction.mgsalt":{"sound":"mob.skeleton.step","volume":1,"pitch":[0.5,0.7]},"lt.reaction.miscfire":{"sound":"random.explode","volume":1,"pitch":[0.4,0.6]},"lt.reaction.fire":{"sound":"lt.reaction.fire","volume":2,"pitch":[0.4,0.6]},"lt.reaction.miscexplosion":{"sound":"ambient.weather.lightning.impact","volume":1,"pitch":[0.6,0.8]},"lt.reaction.miscmystical":{"sound":"random.fizz","volume":1,"pitch":[0.7,0.9]},"lt.reaction.miscmystical2":{"sound":"random.fuse","volume":1,"pitch":[0.4,0.6]},"lt.reaction.product":{"sound":"random.pop","volume":1,"pitch":[0.5,0.7]},"sparkler.active":{"sound":"sparkler.active","volume":0.25,"pitch":[0.8,1.2]}}}}
