{"format_version":"1.12.0","minecraft:geometry":[{"description":{"identifier":"geometry.normal_porsche_911","texture_width":256,"texture_height":256,"visible_bounds_width":5,"visible_bounds_height":2.5,"visible_bounds_offset":[0,0.75,0]},"bones":[{"name":"root","pivot":[0,0,0]},{"name":"base","parent":"root","pivot":[-9.72191,7.10828,-25.6263],"cubes":[{"origin":[-11.96599,7.4021,-21.72937],"size":[4.48815,6.1174,12.82996],"pivot":[-11.72191,11.95621,-17.09941],"rotation":[2.5,0,0],"uv":{"north":{"uv":[78,110],"uv_size":[-5,6]},"east":{"uv":[13,97],"uv_size":[-13,6]},"south":{"uv":[5,111],"uv_size":[-5,6]},"west":{"uv":[108,36],"uv_size":[-13,6]},"up":{"uv":[87,101],"uv_size":[-5,13]},"down":{"uv":[92,114],"uv_size":[-5,-13]}}},{"origin":[11,10.18986,-31.66601],"size":[3.25,1,5.44214],"pivot":[12.5,4.93986,-29.04494],"rotation":[-90,0,0],"uv":{"north":{"uv":[134,117],"uv_size":[4,1]},"east":{"uv":[130,0],"uv_size":[6,1]},"south":{"uv":[121,134],"uv_size":[4,1]},"west":{"uv":[130,1],"uv_size":[6,1]},"up":{"uv":[13,113],"uv_size":[4,6]},"down":{"uv":[17,119],"uv_size":[4,-6]}}},{"origin":[11,9.00018,-24.5982],"size":[3.25,1,5.21714],"inflate":0.002,"pivot":[12.625,9.75018,-21.25214],"rotation":[45,0,0],"uv":{"north":{"uv":[134,116],"uv_size":[4,1]},"east":{"uv":[130,128],"uv_size":[5,1]},"south":{"uv":[117,134],"uv_size":[4,1]},"west":{"uv":[130,129],"uv_size":[5,1]},"up":{"uv":[115,36],"uv_size":[4,5]},"down":{"uv":[115,93],"uv_size":[4,-5]}}},{"origin":[11,10.25,-20.11127],"size":[3.25,1,5.21714],"uv":{"north":{"uv":[134,114],"uv_size":[4,1]},"east":{"uv":[130,127],"uv_size":[5,1]},"south":{"uv":[134,115],"uv_size":[4,1]},"west":{"uv":[128,130],"uv_size":[5,1]},"up":{"uv":[81,114],"uv_size":[4,5]},"down":{"uv":[85,119],"uv_size":[4,-5]}}},{"origin":[11,9.00018,-15.61893],"size":[3.25,1,5.21714],"inflate":0.002,"pivot":[12.625,9.75018,-13.74786],"rotation":[-45,0,0],"uv":{"north":{"uv":[134,112],"uv_size":[4,1]},"east":{"uv":[130,125],"uv_size":[5,1]},"south":{"uv":[134,113],"uv_size":[4,1]},"west":{"uv":[130,126],"uv_size":[5,1]},"up":{"uv":[33,114],"uv_size":[4,5]},"down":{"uv":[37,119],"uv_size":[4,-5]}}},{"origin":[11,10.18986,-20.07613],"size":[3.25,1,5.44214],"pivot":[12.5,4.93986,-17.45506],"rotation":[-90,0,0],"uv":{"north":{"uv":[37,134],"uv_size":[4,1]},"east":{"uv":[129,72],"uv_size":[6,1]},"south":{"uv":[45,134],"uv_size":[4,1]},"west":{"uv":[86,129],"uv_size":[6,1]},"up":{"uv":[102,112],"uv_size":[4,6]},"down":{"uv":[106,118],"uv_size":[4,-6]}}},{"origin":[11,10.18986,14.63399],"size":[3.25,1,5.44214],"pivot":[12.5,4.93986,17.45506],"rotation":[90,0,0],"uv":{"north":{"uv":[49,134],"uv_size":[-4,1]},"east":{"uv":[135,72],"uv_size":[-6,1]},"south":{"uv":[41,134],"uv_size":[-4,1]},"west":{"uv":[92,129],"uv_size":[-6,1]},"up":{"uv":[102,118],"uv_size":[4,-6]},"down":{"uv":[106,112],"uv_size":[4,6]}}},{"origin":[11,9.00018,10.4018],"size":[3.25,1,5.21714],"inflate":0.002,"pivot":[12.625,9.75018,13.74786],"rotation":[45,0,0],"uv":{"north":{"uv":[138,113],"uv_size":[-4,1]},"east":{"uv":[135,125],"uv_size":[-5,1]},"south":{"uv":[138,112],"uv_size":[-4,1]},"west":{"uv":[135,126],"uv_size":[-5,1]},"up":{"uv":[33,119],"uv_size":[4,-5]},"down":{"uv":[37,114],"uv_size":[4,5]}}},{"origin":[11,10.25,14.89413],"size":[3.25,1,5.21714],"uv":{"north":{"uv":[138,115],"uv_size":[-4,1]},"east":{"uv":[135,127],"uv_size":[-5,1]},"south":{"uv":[138,114],"uv_size":[-4,1]},"west":{"uv":[133,130],"uv_size":[-5,1]},"up":{"uv":[81,119],"uv_size":[4,-5]},"down":{"uv":[85,114],"uv_size":[4,5]}}},{"origin":[11,9.00018,19.38107],"size":[3.25,1,5.21714],"inflate":0.002,"pivot":[12.625,9.75018,21.25214],"rotation":[-45,0,0],"uv":{"north":{"uv":[121,134],"uv_size":[-4,1]},"east":{"uv":[135,128],"uv_size":[-5,1]},"south":{"uv":[138,116],"uv_size":[-4,1]},"west":{"uv":[135,129],"uv_size":[-5,1]},"up":{"uv":[115,41],"uv_size":[4,-5]},"down":{"uv":[115,88],"uv_size":[4,5]}}},{"origin":[11,10.18986,26.22387],"size":[3.25,1,5.44214],"pivot":[12.5,4.93986,29.04494],"rotation":[90,0,0],"uv":{"north":{"uv":[125,134],"uv_size":[-4,1]},"east":{"uv":[136,0],"uv_size":[-6,1]},"south":{"uv":[138,117],"uv_size":[-4,1]},"west":{"uv":[136,1],"uv_size":[-6,1]},"up":{"uv":[13,119],"uv_size":[4,-6]},"down":{"uv":[17,113],"uv_size":[4,6]}}},{"origin":[-14.25,10.18986,14.63399],"size":[3.25,1,5.44214],"pivot":[-12.5,4.93986,17.45506],"rotation":[90,0,0],"uv":{"north":{"uv":[45,134],"uv_size":[4,1]},"east":{"uv":[86,129],"uv_size":[6,1]},"south":{"uv":[37,134],"uv_size":[4,1]},"west":{"uv":[129,72],"uv_size":[6,1]},"up":{"uv":[106,118],"uv_size":[-4,-6]},"down":{"uv":[110,112],"uv_size":[-4,6]}}},{"origin":[-14.25,9.00018,10.4018],"size":[3.25,1,5.21714],"inflate":0.002,"pivot":[-12.625,9.75018,13.74786],"rotation":[45,0,0],"uv":{"north":{"uv":[134,113],"uv_size":[4,1]},"east":{"uv":[130,126],"uv_size":[5,1]},"south":{"uv":[134,112],"uv_size":[4,1]},"west":{"uv":[130,125],"uv_size":[5,1]},"up":{"uv":[37,119],"uv_size":[-4,-5]},"down":{"uv":[41,114],"uv_size":[-4,5]}}},{"origin":[-14.25,10.25,14.89413],"size":[3.25,1,5.21714],"uv":{"north":{"uv":[134,115],"uv_size":[4,1]},"east":{"uv":[128,130],"uv_size":[5,1]},"south":{"uv":[134,114],"uv_size":[4,1]},"west":{"uv":[130,127],"uv_size":[5,1]},"up":{"uv":[85,119],"uv_size":[-4,-5]},"down":{"uv":[89,114],"uv_size":[-4,5]}}},{"origin":[-14.25,9.00018,19.38107],"size":[3.25,1,5.21714],"inflate":0.002,"pivot":[-12.625,9.75018,21.25214],"rotation":[-45,0,0],"uv":{"north":{"uv":[117,134],"uv_size":[4,1]},"east":{"uv":[130,129],"uv_size":[5,1]},"south":{"uv":[134,116],"uv_size":[4,1]},"west":{"uv":[130,128],"uv_size":[5,1]},"up":{"uv":[119,41],"uv_size":[-4,-5]},"down":{"uv":[119,88],"uv_size":[-4,5]}}},{"origin":[-14.25,10.18986,26.22387],"size":[3.25,1,5.44214],"pivot":[-12.5,4.93986,29.04494],"rotation":[90,0,0],"uv":{"north":{"uv":[121,134],"uv_size":[4,1]},"east":{"uv":[130,1],"uv_size":[6,1]},"south":{"uv":[134,117],"uv_size":[4,1]},"west":{"uv":[130,0],"uv_size":[6,1]},"up":{"uv":[17,119],"uv_size":[-4,-6]},"down":{"uv":[21,113],"uv_size":[-4,6]}}},{"origin":[-14.25,10.18986,-20.07613],"size":[3.25,1,5.44214],"pivot":[-12.5,4.93986,-17.45506],"rotation":[-90,0,0],"uv":{"north":{"uv":[41,134],"uv_size":[-4,1]},"east":{"uv":[92,129],"uv_size":[-6,1]},"south":{"uv":[49,134],"uv_size":[-4,1]},"west":{"uv":[135,72],"uv_size":[-6,1]},"up":{"uv":[106,112],"uv_size":[-4,6]},"down":{"uv":[110,118],"uv_size":[-4,-6]}}},{"origin":[-14.25,9.00018,-15.61893],"size":[3.25,1,5.21714],"inflate":0.002,"pivot":[-12.625,9.75018,-13.74786],"rotation":[-45,0,0],"uv":{"north":{"uv":[138,112],"uv_size":[-4,1]},"east":{"uv":[135,126],"uv_size":[-5,1]},"south":{"uv":[138,113],"uv_size":[-4,1]},"west":{"uv":[135,125],"uv_size":[-5,1]},"up":{"uv":[37,114],"uv_size":[-4,5]},"down":{"uv":[41,119],"uv_size":[-4,-5]}}},{"origin":[-14.25,10.25,-20.11127],"size":[3.25,1,5.21714],"uv":{"north":{"uv":[138,114],"uv_size":[-4,1]},"east":{"uv":[133,130],"uv_size":[-5,1]},"south":{"uv":[138,115],"uv_size":[-4,1]},"west":{"uv":[135,127],"uv_size":[-5,1]},"up":{"uv":[85,114],"uv_size":[-4,5]},"down":{"uv":[89,119],"uv_size":[-4,-5]}}},{"origin":[-14.25,9.00018,-24.5982],"size":[3.25,1,5.21714],"inflate":0.002,"pivot":[-12.625,9.75018,-21.25214],"rotation":[45,0,0],"uv":{"north":{"uv":[138,116],"uv_size":[-4,1]},"east":{"uv":[135,129],"uv_size":[-5,1]},"south":{"uv":[121,134],"uv_size":[-4,1]},"west":{"uv":[135,128],"uv_size":[-5,1]},"up":{"uv":[119,36],"uv_size":[-4,5]},"down":{"uv":[119,93],"uv_size":[-4,-5]}}},{"origin":[-14.25,10.18986,-31.66601],"size":[3.25,1,5.44214],"pivot":[-12.5,4.93986,-29.04494],"rotation":[-90,0,0],"uv":{"north":{"uv":[138,117],"uv_size":[-4,1]},"east":{"uv":[136,1],"uv_size":[-6,1]},"south":{"uv":[125,134],"uv_size":[-4,1]},"west":{"uv":[136,0],"uv_size":[-6,1]},"up":{"uv":[17,113],"uv_size":[-4,6]},"down":{"uv":[21,119],"uv_size":[-4,-6]}}},{"origin":[11.46599,2.11652,-11.25],"size":[0.56185,11.51678,21.91875],"uv":{"north":{"uv":[58,127],"uv_size":[1,12]},"east":{"uv":[0,46],"uv_size":[22,12]},"south":{"uv":[111,127],"uv_size":[1,12]},"west":{"uv":[47,44],"uv_size":[22,12]},"up":{"uv":[54,125],"uv_size":[1,22]},"down":{"uv":[55,147],"uv_size":[1,-22]}}},{"origin":[11.35,11.64647,-9.84776],"size":[0.62,3.51678,21.91875],"inflate":0.006,"pivot":[11.70413,8.02147,1.40224],"rotation":[10,0,0],"uv":{"north":{"uv":[129,135],"uv_size":[1,4]},"east":{"uv":[0,58],"uv_size":[22,4]},"south":{"uv":[130,135],"uv_size":[1,4]},"west":{"uv":[67,97],"uv_size":[22,4]},"up":{"uv":[106,125],"uv_size":[1,22]},"down":{"uv":[107,147],"uv_size":[1,-22]}}},{"origin":[-11.96599,11.64647,-9.84776],"size":[0.51185,3.51678,21.91875],"inflate":0.006,"pivot":[-11.70413,8.02147,1.40224],"rotation":[10,0,0],"uv":{"north":{"uv":[130,135],"uv_size":[-1,4]},"east":{"uv":[89,97],"uv_size":[-22,4]},"south":{"uv":[131,135],"uv_size":[-1,4]},"west":{"uv":[22,58],"uv_size":[-22,4]},"up":{"uv":[107,125],"uv_size":[-1,22]},"down":{"uv":[108,147],"uv_size":[-1,-22]}}},{"origin":[-11.97784,2.11652,-11.25],"size":[0.51185,11.51678,21.91875],"uv":{"north":{"uv":[59,127],"uv_size":[-1,12]},"east":{"uv":[69,44],"uv_size":[-22,12]},"south":{"uv":[112,127],"uv_size":[-1,12]},"west":{"uv":[22,46],"uv_size":[-22,12]},"up":{"uv":[55,125],"uv_size":[-1,22]},"down":{"uv":[56,147],"uv_size":[-1,-22]}}},{"origin":[-7.47784,13.0058,-18.35622],"size":[14.95568,0.5,9.4],"pivot":[0,13.2558,-17.23122],"rotation":[2.5,0,0],"uv":{"north":{"uv":[126,7],"uv_size":[15,1]},"east":{"uv":[131,58],"uv_size":[10,1]},"south":{"uv":[126,8],"uv_size":[15,1]},"west":{"uv":[131,59],"uv_size":[10,1]},"up":{"uv":[0,87],"uv_size":[15,10]},"down":{"uv":[52,99],"uv_size":[15,-10]}}},{"origin":[-7.47784,9.79423,-27.2365],"size":[14.95568,1.5,9.4],"pivot":[0,11.04423,-23.5365],"rotation":[22.5,0,0],"uv":{"north":{"uv":[111,30],"uv_size":[15,2]},"east":{"uv":[117,58],"uv_size":[10,2]},"south":{"uv":[111,32],"uv_size":[15,2]},"west":{"uv":[117,60],"uv_size":[10,2]},"up":{"uv":[15,90],"uv_size":[15,10]},"down":{"uv":[90,26],"uv_size":[15,-10]}}},{"origin":[-11.97784,14.63694,10.58438],"size":[23.95568,1,16.25],"pivot":[0,15.13694,18.70938],"rotation":[-12.5,0,0],"uv":{"north":{"uv":[108,77],"uv_size":[24,1]},"east":{"uv":[71,43],"uv_size":[17,1]},"south":{"uv":[111,18],"uv_size":[24,1]},"west":{"uv":[13,100],"uv_size":[17,1]},"up":{"uv":[23,0],"uv_size":[24,17]},"down":{"uv":[23,34],"uv_size":[24,-17]}}},{"origin":[-9.47784,2.36652,11.5],"size":[18.95568,7.5,11.5],"uv":{"north":{"uv":[67,89],"uv_size":[19,8]},"east":{"uv":[90,54],"uv_size":[12,8]},"south":{"uv":[86,89],"uv_size":[19,8]},"west":{"uv":[90,62],"uv_size":[12,8]},"up":{"uv":[69,44],"uv_size":[19,12]},"down":{"uv":[71,12],"uv_size":[19,-12]}}},{"origin":[-9.47784,2.36652,-23],"size":[18.95568,7.5,11.5],"uv":{"north":{"uv":[90,0],"uv_size":[19,8]},"east":{"uv":[90,70],"uv_size":[12,8]},"south":{"uv":[90,8],"uv_size":[19,8]},"west":{"uv":[30,93],"uv_size":[12,8]},"up":{"uv":[71,12],"uv_size":[19,12]},"down":{"uv":[71,36],"uv_size":[19,-12]}}},{"origin":[-11.72784,2.86652,-9.45],"size":[23.45568,10.5,0.75],"uv":{"north":{"uv":[0,62],"uv_size":[24,11]},"east":{"uv":[114,125],"uv_size":[1,11]},"south":{"uv":[66,56],"uv_size":[24,11]},"west":{"uv":[115,125],"uv_size":[1,11]},"up":{"uv":[111,19],"uv_size":[24,1]},"down":{"uv":[111,21],"uv_size":[24,-1]}}},{"origin":[-11.72784,2.86652,10.5],"size":[23.45568,10.5,0.75],"inflate":0.002,"uv":{"north":{"uv":[66,67],"uv_size":[24,11]},"east":{"uv":[116,125],"uv_size":[1,11]},"south":{"uv":[24,68],"uv_size":[24,11]},"west":{"uv":[0,126],"uv_size":[1,11]},"up":{"uv":[111,21],"uv_size":[24,1]},"down":{"uv":[111,23],"uv_size":[24,-1]}}},{"origin":[-12.47784,5.11652,-17.75],"size":[24.95568,0.5,0.75],"uv":{"north":{"uv":[113,69],"uv_size":[25,1]},"east":{"uv":[81,113],"uv_size":[1,1]},"south":{"uv":[116,103],"uv_size":[25,1]},"west":{"uv":[114,106],"uv_size":[1,1]},"up":{"uv":[95,42],"uv_size":[25,1]},"down":{"uv":[105,97],"uv_size":[25,-1]}}},{"origin":[-12.47784,5.11652,17],"size":[24.95568,0.5,0.75],"uv":{"north":{"uv":[117,65],"uv_size":[25,1]},"east":{"uv":[116,48],"uv_size":[1,1]},"south":{"uv":[117,66],"uv_size":[25,1]},"west":{"uv":[80,118],"uv_size":[1,1]},"up":{"uv":[108,41],"uv_size":[25,1]},"down":{"uv":[108,77],"uv_size":[25,-1]}}},{"origin":[-11.47784,2.36652,-11.5],"size":[22.95568,0.5,23],"uv":{"north":{"uv":[120,82],"uv_size":[23,1]},"east":{"uv":[120,83],"uv_size":[23,1]},"south":{"uv":[120,84],"uv_size":[23,1]},"west":{"uv":[120,102],"uv_size":[23,1]},"up":{"uv":[0,0],"uv_size":[23,23]},"down":{"uv":[0,46],"uv_size":[23,-23]}}},{"origin":[-11.72784,2.36652,-30],"size":[23.45568,0.5,7],"uv":{"north":{"uv":[119,74],"uv_size":[24,1]},"east":{"uv":[134,87],"uv_size":[7,1]},"south":{"uv":[119,75],"uv_size":[24,1]},"west":{"uv":[134,97],"uv_size":[7,1]},"up":{"uv":[71,36],"uv_size":[24,7]},"down":{"uv":[88,50],"uv_size":[24,-7]}}},{"origin":[-11.96399,20.95033,-1.23163],"size":[23.93197,0.70994,0.70994],"inflate":-0.002,"uv":{"north":{"uv":[118,85],"uv_size":[24,1]},"east":{"uv":[16,136],"uv_size":[1,1]},"south":{"uv":[119,39],"uv_size":[24,1]},"west":{"uv":[17,136],"uv_size":[1,1]},"up":{"uv":[119,40],"uv_size":[24,1]},"down":{"uv":[119,74],"uv_size":[24,-1]}}},{"origin":[11.47784,17.33317,-11.16546],"size":[0.48815,1,11.725],"inflate":0.002,"pivot":[0,17.83317,-4.34879],"rotation":[45,0,0],"uv":{"north":{"uv":[8,136],"uv_size":[1,1]},"east":{"uv":[52,88],"uv_size":[12,1]},"south":{"uv":[9,136],"uv_size":[1,1]},"west":{"uv":[121,67],"uv_size":[12,1]},"up":{"uv":[32,127],"uv_size":[1,12]},"down":{"uv":[43,139],"uv_size":[1,-12]}}},{"origin":[-11.96599,17.33317,-11.16546],"size":[0.48815,1,11.725],"inflate":0.002,"pivot":[0,17.83317,-4.34879],"rotation":[45,0,0],"uv":{"north":{"uv":[9,136],"uv_size":[-1,1]},"east":{"uv":[133,67],"uv_size":[-12,1]},"south":{"uv":[10,136],"uv_size":[-1,1]},"west":{"uv":[64,88],"uv_size":[-12,1]},"up":{"uv":[33,127],"uv_size":[-1,12]},"down":{"uv":[44,139],"uv_size":[-1,-12]}}},{"origin":[-11.9,3.0083,10.66875],"size":[23.9,13.39907,15.58125],"inflate":-0.03,"uv":{"north":{"uv":[47,16],"uv_size":[24,14]},"east":{"uv":[48,68],"uv_size":[16,14]},"south":{"uv":[47,30],"uv_size":[24,14]},"west":{"uv":[64,68],"uv_size":[-16,14]},"up":{"uv":[23,34],"uv_size":[24,16]},"down":{"uv":[47,16],"uv_size":[24,-16]}}},{"origin":[5.46599,3.7583,26.25],"size":[6.5,5,0.75],"uv":{"north":{"uv":[37,62],"uv_size":[7,5]},"east":{"uv":[80,105],"uv_size":[1,5]},"south":{"uv":[73,105],"uv_size":[7,5]},"west":{"uv":[112,49],"uv_size":[1,5]},"up":{"uv":[126,80],"uv_size":[7,1]},"down":{"uv":[126,82],"uv_size":[7,-1]}}},{"origin":[-11.96599,2.11652,23.1],"size":[23.93197,1.64178,4],"inflate":0.002,"uv":{"north":{"uv":[100,86],"uv_size":[24,2]},"east":{"uv":[47,129],"uv_size":[4,2]},"south":{"uv":[105,24],"uv_size":[24,2]},"west":{"uv":[129,48],"uv_size":[4,2]},"up":{"uv":[88,50],"uv_size":[24,4]},"down":{"uv":[90,30],"uv_size":[24,-4]}}},{"origin":[-5.46672,3.74425,23],"size":[10.93344,0.51405,3.998],"inflate":-0.002,"uv":{"north":{"uv":[129,70],"uv_size":[11,1]},"east":{"uv":[135,110],"uv_size":[4,1]},"south":{"uv":[129,71],"uv_size":[11,1]},"west":{"uv":[135,111],"uv_size":[4,1]},"up":{"uv":[41,103],"uv_size":[11,4]},"down":{"uv":[52,107],"uv_size":[11,-4]}}},{"origin":[-5.46599,6.11652,26],"size":[10.93197,2.64178,1],"uv":{"north":{"uv":[34,79],"uv_size":[11,3]},"east":{"uv":[22,46],"uv_size":[1,3]},"south":{"uv":[108,70],"uv_size":[11,3]},"west":{"uv":[64,75],"uv_size":[1,3]},"up":{"uv":[122,63],"uv_size":[11,1]},"down":{"uv":[122,65],"uv_size":[11,-1]}}},{"origin":[5.27696,5.6898,25.999],"size":[4.93197,2.64178,1],"inflate":-0.002,"pivot":[4.74294,8.01064,24.125],"rotation":[0,0,60],"uv":{"north":{"uv":[117,62],"uv_size":[5,3]},"east":{"uv":[33,90],"uv_size":[1,3]},"south":{"uv":[118,10],"uv_size":[5,3]},"west":{"uv":[13,97],"uv_size":[1,3]},"up":{"uv":[100,88],"uv_size":[5,1]},"down":{"uv":[73,131],"uv_size":[5,-1]}}},{"origin":[-10.20893,5.68975,25.999],"size":[4.93197,2.64178,1],"inflate":-0.002,"pivot":[-4.74294,8.01064,24.125],"rotation":[0,0,-60],"uv":{"north":{"uv":[122,62],"uv_size":[-5,3]},"east":{"uv":[14,97],"uv_size":[-1,3]},"south":{"uv":[123,10],"uv_size":[-5,3]},"west":{"uv":[34,90],"uv_size":[-1,3]},"up":{"uv":[105,88],"uv_size":[-5,1]},"down":{"uv":[78,131],"uv_size":[-5,-1]}}},{"origin":[4.46599,4.2583,27],"size":[3.5,3.5,0.5],"uv":{"north":{"uv":[80,119],"uv_size":[4,4]},"east":{"uv":[118,135],"uv_size":[1,4]},"south":{"uv":[84,119],"uv_size":[4,4]},"west":{"uv":[119,135],"uv_size":[1,4]},"up":{"uv":[120,135],"uv_size":[4,1]},"down":{"uv":[135,121],"uv_size":[4,-1]}}},{"origin":[-7.96599,4.2583,27],"size":[3.5,3.5,0.5],"uv":{"north":{"uv":[84,119],"uv_size":[-4,4]},"east":{"uv":[120,135],"uv_size":[-1,4]},"south":{"uv":[88,119],"uv_size":[-4,4]},"west":{"uv":[119,135],"uv_size":[-1,4]},"up":{"uv":[124,135],"uv_size":[-4,1]},"down":{"uv":[139,121],"uv_size":[-4,-1]}}},{"origin":[-11.96599,3.7583,26.25],"size":[6.5,5,0.75],"uv":{"north":{"uv":[44,62],"uv_size":[-7,5]},"east":{"uv":[113,49],"uv_size":[-1,5]},"south":{"uv":[80,105],"uv_size":[-7,5]},"west":{"uv":[81,105],"uv_size":[-1,5]},"up":{"uv":[133,80],"uv_size":[-7,1]},"down":{"uv":[133,82],"uv_size":[-7,-1]}}},{"origin":[-5.46599,3.61652,25.25],"size":[10.93197,2.5,0.75],"uv":{"north":{"uv":[108,73],"uv_size":[11,3]},"east":{"uv":[65,75],"uv_size":[1,3]},"south":{"uv":[109,0],"uv_size":[11,3]},"west":{"uv":[15,87],"uv_size":[1,3]},"up":{"uv":[124,16],"uv_size":[11,1]},"down":{"uv":[124,18],"uv_size":[11,-1]}}},{"origin":[6.35992,2.60267,-28.80365],"size":[0.5,5.65,1.5],"inflate":-0.004,"pivot":[6.60992,5.62767,-28.05365],"rotation":[15,60,0],"uv":{"north":{"uv":[52,134],"uv_size":[1,6]},"east":{"uv":[50,93],"uv_size":[2,6]},"south":{"uv":[53,134],"uv_size":[1,6]},"west":{"uv":[61,107],"uv_size":[2,6]},"up":{"uv":[7,131],"uv_size":[1,2]},"down":{"uv":[135,130],"uv_size":[1,-2]}}},{"origin":[2.14673,6.36652,-36.37046],"size":[0.5,3.25,9.77246],"pivot":[2.39673,9.11652,-29.0875],"rotation":[0,90,0],"uv":{"north":{"uv":[51,135],"uv_size":[1,4]},"east":{"uv":[105,88],"uv_size":[10,4]},"south":{"uv":[77,135],"uv_size":[1,4]},"west":{"uv":[105,92],"uv_size":[10,4]},"up":{"uv":[82,129],"uv_size":[1,10]},"down":{"uv":[83,139],"uv_size":[1,-10]}}},{"origin":[2.14673,2.11652,-36.37046],"size":[0.5,1,9.77246],"pivot":[2.39673,2.61652,-29.0875],"rotation":[0,90,0],"uv":{"north":{"uv":[6,136],"uv_size":[1,1]},"east":{"uv":[124,86],"uv_size":[10,1]},"south":{"uv":[7,136],"uv_size":[1,1]},"west":{"uv":[124,87],"uv_size":[10,1]},"up":{"uv":[92,129],"uv_size":[1,10]},"down":{"uv":[93,139],"uv_size":[1,-10]}}},{"origin":[8.7764,6.36652,-31.58149],"size":[0.498,1.502,1.173],"pivot":[9.0264,9.61652,-26.65849],"rotation":[0,60,0],"uv":{"north":{"uv":[47,127],"uv_size":[1,2]},"east":{"uv":[41,101],"uv_size":[1,2]},"south":{"uv":[120,130],"uv_size":[1,2]},"west":{"uv":[63,103],"uv_size":[1,2]},"up":{"uv":[4,136],"uv_size":[1,1]},"down":{"uv":[5,137],"uv_size":[1,-1]}}},{"origin":[8.7764,7.86652,-31.58149],"size":[0.498,1.752,8.173],"pivot":[9.0264,9.61652,-26.65849],"rotation":[0,60,0],"uv":{"north":{"uv":[101,116],"uv_size":[1,2]},"east":{"uv":[113,67],"uv_size":[8,2]},"south":{"uv":[4,117],"uv_size":[1,2]},"west":{"uv":[114,13],"uv_size":[8,2]},"up":{"uv":[109,131],"uv_size":[1,8]},"down":{"uv":[110,139],"uv_size":[1,-8]}}},{"origin":[8.7764,2.11652,-31.58349],"size":[0.5,1,8.175],"pivot":[9.0264,4.11652,-26.65849],"rotation":[0,60,0],"uv":{"north":{"uv":[136,2],"uv_size":[1,1]},"east":{"uv":[125,118],"uv_size":[8,1]},"south":{"uv":[136,3],"uv_size":[1,1]},"west":{"uv":[125,119],"uv_size":[8,1]},"up":{"uv":[56,131],"uv_size":[1,8]},"down":{"uv":[57,139],"uv_size":[1,-8]}}},{"origin":[-6.85992,2.60267,-28.80365],"size":[0.5,5.65,1.5],"inflate":-0.004,"pivot":[-6.60992,5.62767,-28.05365],"rotation":[15,-60,0],"uv":{"north":{"uv":[53,134],"uv_size":[-1,6]},"east":{"uv":[63,107],"uv_size":[-2,6]},"south":{"uv":[54,134],"uv_size":[-1,6]},"west":{"uv":[52,93],"uv_size":[-2,6]},"up":{"uv":[8,131],"uv_size":[-1,2]},"down":{"uv":[136,130],"uv_size":[-1,-2]}}},{"origin":[-9.2744,6.36652,-31.58149],"size":[0.498,1.502,1.173],"pivot":[-9.0264,9.61652,-26.65849],"rotation":[0,-60,0],"uv":{"north":{"uv":[48,127],"uv_size":[-1,2]},"east":{"uv":[64,103],"uv_size":[-1,2]},"south":{"uv":[121,130],"uv_size":[-1,2]},"west":{"uv":[42,101],"uv_size":[-1,2]},"up":{"uv":[5,136],"uv_size":[-1,1]},"down":{"uv":[6,137],"uv_size":[-1,-1]}}},{"origin":[-9.2744,7.86652,-31.58149],"size":[0.498,1.752,8.173],"pivot":[-9.0264,9.61652,-26.65849],"rotation":[0,-60,0],"uv":{"north":{"uv":[102,116],"uv_size":[-1,2]},"east":{"uv":[122,13],"uv_size":[-8,2]},"south":{"uv":[5,117],"uv_size":[-1,2]},"west":{"uv":[121,67],"uv_size":[-8,2]},"up":{"uv":[110,131],"uv_size":[-1,8]},"down":{"uv":[111,139],"uv_size":[-1,-8]}}},{"origin":[-9.2764,2.11652,-31.58349],"size":[0.5,1,8.175],"pivot":[-9.0264,4.11652,-26.65849],"rotation":[0,-60,0],"uv":{"north":{"uv":[137,2],"uv_size":[-1,1]},"east":{"uv":[133,119],"uv_size":[-8,1]},"south":{"uv":[137,3],"uv_size":[-1,1]},"west":{"uv":[133,118],"uv_size":[-8,1]},"up":{"uv":[57,131],"uv_size":[-1,8]},"down":{"uv":[58,139],"uv_size":[-1,-8]}}},{"origin":[-2.89046,3.11652,-36.58674],"size":[0.25,3.25,9.82557],"pivot":[-2.76546,6.61652,-28.90849],"rotation":[0,-90,0],"uv":{"north":{"uv":[89,135],"uv_size":[1,4]},"east":{"uv":[41,107],"uv_size":[10,4]},"south":{"uv":[117,135],"uv_size":[1,4]},"west":{"uv":[51,107],"uv_size":[10,4]},"up":{"uv":[94,129],"uv_size":[1,10]},"down":{"uv":[101,140],"uv_size":[1,-10]}}},{"origin":[8.7764,3.11652,-31.40849],"size":[0.25,5.25,8],"pivot":[9.0264,6.36652,-26.65849],"rotation":[0,60,0],"uv":{"north":{"uv":[41,134],"uv_size":[1,6]},"east":{"uv":[42,93],"uv_size":[8,6]},"south":{"uv":[42,134],"uv_size":[1,6]},"west":{"uv":[103,30],"uv_size":[8,6]},"up":{"uv":[90,131],"uv_size":[1,8]},"down":{"uv":[91,139],"uv_size":[1,-8]}}},{"origin":[-9.0264,3.11652,-31.40849],"size":[0.25,5.25,8],"pivot":[-9.0264,6.36652,-26.65849],"rotation":[0,-60,0],"uv":{"north":{"uv":[42,134],"uv_size":[-1,6]},"east":{"uv":[111,30],"uv_size":[-8,6]},"south":{"uv":[43,134],"uv_size":[-1,6]},"west":{"uv":[50,93],"uv_size":[-8,6]},"up":{"uv":[91,131],"uv_size":[-1,8]},"down":{"uv":[92,139],"uv_size":[-1,-8]}}},{"origin":[-3.46688,9.61452,-31.66462],"size":[5.5,0.28464,9.77392],"pivot":[-0.45489,9.43568,-26.32277],"rotation":[0,-90,0],"uv":{"north":{"uv":[135,38],"uv_size":[6,1]},"east":{"uv":[130,101],"uv_size":[10,1]},"south":{"uv":[45,135],"uv_size":[6,1]},"west":{"uv":[130,122],"uv_size":[10,1]},"up":{"uv":[92,101],"uv_size":[6,10]},"down":{"uv":[98,111],"uv_size":[6,-10]}}},{"origin":[-1.30467,9.61652,-24.00626],"size":[5.64934,0.28464,8.19756],"inflate":0.002,"pivot":[-0.00154,9.43768,-27.14088],"rotation":[0,60,0],"uv":{"north":{"uv":[135,50],"uv_size":[6,1]},"east":{"uv":[133,11],"uv_size":[8,1]},"south":{"uv":[135,51],"uv_size":[6,1]},"west":{"uv":[133,49],"uv_size":[8,1]},"up":{"uv":[102,70],"uv_size":[6,8]},"down":{"uv":[0,111],"uv_size":[6,-8]}}},{"origin":[-4.34467,9.61652,-24.00626],"size":[5.64934,0.28464,8.19756],"inflate":0.002,"pivot":[0.00154,9.43768,-27.14088],"rotation":[0,-60,0],"uv":{"north":{"uv":[141,50],"uv_size":[-6,1]},"east":{"uv":[141,49],"uv_size":[-8,1]},"south":{"uv":[141,51],"uv_size":[-6,1]},"west":{"uv":[141,11],"uv_size":[-8,1]},"up":{"uv":[108,70],"uv_size":[-6,8]},"down":{"uv":[6,111],"uv_size":[-6,-8]}}},{"origin":[12,2.1165,-11.25],"size":[0.5,1,22.5],"uv":{"north":{"uv":[136,9],"uv_size":[1,1]},"east":{"uv":[111,23],"uv_size":[23,1]},"south":{"uv":[10,136],"uv_size":[1,1]},"west":{"uv":[111,34],"uv_size":[23,1]},"up":{"uv":[112,119],"uv_size":[1,23]},"down":{"uv":[100,144],"uv_size":[1,-23]}}},{"origin":[-12.5,2.1165,-11.25],"size":[0.5,1,22.5],"uv":{"north":{"uv":[137,9],"uv_size":[-1,1]},"east":{"uv":[134,34],"uv_size":[-23,1]},"south":{"uv":[11,136],"uv_size":[-1,1]},"west":{"uv":[134,23],"uv_size":[-23,1]},"up":{"uv":[113,119],"uv_size":[-1,23]},"down":{"uv":[101,144],"uv_size":[-1,-23]}}},{"origin":[7.47784,7.4021,-21.72937],"size":[4.48815,6.1174,12.82996],"pivot":[11.72191,11.95621,-17.09941],"rotation":[2.5,0,0],"uv":{"north":{"uv":[73,110],"uv_size":[5,6]},"east":{"uv":[95,36],"uv_size":[13,6]},"south":{"uv":[0,111],"uv_size":[5,6]},"west":{"uv":[0,97],"uv_size":[13,6]},"up":{"uv":[82,101],"uv_size":[5,13]},"down":{"uv":[87,114],"uv_size":[5,-13]}}},{"origin":[11.466,2.11652,-25.25],"size":[0.526,7.76678,4.75],"inflate":0.004,"uv":{"north":{"uv":[104,130],"uv_size":[1,8]},"east":{"uv":[30,105],"uv_size":[-5,8]},"south":{"uv":[31,131],"uv_size":[1,8]},"west":{"uv":[25,105],"uv_size":[5,8]},"up":{"uv":[97,134],"uv_size":[1,5]},"down":{"uv":[125,139],"uv_size":[1,-5]}}},{"origin":[-11.99099,2.11652,-25.25],"size":[0.525,7.76678,4.75],"inflate":0.004,"uv":{"north":{"uv":[105,130],"uv_size":[-1,8]},"east":{"uv":[30,105],"uv_size":[-5,8]},"south":{"uv":[32,131],"uv_size":[-1,8]},"west":{"uv":[25,105],"uv_size":[5,8]},"up":{"uv":[98,134],"uv_size":[-1,5]},"down":{"uv":[126,139],"uv_size":[-1,-5]}}},{"origin":[7.47784,6.05417,-23.3763],"size":[4.48815,2.73322,4.85],"inflate":0.002,"pivot":[9.72191,7.10828,-25.6263],"rotation":[45,0,0],"uv":{"north":{"uv":[95,125],"uv_size":[5,3]},"east":{"uv":[65,119],"uv_size":[5,3]},"south":{"uv":[101,125],"uv_size":[5,3]},"west":{"uv":[119,70],"uv_size":[5,3]},"up":{"uv":[92,111],"uv_size":[5,5]},"down":{"uv":[97,116],"uv_size":[5,-5]}}},{"origin":[-11.96599,6.05417,-23.3763],"size":[4.48815,2.73322,4.85],"inflate":0.002,"pivot":[-9.72191,7.10828,-25.6263],"rotation":[45,0,0],"uv":{"north":{"uv":[100,125],"uv_size":[-5,3]},"east":{"uv":[124,70],"uv_size":[-5,3]},"south":{"uv":[106,125],"uv_size":[-5,3]},"west":{"uv":[70,119],"uv_size":[-5,3]},"up":{"uv":[97,111],"uv_size":[-5,5]},"down":{"uv":[102,116],"uv_size":[-5,-5]}}}]},{"name":"bone","parent":"base","pivot":[1.5,13.49704,-5.02705],"cubes":[{"origin":[-7.5,10.03889,2.65274],"size":[18,4,11],"pivot":[4.5,12.03889,8.15274],"rotation":[82.5,0,0],"uv":{"north":{"uv":[13,101],"uv_size":[18,4]},"east":{"uv":[102,62],"uv_size":[11,4]},"south":{"uv":[64,101],"uv_size":[18,4]},"west":{"uv":[102,66],"uv_size":[11,4]},"up":{"uv":[34,82],"uv_size":[18,11]},"down":{"uv":[82,89],"uv_size":[18,-11]}}},{"origin":[-7.5,3,-2],"size":[18,4,11],"uv":{"north":{"uv":[100,78],"uv_size":[18,4]},"east":{"uv":[102,54],"uv_size":[11,4]},"south":{"uv":[100,82],"uv_size":[18,4]},"west":{"uv":[102,58],"uv_size":[11,4]},"up":{"uv":[64,78],"uv_size":[18,11]},"down":{"uv":[16,90],"uv_size":[18,-11]}}},{"origin":[-10.5,3,1.25],"size":[3,6,8],"uv":{"north":{"uv":[44,50],"uv_size":[3,6]},"east":{"uv":[16,73],"uv_size":[8,6]},"south":{"uv":[110,113],"uv_size":[3,6]},"west":{"uv":[52,82],"uv_size":[8,6]},"up":{"uv":[44,111],"uv_size":[3,8]},"down":{"uv":[47,119],"uv_size":[3,-8]}}},{"origin":[-10.5,3,-6.75],"size":[3,3,8],"uv":{"north":{"uv":[45,79],"uv_size":[3,3]},"east":{"uv":[5,111],"uv_size":[8,3]},"south":{"uv":[30,90],"uv_size":[3,3]},"west":{"uv":[111,15],"uv_size":[8,3]},"up":{"uv":[78,110],"uv_size":[3,8]},"down":{"uv":[41,119],"uv_size":[3,-8]}}},{"origin":[2,13.99704,-11.02705],"size":[1,1,5.75],"pivot":[2.5,13.49704,-5.02705],"rotation":[0,12.5,-90],"uv":{"north":{"uv":[22,49],"uv_size":[1,1]},"east":{"uv":[129,53],"uv_size":[6,1]},"south":{"uv":[30,112],"uv_size":[1,1]},"west":{"uv":[69,129],"uv_size":[6,1]},"up":{"uv":[27,129],"uv_size":[1,6]},"down":{"uv":[51,135],"uv_size":[1,-6]}}}]},{"name":"gearswitch","parent":"bone","pivot":[-9,10.125,-2.75],"cubes":[{"origin":[-9.5,6,-3.25],"size":[1,5,1],"uv":{"north":{"uv":[52,129],"uv_size":[1,5]},"east":{"uv":[53,129],"uv_size":[1,5]},"south":{"uv":[80,129],"uv_size":[1,5]},"west":{"uv":[81,129],"uv_size":[1,5]},"up":{"uv":[81,112],"uv_size":[1,1]},"down":{"uv":[110,113],"uv_size":[1,-1]}}},{"origin":[-9.75,11,-3.5],"size":[1.5,1.5,1.5],"uv":{"north":{"uv":[88,54],"uv_size":[2,2]},"east":{"uv":[70,119],"uv_size":[2,2]},"south":{"uv":[56,121],"uv_size":[2,2]},"west":{"uv":[122,13],"uv_size":[2,2]},"up":{"uv":[48,123],"uv_size":[2,2]},"down":{"uv":[76,125],"uv_size":[2,-2]}}}]},{"name":"steeringWheel","parent":"bone","pivot":[1.5,13,-5]},{"name":"steeringWheelInner","parent":"steeringWheel","pivot":[1.5,13.49704,-5.02705],"rotation":[12.5,0,0],"cubes":[{"origin":[-1,9.99704,-5.27705],"size":[5,1,0.5],"pivot":[1.5,13.49704,-5.02705],"rotation":[0,0,-90],"uv":{"north":{"uv":[130,96],"uv_size":[5,1]},"east":{"uv":[77,129],"uv_size":[1,1]},"south":{"uv":[130,98],"uv_size":[5,1]},"west":{"uv":[42,131],"uv_size":[1,1]},"up":{"uv":[60,135],"uv_size":[5,1]},"down":{"uv":[65,136],"uv_size":[5,-1]}}},{"origin":[-2,9.99704,-5.27705],"size":[7,1,0.5],"uv":{"north":{"uv":[37,67],"uv_size":[7,1]},"east":{"uv":[109,118],"uv_size":[1,1]},"south":{"uv":[6,103],"uv_size":[7,1]},"west":{"uv":[119,92],"uv_size":[1,1]},"up":{"uv":[134,60],"uv_size":[7,1]},"down":{"uv":[134,62],"uv_size":[7,-1]}}},{"origin":[-1,11.99704,-5.27705],"size":[5,3,0.5],"pivot":[1.5,13.49704,-5.02705],"rotation":[0,0,-90],"uv":{"north":{"uv":[115,93],"uv_size":[5,3]},"east":{"uv":[72,113],"uv_size":[1,3]},"south":{"uv":[115,109],"uv_size":[5,3]},"west":{"uv":[69,122],"uv_size":[1,3]},"up":{"uv":[84,135],"uv_size":[5,1]},"down":{"uv":[135,91],"uv_size":[5,-1]}}},{"origin":[-1,15.99704,-5.27705],"size":[5,1,0.5],"pivot":[1.5,13.49704,-5.02705],"rotation":[0,0,-90],"uv":{"north":{"uv":[130,99],"uv_size":[5,1]},"east":{"uv":[50,131],"uv_size":[1,1]},"south":{"uv":[130,100],"uv_size":[5,1]},"west":{"uv":[132,77],"uv_size":[1,1]},"up":{"uv":[70,135],"uv_size":[5,1]},"down":{"uv":[135,73],"uv_size":[5,-1]}}},{"origin":[-2,15.99704,-5.27705],"size":[7,1,0.5],"uv":{"north":{"uv":[6,104],"uv_size":[7,1]},"east":{"uv":[119,108],"uv_size":[1,1]},"south":{"uv":[126,9],"uv_size":[7,1]},"west":{"uv":[123,12],"uv_size":[1,1]},"up":{"uv":[134,62],"uv_size":[7,1]},"down":{"uv":[134,87],"uv_size":[7,-1]}}}]},{"name":"wheel1","parent":"root","pivot":[12.5,5,-17.5152]},{"name":"rotatingWheel1","parent":"wheel1","pivot":[12.5,5,-17.5152],"cubes":[{"origin":[11.5,1.5,-17.96495],"size":[2,7,0.89949],"uv":{"north":{"uv":[118,78],"uv_size":[2,7]},"east":{"uv":[1,126],"uv_size":[1,7]},"south":{"uv":[101,118],"uv_size":[2,7]},"west":{"uv":[2,126],"uv_size":[1,7]},"up":{"uv":[45,122],"uv_size":[2,1]},"down":{"uv":[86,124],"uv_size":[2,-1]}}},{"origin":[11,0,-19.58627],"size":[3,1.5,4.14214],"uv":{"north":{"uv":[64,99],"uv_size":[3,2]},"east":{"uv":[126,90],"uv_size":[4,2]},"south":{"uv":[112,104],"uv_size":[3,2]},"west":{"uv":[126,92],"uv_size":[4,2]},"up":{"uv":[47,119],"uv_size":[3,4]},"down":{"uv":[109,123],"uv_size":[3,-4]}}},{"origin":[11,2.92893,-22.5152],"size":[3,4.14214,1.5],"inflate":0.002,"pivot":[12.5,5,-17.5152],"rotation":[-45,0,0],"uv":{"north":{"uv":[119,112],"uv_size":[3,4]},"east":{"uv":[67,126],"uv_size":[2,4]},"south":{"uv":[119,116],"uv_size":[3,4]},"west":{"uv":[126,98],"uv_size":[2,4]},"up":{"uv":[89,114],"uv_size":[3,2]},"down":{"uv":[120,10],"uv_size":[3,-2]}}},{"origin":[11,2.92893,-22.5152],"size":[3,4.14214,1.5],"uv":{"north":{"uv":[120,0],"uv_size":[3,4]},"east":{"uv":[126,104],"uv_size":[2,4]},"south":{"uv":[120,4],"uv_size":[3,4]},"west":{"uv":[126,108],"uv_size":[2,4]},"up":{"uv":[117,130],"uv_size":[3,2]},"down":{"uv":[4,133],"uv_size":[3,-2]}}},{"origin":[11,2.92893,-14.0152],"size":[3,4.14214,1.5],"inflate":0.002,"pivot":[12.5,5,-17.5152],"rotation":[-45,0,0],"uv":{"north":{"uv":[120,42],"uv_size":[3,4]},"east":{"uv":[126,120],"uv_size":[2,4]},"south":{"uv":[120,78],"uv_size":[3,4]},"west":{"uv":[126,124],"uv_size":[2,4]},"up":{"uv":[28,131],"uv_size":[3,2]},"down":{"uv":[131,62],"uv_size":[3,-2]}}},{"origin":[11,2.92893,-14.0152],"size":[3,4.14214,1.5],"uv":{"north":{"uv":[120,92],"uv_size":[3,4]},"east":{"uv":[4,127],"uv_size":[2,4]},"south":{"uv":[120,98],"uv_size":[3,4]},"west":{"uv":[6,127],"uv_size":[2,4]},"up":{"uv":[67,131],"uv_size":[3,2]},"down":{"uv":[70,133],"uv_size":[3,-2]}}},{"origin":[11,0,-19.58627],"size":[3,1.5,4.14214],"inflate":0.002,"pivot":[12.5,5,-17.5152],"rotation":[-45,0,0],"uv":{"north":{"uv":[73,131],"uv_size":[3,2]},"east":{"uv":[126,94],"uv_size":[4,2]},"south":{"uv":[84,131],"uv_size":[3,2]},"west":{"uv":[8,127],"uv_size":[4,2]},"up":{"uv":[120,108],"uv_size":[3,4]},"down":{"uv":[117,124],"uv_size":[3,-4]}}},{"origin":[11,8.5,-19.58627],"size":[3,1.5,4.14214],"inflate":0.002,"pivot":[12.5,5,-17.5152],"rotation":[-45,0,0],"uv":{"north":{"uv":[87,131],"uv_size":[3,2]},"east":{"uv":[12,127],"uv_size":[4,2]},"south":{"uv":[131,112],"uv_size":[3,2]},"west":{"uv":[127,12],"uv_size":[4,2]},"up":{"uv":[120,120],"uv_size":[3,4]},"down":{"uv":[121,50],"uv_size":[3,-4]}}},{"origin":[11,8.5,-19.58627],"size":[3,1.5,4.14214],"uv":{"north":{"uv":[131,114],"uv_size":[3,2]},"east":{"uv":[127,14],"uv_size":[4,2]},"south":{"uv":[131,116],"uv_size":[3,2]},"west":{"uv":[16,127],"uv_size":[4,2]},"up":{"uv":[50,121],"uv_size":[3,4]},"down":{"uv":[121,54],"uv_size":[3,-4]}}},{"origin":[11.5,4.55025,-21.0152],"size":[2,0.89949,7],"inflate":-0.004,"pivot":[12.5,5,-17.5152],"rotation":[-45,0,0],"uv":{"north":{"uv":[109,15],"uv_size":[2,1]},"east":{"uv":[126,10],"uv_size":[7,1]},"south":{"uv":[102,111],"uv_size":[2,1]},"west":{"uv":[126,11],"uv_size":[7,1]},"up":{"uv":[64,68],"uv_size":[2,7]},"down":{"uv":[58,123],"uv_size":[2,-7]}}},{"origin":[11.5,4.55025,-21.0152],"size":[2,0.89949,7],"inflate":0.002,"uv":{"north":{"uv":[112,106],"uv_size":[2,1]},"east":{"uv":[12,126],"uv_size":[7,1]},"south":{"uv":[29,113],"uv_size":[2,1]},"west":{"uv":[19,126],"uv_size":[7,1]},"up":{"uv":[76,116],"uv_size":[2,7]},"down":{"uv":[117,119],"uv_size":[2,-7]}}},{"origin":[11.5,1.5,-17.96495],"size":[2,7,0.89949],"inflate":-0.002,"pivot":[12.5,5,-17.5152],"rotation":[-45,0,0],"uv":{"north":{"uv":[118,3],"uv_size":[2,7]},"east":{"uv":[30,105],"uv_size":[1,7]},"south":{"uv":[78,118],"uv_size":[2,7]},"west":{"uv":[81,105],"uv_size":[1,7]},"up":{"uv":[115,112],"uv_size":[2,1]},"down":{"uv":[117,120],"uv_size":[2,-1]}}}]},{"name":"wheel2","parent":"root","pivot":[-12.5,5,-17.5152]},{"name":"rotatingWheel2","parent":"wheel2","pivot":[-12.5,5,-17.5152],"cubes":[{"origin":[-13.5,1.5,-17.96495],"size":[2,7,0.89949],"uv":{"north":{"uv":[6,119],"uv_size":[2,7]},"east":{"uv":[35,126],"uv_size":[1,7]},"south":{"uv":[8,119],"uv_size":[2,7]},"west":{"uv":[36,126],"uv_size":[1,7]},"up":{"uv":[34,135],"uv_size":[2,1]},"down":{"uv":[75,136],"uv_size":[2,-1]}}},{"origin":[-14,0,-19.58627],"size":[3,1.5,4.14214],"uv":{"north":{"uv":[128,131],"uv_size":[3,2]},"east":{"uv":[20,127],"uv_size":[4,2]},"south":{"uv":[131,131],"uv_size":[3,2]},"west":{"uv":[24,127],"uv_size":[4,2]},"up":{"uv":[53,121],"uv_size":[3,4]},"down":{"uv":[121,58],"uv_size":[3,-4]}}},{"origin":[-14,2.92893,-22.5152],"size":[3,4.14214,1.5],"inflate":0.002,"pivot":[-12.5,5,-17.5152],"rotation":[-45,0,0],"uv":{"north":{"uv":[70,121],"uv_size":[3,4]},"east":{"uv":[28,127],"uv_size":[2,4]},"south":{"uv":[73,121],"uv_size":[3,4]},"west":{"uv":[30,127],"uv_size":[2,4]},"up":{"uv":[132,4],"uv_size":[3,2]},"down":{"uv":[14,134],"uv_size":[3,-2]}}},{"origin":[-14,2.92893,-22.5152],"size":[3,4.14214,1.5],"uv":{"north":{"uv":[88,121],"uv_size":[3,4]},"east":{"uv":[37,127],"uv_size":[2,4]},"south":{"uv":[91,121],"uv_size":[3,4]},"west":{"uv":[39,127],"uv_size":[2,4]},"up":{"uv":[17,132],"uv_size":[3,2]},"down":{"uv":[20,134],"uv_size":[3,-2]}}},{"origin":[-14,2.92893,-14.0152],"size":[3,4.14214,1.5],"inflate":0.002,"pivot":[-12.5,5,-17.5152],"rotation":[-45,0,0],"uv":{"north":{"uv":[94,121],"uv_size":[3,4]},"east":{"uv":[41,127],"uv_size":[2,4]},"south":{"uv":[97,121],"uv_size":[3,4]},"west":{"uv":[45,127],"uv_size":[2,4]},"up":{"uv":[23,132],"uv_size":[3,2]},"down":{"uv":[37,134],"uv_size":[3,-2]}}},{"origin":[-14,2.92893,-14.0152],"size":[3,4.14214,1.5],"uv":{"north":{"uv":[0,122],"uv_size":[3,4]},"east":{"uv":[127,46],"uv_size":[2,4]},"south":{"uv":[122,26],"uv_size":[3,4]},"west":{"uv":[127,50],"uv_size":[2,4]},"up":{"uv":[40,132],"uv_size":[3,2]},"down":{"uv":[45,134],"uv_size":[3,-2]}}},{"origin":[-14,0,-19.58627],"size":[3,1.5,4.14214],"inflate":0.002,"pivot":[-12.5,5,-17.5152],"rotation":[-45,0,0],"uv":{"north":{"uv":[48,132],"uv_size":[3,2]},"east":{"uv":[127,54],"uv_size":[4,2]},"south":{"uv":[95,132],"uv_size":[3,2]},"west":{"uv":[127,56],"uv_size":[4,2]},"up":{"uv":[42,122],"uv_size":[3,4]},"down":{"uv":[60,126],"uv_size":[3,-4]}}},{"origin":[-14,8.5,-19.58627],"size":[3,1.5,4.14214],"inflate":0.002,"pivot":[-12.5,5,-17.5152],"rotation":[-45,0,0],"uv":{"north":{"uv":[132,104],"uv_size":[3,2]},"east":{"uv":[127,58],"uv_size":[4,2]},"south":{"uv":[132,106],"uv_size":[3,2]},"west":{"uv":[127,60],"uv_size":[4,2]},"up":{"uv":[63,122],"uv_size":[3,4]},"down":{"uv":[66,126],"uv_size":[3,-4]}}},{"origin":[-14,8.5,-19.58627],"size":[3,1.5,4.14214],"uv":{"north":{"uv":[132,108],"uv_size":[3,2]},"east":{"uv":[80,127],"uv_size":[4,2]},"south":{"uv":[132,110],"uv_size":[3,2]},"west":{"uv":[127,112],"uv_size":[4,2]},"up":{"uv":[122,112],"uv_size":[3,4]},"down":{"uv":[122,120],"uv_size":[3,-4]}}},{"origin":[-13.5,4.55025,-21.0152],"size":[2,0.89949,7],"inflate":-0.004,"pivot":[-12.5,5,-17.5152],"rotation":[-45,0,0],"uv":{"north":{"uv":[86,124],"uv_size":[2,1]},"east":{"uv":[26,126],"uv_size":[7,1]},"south":{"uv":[75,129],"uv_size":[2,1]},"west":{"uv":[126,30],"uv_size":[7,1]},"up":{"uv":[103,118],"uv_size":[2,7]},"down":{"uv":[105,125],"uv_size":[2,-7]}}},{"origin":[-13.5,4.55025,-21.0152],"size":[2,0.89949,7],"inflate":0.002,"uv":{"north":{"uv":[24,131],"uv_size":[2,1]},"east":{"uv":[126,31],"uv_size":[7,1]},"south":{"uv":[76,131],"uv_size":[2,1]},"west":{"uv":[126,32],"uv_size":[7,1]},"up":{"uv":[107,118],"uv_size":[2,7]},"down":{"uv":[113,125],"uv_size":[2,-7]}}},{"origin":[-13.5,1.5,-17.96495],"size":[2,7,0.89949],"inflate":-0.002,"pivot":[-12.5,5,-17.5152],"rotation":[-45,0,0],"uv":{"north":{"uv":[115,118],"uv_size":[2,7]},"east":{"uv":[33,126],"uv_size":[1,7]},"south":{"uv":[4,119],"uv_size":[2,7]},"west":{"uv":[34,126],"uv_size":[1,7]},"up":{"uv":[76,132],"uv_size":[2,1]},"down":{"uv":[49,135],"uv_size":[2,-1]}}}]},{"name":"wheel3","parent":"root","pivot":[-12.5,5,17.5152],"cubes":[{"origin":[-14,0,15.44413],"size":[3,1.5,4.14214],"uv":{"north":{"uv":[117,132],"uv_size":[3,2]},"east":{"uv":[127,114],"uv_size":[4,2]},"south":{"uv":[120,132],"uv_size":[3,2]},"west":{"uv":[127,116],"uv_size":[4,2]},"up":{"uv":[123,0],"uv_size":[3,4]},"down":{"uv":[123,8],"uv_size":[3,-4]}}},{"origin":[-14,2.92893,21.0152],"size":[3,4.14214,1.5],"inflate":0.002,"pivot":[-12.5,5,17.5152],"rotation":[45,0,0],"uv":{"north":{"uv":[123,8],"uv_size":[3,4]},"east":{"uv":[56,127],"uv_size":[2,4]},"south":{"uv":[123,42],"uv_size":[3,4]},"west":{"uv":[84,127],"uv_size":[2,4]},"up":{"uv":[132,120],"uv_size":[3,2]},"down":{"uv":[123,134],"uv_size":[3,-2]}}},{"origin":[-14,2.92893,21.0152],"size":[3,4.14214,1.5],"uv":{"north":{"uv":[45,123],"uv_size":[3,4]},"east":{"uv":[109,127],"uv_size":[2,4]},"south":{"uv":[56,123],"uv_size":[3,4]},"west":{"uv":[128,0],"uv_size":[2,4]},"up":{"uv":[4,133],"uv_size":[3,2]},"down":{"uv":[7,135],"uv_size":[3,-2]}}},{"origin":[-14,2.92893,12.5152],"size":[3,4.14214,1.5],"inflate":0.002,"pivot":[-12.5,5,17.5152],"rotation":[45,0,0],"uv":{"north":{"uv":[123,78],"uv_size":[3,4]},"east":{"uv":[128,26],"uv_size":[2,4]},"south":{"uv":[80,123],"uv_size":[3,4]},"west":{"uv":[95,128],"uv_size":[2,4]},"up":{"uv":[133,9],"uv_size":[3,2]},"down":{"uv":[10,135],"uv_size":[3,-2]}}},{"origin":[-14,2.92893,12.5152],"size":[3,4.14214,1.5],"uv":{"north":{"uv":[83,123],"uv_size":[3,4]},"east":{"uv":[97,128],"uv_size":[2,4]},"south":{"uv":[123,88],"uv_size":[3,4]},"west":{"uv":[128,98],"uv_size":[2,4]},"up":{"uv":[133,24],"uv_size":[3,2]},"down":{"uv":[28,135],"uv_size":[3,-2]}}},{"origin":[-14,0,15.44413],"size":[3,1.5,4.14214],"inflate":0.002,"pivot":[-12.5,5,17.5152],"rotation":[45,0,0],"uv":{"north":{"uv":[133,30],"uv_size":[3,2]},"east":{"uv":[128,4],"uv_size":[4,2]},"south":{"uv":[133,32],"uv_size":[3,2]},"west":{"uv":[101,128],"uv_size":[4,2]},"up":{"uv":[123,92],"uv_size":[3,4]},"down":{"uv":[123,102],"uv_size":[3,-4]}}},{"origin":[-14,8.5,15.44413],"size":[3,1.5,4.14214],"inflate":0.002,"pivot":[-12.5,5,17.5152],"rotation":[45,0,0],"uv":{"north":{"uv":[33,133],"uv_size":[3,2]},"east":{"uv":[128,104],"uv_size":[4,2]},"south":{"uv":[133,36],"uv_size":[3,2]},"west":{"uv":[128,106],"uv_size":[4,2]},"up":{"uv":[123,104],"uv_size":[3,4]},"down":{"uv":[123,112],"uv_size":[3,-4]}}},{"origin":[-14,8.5,15.44413],"size":[3,1.5,4.14214],"uv":{"north":{"uv":[133,41],"uv_size":[3,2]},"east":{"uv":[128,108],"uv_size":[4,2]},"south":{"uv":[133,43],"uv_size":[3,2]},"west":{"uv":[128,110],"uv_size":[4,2]},"up":{"uv":[109,123],"uv_size":[3,4]},"down":{"uv":[123,124],"uv_size":[3,-4]}}},{"origin":[-13.5,4.55025,14.0152],"size":[2,0.89949,7],"inflate":-0.004,"pivot":[-12.5,5,17.5152],"rotation":[45,0,0],"uv":{"north":{"uv":[135,91],"uv_size":[2,1]},"east":{"uv":[126,33],"uv_size":[7,1]},"south":{"uv":[135,92],"uv_size":[2,1]},"west":{"uv":[37,126],"uv_size":[7,1]},"up":{"uv":[10,119],"uv_size":[2,7]},"down":{"uv":[12,126],"uv_size":[2,-7]}}},{"origin":[-13.5,4.55025,14.0152],"size":[2,0.89949,7],"inflate":0.002,"uv":{"north":{"uv":[135,93],"uv_size":[2,1]},"east":{"uv":[126,42],"uv_size":[7,1]},"south":{"uv":[135,94],"uv_size":[2,1]},"west":{"uv":[126,43],"uv_size":[7,1]},"up":{"uv":[14,119],"uv_size":[2,7]},"down":{"uv":[16,126],"uv_size":[2,-7]}}},{"origin":[-13.5,1.5,17.06545],"size":[2,7,0.89949],"inflate":-0.002,"pivot":[-12.5,5,17.5152],"rotation":[45,0,0],"uv":{"north":{"uv":[18,119],"uv_size":[2,7]},"east":{"uv":[44,126],"uv_size":[1,7]},"south":{"uv":[20,119],"uv_size":[2,7]},"west":{"uv":[60,126],"uv_size":[1,7]},"up":{"uv":[135,95],"uv_size":[2,1]},"down":{"uv":[135,97],"uv_size":[2,-1]}}},{"origin":[-13.5,1.5,17.06545],"size":[2,7,0.89949],"uv":{"north":{"uv":[22,119],"uv_size":[2,7]},"east":{"uv":[61,126],"uv_size":[1,7]},"south":{"uv":[24,119],"uv_size":[2,7]},"west":{"uv":[62,126],"uv_size":[1,7]},"up":{"uv":[135,98],"uv_size":[2,1]},"down":{"uv":[135,100],"uv_size":[2,-1]}}}]},{"name":"wheel4","parent":"root","pivot":[12.5,5,17.5152],"cubes":[{"origin":[11,0,15.44413],"size":[3,1.5,4.14214],"uv":{"north":{"uv":[133,45],"uv_size":[3,2]},"east":{"uv":[117,128],"uv_size":[4,2]},"south":{"uv":[133,47],"uv_size":[3,2]},"west":{"uv":[128,120],"uv_size":[4,2]},"up":{"uv":[124,12],"uv_size":[3,4]},"down":{"uv":[124,50],"uv_size":[3,-4]}}},{"origin":[11,2.92893,21.0152],"size":[3,4.14214,1.5],"inflate":0.002,"pivot":[12.5,5,17.5152],"rotation":[45,0,0],"uv":{"north":{"uv":[124,50],"uv_size":[3,4]},"east":{"uv":[121,128],"uv_size":[2,4]},"south":{"uv":[124,54],"uv_size":[3,4]},"west":{"uv":[128,122],"uv_size":[2,4]},"up":{"uv":[60,133],"uv_size":[3,2]},"down":{"uv":[63,135],"uv_size":[3,-2]}}},{"origin":[11,2.92893,21.0152],"size":[3,4.14214,1.5],"uv":{"north":{"uv":[117,124],"uv_size":[3,4]},"east":{"uv":[123,128],"uv_size":[2,4]},"south":{"uv":[120,124],"uv_size":[3,4]},"west":{"uv":[125,128],"uv_size":[2,4]},"up":{"uv":[133,63],"uv_size":[3,2]},"down":{"uv":[66,135],"uv_size":[3,-2]}}},{"origin":[11,2.92893,12.5152],"size":[3,4.14214,1.5],"inflate":0.002,"pivot":[12.5,5,17.5152],"rotation":[45,0,0],"uv":{"north":{"uv":[123,124],"uv_size":[3,4]},"east":{"uv":[128,126],"uv_size":[2,4]},"south":{"uv":[125,26],"uv_size":[3,4]},"west":{"uv":[8,129],"uv_size":[2,4]},"up":{"uv":[133,67],"uv_size":[3,2]},"down":{"uv":[69,135],"uv_size":[3,-2]}}},{"origin":[11,2.92893,12.5152],"size":[3,4.14214,1.5],"uv":{"north":{"uv":[48,125],"uv_size":[3,4]},"east":{"uv":[10,129],"uv_size":[2,4]},"south":{"uv":[51,125],"uv_size":[3,4]},"west":{"uv":[12,129],"uv_size":[2,4]},"up":{"uv":[72,133],"uv_size":[3,2]},"down":{"uv":[75,135],"uv_size":[3,-2]}}},{"origin":[11,0,15.44413],"size":[3,1.5,4.14214],"inflate":0.002,"pivot":[12.5,5,17.5152],"rotation":[45,0,0],"uv":{"north":{"uv":[133,76],"uv_size":[3,2]},"east":{"uv":[14,129],"uv_size":[4,2]},"south":{"uv":[133,78],"uv_size":[3,2]},"west":{"uv":[18,129],"uv_size":[4,2]},"up":{"uv":[69,125],"uv_size":[3,4]},"down":{"uv":[72,129],"uv_size":[3,-4]}}},{"origin":[11,8.5,15.44413],"size":[3,1.5,4.14214],"inflate":0.002,"pivot":[12.5,5,17.5152],"rotation":[45,0,0],"uv":{"north":{"uv":[133,80],"uv_size":[3,2]},"east":{"uv":[22,129],"uv_size":[4,2]},"south":{"uv":[84,133],"uv_size":[3,2]},"west":{"uv":[129,24],"uv_size":[4,2]},"up":{"uv":[75,125],"uv_size":[3,4]},"down":{"uv":[86,129],"uv_size":[3,-4]}}},{"origin":[11,8.5,15.44413],"size":[3,1.5,4.14214],"uv":{"north":{"uv":[87,133],"uv_size":[3,2]},"east":{"uv":[129,36],"uv_size":[4,2]},"south":{"uv":[133,88],"uv_size":[3,2]},"west":{"uv":[129,46],"uv_size":[4,2]},"up":{"uv":[89,125],"uv_size":[3,4]},"down":{"uv":[92,129],"uv_size":[3,-4]}}},{"origin":[11.5,4.55025,14.0152],"size":[2,0.89949,7],"inflate":-0.004,"pivot":[12.5,5,17.5152],"rotation":[45,0,0],"uv":{"north":{"uv":[135,100],"uv_size":[2,1]},"east":{"uv":[126,44],"uv_size":[7,1]},"south":{"uv":[102,135],"uv_size":[2,1]},"west":{"uv":[126,45],"uv_size":[7,1]},"up":{"uv":[26,119],"uv_size":[2,7]},"down":{"uv":[28,126],"uv_size":[2,-7]}}},{"origin":[11.5,4.55025,14.0152],"size":[2,0.89949,7],"inflate":0.002,"uv":{"north":{"uv":[135,104],"uv_size":[2,1]},"east":{"uv":[126,78],"uv_size":[7,1]},"south":{"uv":[135,105],"uv_size":[2,1]},"west":{"uv":[126,79],"uv_size":[7,1]},"up":{"uv":[30,119],"uv_size":[2,7]},"down":{"uv":[32,126],"uv_size":[2,-7]}}},{"origin":[11.5,1.5,17.06545],"size":[2,7,0.89949],"inflate":-0.002,"pivot":[12.5,5,17.5152],"rotation":[45,0,0],"uv":{"north":{"uv":[34,119],"uv_size":[2,7]},"east":{"uv":[63,126],"uv_size":[1,7]},"south":{"uv":[36,119],"uv_size":[2,7]},"west":{"uv":[64,126],"uv_size":[1,7]},"up":{"uv":[135,106],"uv_size":[2,1]},"down":{"uv":[135,108],"uv_size":[2,-1]}}},{"origin":[11.5,1.5,17.06545],"size":[2,7,0.89949],"uv":{"north":{"uv":[38,119],"uv_size":[2,7]},"east":{"uv":[65,126],"uv_size":[1,7]},"south":{"uv":[40,119],"uv_size":[2,7]},"west":{"uv":[66,126],"uv_size":[1,7]},"up":{"uv":[135,108],"uv_size":[2,1]},"down":{"uv":[135,110],"uv_size":[2,-1]}}}]}]}]}
