{"format_version":"1.16.100","minecraft:attachable":{"description":{"identifier":"galactixpe:booster_pickaxe","materials":{"default":"entity_alphatest"},"textures":{"default":"textures/items/3D_Items/booster_pickaxe"},"geometry":{"default":"geometry.booster_pickaxe"},"render_controllers":["controller.render.default"],"animations":{"first_person_main_hand":"animation.booster_pickaxe.first_person_main_hand","third_person_main_hand":"animation.booster_pickaxe.third_person_main_hand","loop":"animation.booster_pickaxe.loop"},"scripts":{"pre_animation":["v.main_hand = c.item_slot == 'main_hand';"],"animate":["loop",{"first_person_main_hand":"(v.main_hand && c.is_first_person)"},{"third_person_main_hand":"v.main_hand && !c.is_first_person"}]}}}}
