{"format_version":"1.16.100","minecraft:attachable":{"description":{"identifier":"galactixpe:brandblusser","materials":{"default":"entity_alphatest"},"textures":{"default":"textures/entity/brandblusser"},"geometry":{"default":"geometry.brandblusser"},"animations":{"first_person_main_hand":"animation.brandblusser.wield_first_person","third_person_main_hand":"animation.brandblusser.wield_third_person"},"scripts":{"animate":[{"third_person_main_hand":"!c.is_first_person"},{"first_person_main_hand":"c.is_first_person && c.item_slot == 'main_hand'"}]},"render_controllers":["controller.render.default"]}}}
