{"format_version":"1.16.100","minecraft:attachable":{"description":{"identifier":"galactixpe:pistol","materials":{"default":"entity_alphatest"},"textures":{"default":"textures/items/3D_Items/pistol"},"geometry":{"default":"geometry.pistol_attachable"},"render_controllers":["controller.render.default"],"animations":{"first_person_main_hand":"animation.pistol.first_person_main_hand","third_person_main_hand":"animation.pistol.third_person_main_hand"},"scripts":{"pre_animation":["v.main_hand = c.item_slot == 'main_hand';"],"animate":[{"first_person_main_hand":"(v.main_hand && c.is_first_person)"},{"third_person_main_hand":"v.main_hand && !c.is_first_person"}]}}}}
