{"format_version":"1.10","minecraft:attachable":{"description":{"identifier":"galactixpe:suitcase","materials":{"default":"slime_outer","enchanted":"slime_outer"},"textures":{"default":"textures/items/3D_Items/suitcase","enchanted":"textures/attachables/enchanted_glint"},"geometry":{"default":"geometry.item.suitcase"},"animations":{"wield_first_person":"animation.suitcase.wield_first_person","wield_first_person_offhand":"animation.suitcase.wield_first_person_offhand","wield_third_person":"animation.suitcase.wield_third_person"},"scripts":{"animate":[{"wield_third_person":"!c.is_first_person"},{"wield_first_person":"c.is_first_person && c.item_slot == 'main_hand'"},{"wield_first_person_offhand":"c.is_first_person && c.item_slot != 'main_hand'"}]},"render_controllers":["controller.render.item_default"]}}}
