{"format_version":"1.10.0","minecraft:client_entity":{"description":{"identifier":"galactixpe:normal_chevy_camaro","materials":{"default":"slime_outer"},"textures":{"default":"textures/entity/cars/chevy_camaro/chevy_camaro_red","variant1":"textures/entity/cars/chevy_camaro/chevy_camaro_red","variant2":"textures/entity/cars/chevy_camaro/chevy_camaro_green","variant3":"textures/entity/cars/chevy_camaro/chevy_camaro_orange","variant4":"textures/entity/cars/chevy_camaro/chevy_camaro_pink","variant5":"textures/entity/cars/chevy_camaro/chevy_camaro_purple","variant6":"textures/entity/cars/chevy_camaro/chevy_camaro_blue"},"geometry":{"default":"geometry.normal_chevy_camaro"},"animations":{"driving.loop":"animation.car.drive.loop"},"scripts":{"animate":["driving.loop"],"pre_animation":["variable.textureindex = query.variant;"]},"render_controllers":["controller.render.chevy"]}}}
