{"format_version":"1.10.0","minecraft:client_entity":{"description":{"identifier":"galactixpe:normal_harley_davidson","materials":{"default":"slime_outer"},"textures":{"default":"textures/entity/cars/harley_davidson_motor/harley_rood","variant1":"textures/entity/cars/harley_davidson_motor/harley_rood","variant2":"textures/entity/cars/harley_davidson_motor/harley_blauw","variant3":"textures/entity/cars/harley_davidson_motor/harley_geel","variant4":"textures/entity/cars/harley_davidson_motor/harley_groen","variant5":"textures/entity/cars/harley_davidson_motor/harley_paars","variant6":"textures/entity/cars/harley_davidson_motor/harley_wit","variant7":"textures/entity/cars/harley_davidson_motor/harley_zwart"},"geometry":{"default":"geometry.harley_davidson"},"animations":{"driving.loop":"animation.motor.drive.loop","wheelie":"animation.motor.wheelie"},"scripts":{"animate":["driving.loop"],"pre_animation":["variable.textureindex = query.variant;"]},"render_controllers":["controller.render.harley"]}}}
