{"format_version":"1.10.0","minecraft:client_entity":{"description":{"identifier":"galactixpe:normal_mini_cooper_se","materials":{"default":"slime_outer"},"textures":{"default":"textures/entity/cars/mini_cooper_se/mini_cooper_se_blue","variant1":"textures/entity/cars/mini_cooper_se/mini_cooper_se_blue","variant2":"textures/entity/cars/mini_cooper_se/mini_cooper_se_green","variant3":"textures/entity/cars/mini_cooper_se/mini_cooper_se_pink","variant4":"textures/entity/cars/mini_cooper_se/mini_cooper_se_purple","variant5":"textures/entity/cars/mini_cooper_se/mini_cooper_se_yellow","variant6":"textures/entity/cars/mini_cooper_se/mini_cooper_se_black"},"geometry":{"default":"geometry.normal_mini_cooper_se"},"animations":{"driving.loop":"animation.car.drive.loop"},"scripts":{"animate":["driving.loop"],"pre_animation":["variable.textureindex = query.variant;"]},"render_controllers":["controller.render.mini_cooper"]}}}
