{"format_version":"1.10.0","minecraft:client_entity":{"description":{"identifier":"galactixpe:politie_auto","materials":{"default":"bat"},"textures":{"frame0":"textures/entity/cars/politie_auto/police_three","frame1":"textures/entity/cars/politie_auto/police_two","frame2":"textures/entity/cars/politie_auto/police_one"},"geometry":{"default":"geometry.police"},"animations":{"driving.loop":"animation.car.drive.loop","siren":"animation.car.siren","siren.controller":"controller.animation.galactix_cars"},"scripts":{"pre_animation":["variable.textureindex = (query.is_angry ? Math.mod(Math.round(query.life_time*4),2) + 1 : 0);"],"animate":["driving.loop"]},"render_controllers":["controller.render.animated"]}}}
