{"format_version":"1.10.0","minecraft:client_entity":{"description":{"identifier":"galactixpe:normal_porsche_911","materials":{"default":"slime_outer"},"textures":{"default":"textures/entity/cars/porsche_911/porsche_911_orange","variant1":"textures/entity/cars/porsche_911/porsche_911_orange","variant2":"textures/entity/cars/porsche_911/porsche_911_green","variant3":"textures/entity/cars/porsche_911/porsche_911_pink","variant4":"textures/entity/cars/porsche_911/porsche_911_red","variant5":"textures/entity/cars/porsche_911/porsche_911_yellow","variant6":"textures/entity/cars/porsche_911/porsche_911_blue"},"geometry":{"default":"geometry.normal_porsche_911"},"animations":{"driving.loop":"animation.car.drive.loop"},"scripts":{"animate":["driving.loop"],"pre_animation":["variable.textureindex = query.variant;"]},"render_controllers":["controller.render.porsche"]}}}
