{"format_version":"1.8.0","geometry.dragon":{"visible_bounds_width":14,"visible_bounds_height":13,"visible_bounds_offset":[0,2,0],"texturewidth":256,"textureheight":256,"bones":[{"name":"head","pivot":[0,24,0],"cubes":[{"origin":[-6,20,-24],"size":[12,5,16],"uv":[176,44]},{"origin":[-8,16,-10],"size":[16,16,16],"uv":[112,30]},{"mirror":true,"origin":[-5,32,-4],"size":[2,4,6],"uv":[0,0]},{"mirror":true,"origin":[-5,25,-22],"size":[2,2,4],"uv":[112,0]},{"origin":[3,32,-4],"size":[2,4,6],"uv":[0,0]},{"origin":[3,25,-22],"size":[2,2,4],"uv":[112,0]}]},{"name":"jaw","pivot":[0,20,-8],"cubes":[{"origin":[-6,16,-24],"size":[12,4,16],"uv":[176,65]}]},{"name":"neck","pivot":[0,24,0],"cubes":[{"origin":[-5,19,-5],"size":[10,10,10],"uv":[192,104]},{"origin":[-1,29,-3],"size":[2,4,6],"uv":[48,0]}]},{"name":"body","pivot":[0,20,8],"cubes":[{"origin":[-12,-4,-8],"size":[24,24,64],"uv":[0,0]},{"origin":[-1,20,-2],"size":[2,6,12],"uv":[220,53]},{"origin":[-1,20,18],"size":[2,6,12],"uv":[220,53]},{"origin":[-1,20,38],"size":[2,6,12],"uv":[220,53]}]},{"name":"wing","pivot":[-12,19,2],"cubes":[{"origin":[-68,15,-2],"size":[56,8,8],"uv":[112,88]},{"origin":[-68,19,4],"size":[56,0,56],"uv":[-56,88]}]},{"name":"wingtip","pivot":[-56,24,0],"cubes":[{"origin":[-112,22,-2],"size":[56,4,4],"uv":[112,136]},{"origin":[-112,24,2],"size":[56,0,56],"uv":[-56,144]}]},{"name":"wing1","pivot":[12,19,2],"cubes":[{"origin":[-44,15,-2],"size":[56,8,8],"uv":[112,88]},{"origin":[-44,19,4],"size":[56,0,56],"uv":[-56,88]}]},{"name":"wingtip1","pivot":[-56,24,0],"cubes":[{"origin":[-112,22,-2],"size":[56,4,4],"uv":[112,136]},{"origin":[-112,24,2],"size":[56,0,56],"uv":[-56,144]}]},{"name":"rearleg","pivot":[-16,8,42],"cubes":[{"origin":[-24,-20,34],"size":[16,32,16],"uv":[0,0]}]},{"name":"rearleg1","pivot":[16,8,42],"cubes":[{"origin":[8,-20,34],"size":[16,32,16],"uv":[0,0]}]},{"name":"frontleg","pivot":[-12,4,2],"cubes":[{"origin":[-16,-16,-2],"size":[8,24,8],"uv":[112,104]}]},{"name":"frontleg1","pivot":[12,4,2],"cubes":[{"origin":[8,-16,-2],"size":[8,24,8],"uv":[112,104]}]},{"name":"rearlegtip","pivot":[0,-8,-4],"cubes":[{"origin":[-6,-38,-4],"size":[12,32,12],"uv":[196,0]}]},{"name":"rearlegtip1","pivot":[0,-8,-4],"cubes":[{"origin":[-6,-38,-4],"size":[12,32,12],"uv":[196,0]}]},{"name":"frontlegtip","pivot":[0,4,-1],"cubes":[{"origin":[-3,-19,-4],"size":[6,24,6],"uv":[226,138]}]},{"name":"frontlegtip1","pivot":[0,4,-1],"cubes":[{"origin":[-3,-19,-4],"size":[6,24,6],"uv":[226,138]}]},{"name":"rearfoot","pivot":[0,-7,4],"cubes":[{"origin":[-9,-13,-16],"size":[18,6,24],"uv":[112,0]}]},{"name":"rearfoot1","pivot":[0,-7,4],"cubes":[{"origin":[-9,-13,-16],"size":[18,6,24],"uv":[112,0]}]},{"name":"frontfoot","pivot":[0,1,0],"cubes":[{"origin":[-4,-3,-12],"size":[8,4,16],"uv":[144,104]}]},{"name":"frontfoot1","pivot":[0,1,0],"cubes":[{"origin":[-4,-3,-12],"size":[8,4,16],"uv":[144,104]}]}]},"geometry.humanoid":{"visible_bounds_width":1,"visible_bounds_height":1,"visible_bounds_offset":[0,0.5,0],"bones":[{"name":"body","pivot":[0,24,0],"cubes":[{"origin":[-4,12,-2],"size":[8,12,4],"uv":[16,16]}]},{"name":"waist","neverRender":true,"pivot":[0,12,0]},{"name":"head","pivot":[0,24,0],"cubes":[{"origin":[-4,24,-4],"size":[8,8,8],"uv":[0,0]}]},{"name":"hat","pivot":[0,24,0],"cubes":[{"origin":[-4,24,-4],"size":[8,8,8],"uv":[32,0],"inflate":0.5}],"neverRender":true},{"name":"rightArm","pivot":[-5,22,0],"cubes":[{"origin":[-8,12,-2],"size":[4,12,4],"uv":[40,16]}]},{"name":"rightItem","pivot":[-6,15,1],"neverRender":true,"parent":"rightArm"},{"name":"leftArm","pivot":[5,22,0],"cubes":[{"origin":[4,12,-2],"size":[4,12,4],"uv":[40,16]}],"mirror":true},{"name":"rightLeg","pivot":[-1.9,12,0],"cubes":[{"origin":[-3.9,0,-2],"size":[4,12,4],"uv":[0,16]}]},{"name":"leftLeg","pivot":[1.9,12,0],"cubes":[{"origin":[-0.1,0,-2],"size":[4,12,4],"uv":[0,16]}],"mirror":true},{"name":"helmet","pivot":[0,24,0],"neverRender":true},{"name":"rightArmArmor","pivot":[-5,22,0],"parent":"rightArm"},{"name":"leftArmArmor","pivot":[5,22,0],"parent":"leftArm","mirror":true},{"name":"rightLegging","pivot":[-1.9,12,0],"parent":"rightLeg"},{"name":"leftLegging","pivot":[1.9,12,0],"parent":"leftLeg","mirror":true},{"name":"rightBoot","pivot":[-1.9,12,0],"parent":"rightLeg"},{"name":"leftBoot","pivot":[1.9,12,0],"parent":"leftLeg","mirror":true},{"name":"rightSock","pivot":[-1.9,12,0],"parent":"rightLeg"},{"name":"leftSock","pivot":[1.9,12,0],"parent":"leftLeg","mirror":true},{"name":"bodyArmor","pivot":[0,24,0],"parent":"body"},{"name":"belt","pivot":[0,24,0],"parent":"body"}]},"geometry.cape":{"texturewidth":64,"textureheight":32,"bones":[{"name":"root","pivot":[0,0,0]},{"name":"body","pivot":[0,24,0],"parent":"waist"},{"name":"waist","parent":"root","neverRender":true,"pivot":[0,12,0]},{"name":"cape","parent":"body","pivot":[0,24,3],"bind_pose_rotation":[0,180,0],"rotation":[0,180,0],"cubes":[{"origin":[-5,8,3],"size":[10,16,1],"uv":[0,0]}]}]},"geometry.elytra":{"texturewidth":64,"textureheight":32,"bones":[{"name":"body","pivot":[0,24,0]},{"name":"left_wing","pivot":[0,24,0],"parent":"body","cubes":[{"origin":[-10,0,0],"size":[10,20,2],"uv":[22,0]}]},{"name":"right_wing","pivot":[0,24,0],"parent":"body","mirror":true,"cubes":[{"origin":[0,0,0],"size":[10,20,2],"uv":[22,0]}]}]},"geometry.humanoid.custom:geometry.humanoid":{"visible_bounds_width":1,"visible_bounds_height":2,"visible_bounds_offset":[0,1,0],"bones":[{"name":"root","pivot":[0,0,0]},{"name":"body","parent":"waist","pivot":[0,24,0],"cubes":[{"origin":[-4,12,-2],"size":[8,12,4],"uv":[16,16]}]},{"name":"waist","parent":"root","pivot":[0,12,0]},{"name":"head","parent":"body","pivot":[0,24,0],"cubes":[{"origin":[-4,24,-4],"size":[8,8,8],"uv":[0,0]}]},{"name":"cape","pivot":[0,24,3],"parent":"body"},{"name":"hat","parent":"head","pivot":[0,24,0],"cubes":[{"origin":[-4,24,-4],"size":[8,8,8],"uv":[32,0],"inflate":0.5}]},{"name":"leftArm","parent":"body","pivot":[5,22,0],"cubes":[{"origin":[4,12,-2],"size":[4,12,4],"uv":[32,48]}]},{"name":"leftSleeve","parent":"leftArm","pivot":[5,22,0],"cubes":[{"origin":[4,12,-2],"size":[4,12,4],"uv":[48,48],"inflate":0.25}]},{"name":"leftItem","pivot":[6,15,1],"parent":"leftArm"},{"name":"rightArm","parent":"body","pivot":[-5,22,0],"cubes":[{"origin":[-8,12,-2],"size":[4,12,4],"uv":[40,16]}]},{"name":"rightSleeve","parent":"rightArm","pivot":[-5,22,0],"cubes":[{"origin":[-8,12,-2],"size":[4,12,4],"uv":[40,32],"inflate":0.25}]},{"name":"rightItem","pivot":[-6,15,1],"locators":{"lead_hold":[-6,15,1]},"parent":"rightArm"},{"name":"leftLeg","parent":"root","pivot":[1.9,12,0],"cubes":[{"origin":[-0.1,0,-2],"size":[4,12,4],"uv":[16,48]}]},{"name":"leftPants","parent":"leftLeg","pivot":[1.9,12,0],"cubes":[{"origin":[-0.1,0,-2],"size":[4,12,4],"uv":[0,48],"inflate":0.25}]},{"name":"rightLeg","parent":"root","pivot":[-1.9,12,0],"cubes":[{"origin":[-3.9,0,-2],"size":[4,12,4],"uv":[0,16]}]},{"name":"rightPants","parent":"rightLeg","pivot":[-1.9,12,0],"cubes":[{"origin":[-3.9,0,-2],"size":[4,12,4],"uv":[0,32],"inflate":0.25}]},{"name":"jacket","parent":"body","pivot":[0,24,0],"cubes":[{"origin":[-4,12,-2],"size":[8,12,4],"uv":[16,32],"inflate":0.25}]}]},"geometry.humanoid.customSlim":{"visible_bounds_width":1,"visible_bounds_height":2,"visible_bounds_offset":[0,1,0],"bones":[{"name":"root","pivot":[0,0,0]},{"name":"waist","parent":"root","pivot":[0,12,0]},{"name":"body","parent":"waist","pivot":[0,24,0],"cubes":[{"origin":[-4,12,-2],"size":[8,12,4],"uv":[16,16]}]},{"name":"head","parent":"body","pivot":[0,24,0],"cubes":[{"origin":[-4,24,-4],"size":[8,8,8],"uv":[0,0]}]},{"name":"hat","parent":"head","pivot":[0,24,0],"cubes":[{"origin":[-4,24,-4],"size":[8,8,8],"uv":[32,0],"inflate":0.5}]},{"name":"rightLeg","parent":"root","pivot":[-1.9,12,0],"cubes":[{"origin":[-3.9,0,-2],"size":[4,12,4],"uv":[0,16]}]},{"name":"rightPants","parent":"rightLeg","pivot":[-1.9,12,0],"cubes":[{"origin":[-3.9,0,-2],"size":[4,12,4],"uv":[0,32],"inflate":0.25}]},{"name":"leftLeg","parent":"root","pivot":[1.9,12,0],"cubes":[{"origin":[-0.1,0,-2],"size":[4,12,4],"uv":[16,48]}],"mirror":true},{"name":"leftPants","parent":"leftLeg","pivot":[1.9,12,0],"cubes":[{"origin":[-0.1,0,-2],"size":[4,12,4],"uv":[0,48],"inflate":0.25}]},{"name":"leftArm","parent":"body","pivot":[5,21.5,0],"cubes":[{"origin":[4,11.5,-2],"size":[3,12,4],"uv":[32,48]}]},{"name":"leftSleeve","parent":"leftArm","pivot":[5,21.5,0],"cubes":[{"origin":[4,11.5,-2],"size":[3,12,4],"uv":[48,48],"inflate":0.25}]},{"name":"leftItem","pivot":[6,14.5,1],"parent":"leftArm"},{"name":"rightArm","parent":"body","pivot":[-5,21.5,0],"cubes":[{"origin":[-7,11.5,-2],"size":[3,12,4],"uv":[40,16]}]},{"name":"rightSleeve","parent":"rightArm","pivot":[-5,21.5,0],"cubes":[{"origin":[-7,11.5,-2],"size":[3,12,4],"uv":[40,32],"inflate":0.25}]},{"name":"rightItem","pivot":[-6,14.5,1],"locators":{"lead_hold":[-6,14.5,1]},"parent":"rightArm"},{"name":"jacket","parent":"body","pivot":[0,24,0],"cubes":[{"origin":[-4,12,-2],"size":[8,12,4],"uv":[16,32],"inflate":0.25}]},{"name":"cape","pivot":[0,24,-3],"parent":"body"}]},"geometry.humanoid.armor1:geometry.zombie":{"visible_bounds_width":2,"visible_bounds_height":2,"visible_bounds_offset":[0,1,0],"bones":[{"name":"head","inflate":1},{"name":"hat","inflate":1.5,"neverRender":false},{"name":"body","inflate":1.01},{"name":"rightArm","inflate":1},{"name":"leftArm","inflate":1},{"name":"rightLeg","inflate":1},{"name":"leftLeg","inflate":1}]},"geometry.humanoid.armor.helmet:geometry.humanoid.armor1":{"bones":[{"name":"body","reset":true},{"name":"rightArm","reset":true},{"name":"leftArm","reset":true},{"name":"rightLeg","reset":true},{"name":"leftLeg","reset":true}]},"geometry.humanoid.armor.chestplate:geometry.humanoid.armor1":{"bones":[{"name":"head","reset":true},{"name":"hat","reset":true},{"name":"rightLeg","reset":true},{"name":"leftLeg","reset":true}]},"geometry.humanoid.armor.leggings:geometry.humanoid.armor2":{"bones":[{"name":"head","reset":true},{"name":"hat","reset":true},{"name":"rightArm","reset":true},{"name":"leftArm","reset":true}]},"geometry.humanoid.armor.boots:geometry.humanoid.armor1":{"bones":[{"name":"head","reset":true},{"name":"hat","reset":true},{"name":"body","reset":true},{"name":"rightArm","reset":true},{"name":"leftArm","reset":true}]},"geometry.humanoid.armor2:geometry.zombie":{"visible_bounds_width":2,"visible_bounds_height":2,"visible_bounds_offset":[0,1,0],"bones":[{"name":"head","inflate":0.5},{"name":"body","inflate":0.5},{"name":"rightArm","inflate":0.5},{"name":"leftArm","inflate":0.5},{"name":"rightLeg","inflate":0.5},{"name":"leftLeg","inflate":0.5}]},"geometry.quadruped":{"visible_bounds_width":1,"visible_bounds_height":1,"visible_bounds_offset":[0,0.5,0],"bones":[{"name":"body","pivot":[0,19,2],"cubes":[{"origin":[-5,13,-5],"size":[10,16,8],"uv":[28,8]}]},{"name":"head","pivot":[0,18,-6],"cubes":[{"origin":[-4,14,-14],"size":[8,8,8],"uv":[0,0]}]},{"name":"leg0","pivot":[-3,12,7],"cubes":[{"origin":[-5,0,5],"size":[4,12,4],"uv":[0,16]}]},{"name":"leg1","pivot":[3,12,7],"cubes":[{"origin":[1,0,5],"size":[4,12,4],"uv":[0,16]}]},{"name":"leg2","pivot":[-3,12,-5],"cubes":[{"origin":[-5,0,-7],"size":[4,12,4],"uv":[0,16]}]},{"name":"leg3","pivot":[3,12,-5],"cubes":[{"origin":[1,0,-7],"size":[4,12,4],"uv":[0,16]}]}]},"geometry.irongolem":{"visible_bounds_width":3,"visible_bounds_height":3,"visible_bounds_offset":[0,1.5,0],"texturewidth":128,"textureheight":128,"bones":[{"name":"body","pivot":[0,31,0],"cubes":[{"origin":[-9,21,-6],"size":[18,12,11],"uv":[0,40]},{"origin":[-4.5,16,-3],"size":[9,5,6],"uv":[0,70],"inflate":0.5}]},{"name":"head","parent":"body","pivot":[0,31,-2],"locators":{"lead":[0,31,-2]},"cubes":[{"origin":[-4,33,-7.5],"size":[8,10,8],"uv":[0,0]},{"origin":[-1,32,-9.5],"size":[2,4,2],"uv":[24,0]}]},{"name":"arm0","parent":"body","pivot":[0,31,0],"cubes":[{"origin":[-13,3.5,-3],"size":[4,30,6],"uv":[60,21]}]},{"name":"arm1","parent":"body","pivot":[0,31,0],"cubes":[{"origin":[9,3.5,-3],"size":[4,30,6],"uv":[60,58]}]},{"name":"leg0","parent":"body","pivot":[-4,13,0],"cubes":[{"origin":[-7.5,0,-3],"size":[6,16,5],"uv":[37,0]}]},{"name":"leg1","parent":"body","mirror":true,"pivot":[5,13,0],"cubes":[{"origin":[1.5,0,-3],"size":[6,16,5],"uv":[60,0]}]}]},"geometry.trident":{"texturewidth":32,"textureheight":32,"bones":[{"name":"pole","pivot":[0,24,0],"cubes":[{"origin":[-0.5,-3,-0.5],"size":[1,31,1],"inflate":0.01,"uv":[0,0]},{"origin":[-1.5,22,-0.5],"size":[3,2,1],"uv":[4,0]},{"origin":[-2.5,23,-0.5],"size":[1,4,1],"uv":[4,3]},{"origin":[1.5,23,-0.5],"size":[1,4,1],"uv":[4,3]}]}]},"geometry.chalkboard_small":{"visible_bounds_width":1,"visible_bounds_height":1,"visible_bounds_offset":[0,0.5,0],"texturewidth":64,"textureheight":32,"bones":[{"name":"body","cubes":[{"origin":[-8,4,-1],"uv":[0,0],"size":[16,12,2]}],"pivot":[0,0,0]},{"name":"rightLeg","cubes":[{"origin":[-1,0,-1],"uv":[0,14],"size":[2,4,2]}],"pivot":[0,0,0]}]},"geometry.chalkboard_medium":{"visible_bounds_width":1,"visible_bounds_height":1,"visible_bounds_offset":[0,0.5,0],"texturewidth":128,"textureheight":32,"bones":[{"name":"body","cubes":[{"origin":[-16,4,-1],"uv":[0,0],"size":[32,12,2]}],"pivot":[0,0,0]},{"name":"leftLeg","cubes":[{"origin":[10,0,-1],"uv":[0,14],"size":[2,4,2]}],"pivot":[0,0,0]},{"name":"rightLeg","cubes":[{"origin":[-12,0,-1],"uv":[0,14],"size":[2,4,2]}],"pivot":[0,0,0]}]},"geometry.chalkboard_large":{"visible_bounds_width":1,"visible_bounds_height":1,"visible_bounds_offset":[0,0.5,0],"texturewidth":128,"textureheight":64,"bones":[{"name":"body","cubes":[{"origin":[-24,4,-1],"uv":[0,0],"size":[48,28,2]}],"pivot":[0,0,0]},{"name":"leftLeg","cubes":[{"origin":[16,0,-1],"uv":[0,30],"size":[2,4,2]}],"pivot":[0,0,0]},{"name":"rightLeg","cubes":[{"origin":[-18,0,-1],"uv":[0,30],"size":[2,4,2]}],"pivot":[0,0,0]}]},"geometry.agent":{"visible_bounds_width":1,"visible_bounds_height":1,"visible_bounds_offset":[0,0.5,0],"texturewidth":32,"textureheight":32,"bones":[{"name":"body","pivot":[0,24,0],"cubes":[{"origin":[-4,5,-2],"size":[8,4,4],"uv":[0,12]},{"origin":[-3,3,-2],"size":[6,2,4],"uv":[0,20]}]},{"name":"head","parent":"body","pivot":[0,9,-0.8],"cubes":[{"origin":[-3,9,-3],"size":[6,7,5],"uv":[0,0]},{"origin":[-1,9,-4],"size":[2,3,1],"uv":[17,1]}]},{"name":"leftArm","parent":"body","pivot":[5,9,0],"cubes":[{"origin":[4,0,-1],"size":[2,9,2],"uv":[24,11]}]},{"name":"rightArm","parent":"body","pivot":[-5,9,0],"cubes":[{"origin":[-6,0,-1],"size":[2,9,2],"uv":[24,0]}]},{"name":"leftLeg","parent":"body","pivot":[1.9,3,0],"cubes":[{"origin":[1,0,-1],"size":[2,3,2],"uv":[8,26]}]},{"name":"rightLeg","parent":"body","pivot":[-1.9,3,0],"cubes":[{"origin":[-3,0,-1],"size":[2,3,2],"uv":[0,26]}]}]},"geometry.bed":{"texturewidth":64,"textureheight":64,"visible_bounds_width":3,"visible_bounds_height":3,"visible_bounds_offset":[0,1.5,0],"bones":[{"name":"leg2","pivot":[3.5,3.5,8.7],"rotation":[0,0,-14],"cubes":[{"origin":[2.82436,1.41283,8.1],"size":[3,5,1],"uv":[10,20]}]},{"name":"bed","pivot":[-1,12,-1],"cubes":[{"origin":[10,13.7,8],"size":[3.1,2.3,1],"uv":[37,7]},{"origin":[9.1,2.7,8.3],"size":[4,10,1],"uv":[35,0]},{"origin":[11.9,3.4,8.2],"size":[1,1,1],"uv":[53,10]},{"origin":[11.9,4.5,8.2],"size":[1,1,1],"uv":[53,10]},{"origin":[11.9,5.6,8.2],"size":[1,1,1],"uv":[53,10]},{"origin":[11.9,6.7,8.2],"size":[1,1,1],"uv":[53,10]},{"origin":[11.9,7.8,8.2],"size":[1,1,1],"uv":[53,10]},{"origin":[11.9,8.9,8.2],"size":[1,1,1],"uv":[53,10]},{"origin":[11.9,10,8.2],"size":[1,1,1],"uv":[53,10]},{"origin":[11.9,11.1,8.2],"size":[1,1,1],"uv":[53,10]},{"origin":[10.6,3.4,8.2],"size":[1,1,1],"uv":[53,10]},{"origin":[10.6,4.5,8.2],"size":[1,1,1],"uv":[53,10]},{"origin":[10.6,5.6,8.2],"size":[1,1,1],"uv":[53,10]},{"origin":[10.6,6.7,8.2],"size":[1,1,1],"uv":[53,10]},{"origin":[10.6,7.8,8.2],"size":[1,1,1],"uv":[53,10]},{"origin":[10.6,8.9,8.2],"size":[1,1,1],"uv":[53,10]},{"origin":[10.6,10,8.2],"size":[1,1,1],"uv":[53,10]},{"origin":[10.6,11.1,8.2],"size":[1,1,1],"uv":[53,10]},{"origin":[9.4,3.4,8.2],"size":[1,1,1],"uv":[53,10]},{"origin":[9.4,4.5,8.2],"size":[1,1,1],"uv":[53,10]},{"origin":[9.4,5.6,8.2],"size":[1,1,1],"uv":[53,10]},{"origin":[9.4,6.7,8.2],"size":[1,1,1],"uv":[53,10]},{"origin":[9.4,7.8,8.2],"size":[1,1,1],"uv":[53,10]},{"origin":[9.4,8.9,8.2],"size":[1,1,1],"uv":[53,10]},{"origin":[9.4,10,8.2],"size":[1,1,1],"uv":[53,10]},{"origin":[9.4,11.1,8.2],"size":[1,1,1],"uv":[53,10]},{"origin":[10.1,13.8,7.8],"size":[2,1,1],"uv":[53,8]},{"origin":[10.1,14.9,7.8],"size":[2,1,1],"uv":[53,8]},{"origin":[2.1,6,8],"size":[3,5,1],"uv":[17,5]},{"origin":[2.1,20,8],"size":[13,7,1],"uv":[4,39]},{"origin":[2.1,20,-3],"size":[13,7,1],"uv":[4,39]},{"origin":[2.1,26,-2],"size":[13,1,10],"uv":[4,39]},{"origin":[13.9,21.1,-2],"size":[1,5,10],"uv":[8,0]},{"origin":[2.4,25,-2],"size":[1,1,10],"uv":[8,0]},{"origin":[2.4,22,-2],"size":[1,3,1],"uv":[8,0]},{"origin":[2.4,22,2],"size":[1,3,6],"uv":[8,0]},{"origin":[2.4,23,0],"size":[1,1,1],"uv":[39,9]},{"origin":[2.6,22.1,0.9],"size":[1,1,1],"uv":[39,9]},{"origin":[2.6,22.1,-0.9],"size":[1,1,1],"uv":[39,9]},{"origin":[2.6,23.9,0.9],"size":[1,1,1],"uv":[39,9]},{"origin":[2.6,23.9,-0.9],"size":[1,1,1],"uv":[39,9]},{"origin":[2.4,21,-2],"size":[1,1,10],"uv":[8,0]},{"origin":[2.1,20,-2],"size":[11,1,10],"uv":[4,39]},{"origin":[13.1,20,-2],"size":[2,1,10],"uv":[4,39]},{"origin":[3,1,5],"size":[2,15,1],"uv":[8,0]},{"origin":[3,1,-6],"size":[2,15,1],"uv":[8,0]},{"origin":[3,15,-5],"size":[2,1,10],"uv":[8,0]},{"origin":[3,1,-5],"size":[2,1,10],"uv":[8,0]},{"origin":[3.6,2,-5],"size":[1,13,10],"uv":[24,8]},{"origin":[2.8,2,-5],"size":[1,13,10],"uv":[8,0]}]},{"name":"leg1","pivot":[4.1,8.5,7.7],"rotation":[0,10,0],"cubes":[{"origin":[3.6,7,5.2],"size":[1,3,3],"uv":[51,20]}]},{"name":"leg0","pivot":[3.5,13.5,8.5],"rotation":[0,0,14],"cubes":[{"origin":[2.80017,10.6842,8.1],"size":[3,5,1],"uv":[8,0]}]},{"name":"leg3","pivot":[3.5,3.5,8.7]}]},"geometry.player_head":{"texturewidth":64,"textureheight":64,"visible_bounds_width":2,"visible_bounds_height":3,"visible_bounds_offset":[0,1.5,0],"bones":[{"name":"head","pivot":[0,48,0],"cubes":[{"origin":[-1,28,-4.1],"size":[1,1,1],"uv":[48,0]},{"origin":[-1,27,-4.1],"size":[1,1,1],"uv":[48,0]},{"origin":[-1,26,-4.4],"size":[1,1,1],"uv":[52,0]},{"origin":[-1,29,-4.4],"size":[1,1,1],"uv":[52,0]},{"origin":[-1,30,-4.3],"size":[1,1,1],"uv":[56,0]},{"origin":[-1,25,-4.3],"size":[1,1,1],"uv":[56,0]},{"origin":[-1,24.2,-4.1],"size":[1,1,1],"uv":[60,0]},{"origin":[0,28,-4.1],"size":[1,1,1],"uv":[48,0]},{"origin":[1.7,29.6,-4.4],"size":[1,1,1],"uv":[48,2]},{"origin":[1,28,-4.4],"size":[1,1,1],"uv":[52,0]},{"origin":[2,28,-4.3],"size":[1,1,1],"uv":[56,0]},{"origin":[-3,28,-4.3],"size":[1,1,1],"uv":[56,0]},{"origin":[1,29,-4.3],"size":[1,1,1],"uv":[56,0]},{"origin":[2,29,-4.2],"size":[1,1,1],"uv":[60,0]},{"origin":[1,30,-4.2],"size":[1,1,1],"uv":[60,0]},{"origin":[2,30,-4.2],"size":[1,1,1],"uv":[60,0]},{"origin":[-2,29,-4.3],"size":[1,1,1],"uv":[56,0]},{"origin":[-2,28,-4.4],"size":[1,1,1],"uv":[52,0]},{"origin":[0,27,-4.1],"size":[1,1,1],"uv":[48,0]},{"origin":[0,26,-4.4],"size":[1,1,1],"uv":[52,0]},{"origin":[0,29,-4.4],"size":[1,1,1],"uv":[52,0]},{"origin":[0,30,-4.3],"size":[1,1,1],"uv":[56,0]},{"origin":[0,25,-4.3],"size":[1,1,1],"uv":[56,0]},{"origin":[0,24.2,-4.1],"size":[1,1,1],"uv":[60,0]},{"origin":[1,27,-4.4],"size":[1,1,1],"uv":[52,0]},{"origin":[1,26,-4.3],"size":[1,1,1],"uv":[56,0]},{"origin":[2,26,-4.2],"size":[1,1,1],"uv":[60,0]},{"origin":[1,25,-4.2],"size":[1,1,1],"uv":[60,0]},{"origin":[-2,25,-4.2],"size":[1,1,1],"uv":[60,0]},{"origin":[-2,30,-4.2],"size":[1,1,1],"uv":[60,0]},{"origin":[2,27,-4.3],"size":[1,1,1],"uv":[56,0]},{"origin":[-3,27,-4.3],"size":[1,1,1],"uv":[56,0]},{"origin":[-2,27,-4.4],"size":[1,1,1],"uv":[52,0]},{"origin":[-2,26,-4.3],"size":[1,1,1],"uv":[56,0]},{"origin":[-3,26,-4.2],"size":[1,1,1],"uv":[60,0]},{"origin":[-3,29,-4.2],"size":[1,1,1],"uv":[60,0]},{"origin":[-4,24,-4],"size":[8,8,8],"uv":[0,0]},{"origin":[-4,26,-5.1],"size":[1,6,1.1],"uv":[40,3]},{"origin":[-3.9,25,-4.9],"size":[1,1,1.1],"uv":[40,3]},{"origin":[2.9,25,-4.9],"size":[1,1,1.1],"uv":[40,3]},{"origin":[-3.9,24,-4.9],"size":[1,1,1.1],"uv":[40,3]},{"origin":[2.9,24,-4.9],"size":[1,1,1.1],"uv":[40,3]},{"origin":[3,26,-5.1],"size":[1,6,1.1],"uv":[40,3]},{"origin":[-3,31,-5.1],"size":[6,1,1.1],"uv":[33,2]}]}]},"geometry.mob_head":{"texturewidth":512,"textureheight":512,"visible_bounds_width":5,"visible_bounds_height":4,"visible_bounds_offset":[0,2,0],"bones":[{"name":"head","pivot":[0,24,0],"cubes":[{"origin":[-3.1,24,-4.7],"size":[6.1,1,9.7],"uv":[0,0]},{"origin":[-3,24,5],"size":[5.9,1,1],"uv":[0,0]},{"origin":[-8,24,-8],"size":[16,1,16],"uv":[18,485]},{"origin":[-7,24.2,-7.7],"size":[14,1,8],"uv":[91,497]},{"origin":[-4.8,24.3,-7.3],"size":[1,1,1],"uv":[137,488]},{"origin":[-4.8,24.3,-6.1],"size":[1,1,1],"uv":[137,488]},{"origin":[-4.8,24.3,-4.9],"size":[1,1,1],"uv":[137,488]},{"origin":[-3.3,24.3,-7.3],"size":[1,1,1],"uv":[137,488]},{"origin":[-3.3,24.3,-6.1],"size":[1,1,1],"uv":[137,488]},{"origin":[-3.3,24.3,-4.9],"size":[1,1,1],"uv":[137,488]},{"origin":[-1.9,24.3,-7.3],"size":[1,1,1],"uv":[137,488]},{"origin":[-1.9,24.3,-6.1],"size":[1,1,1],"uv":[137,488]},{"origin":[-1.9,24.3,-4.9],"size":[1,1,1],"uv":[137,488]},{"origin":[-8,25,-8],"size":[1,14,16],"uv":[24,481]},{"origin":[7,25,-8],"size":[1,14,16],"uv":[24,481]},{"origin":[-7,25,5],"size":[14,14,3],"uv":[24,481]},{"origin":[-8,39,-8],"size":[16,1,16],"uv":[14,490]},{"origin":[-1.7,24.05,-4.5],"size":[1,1,1],"uv":[192,0]},{"origin":[-1.7,24.05,-3.3],"size":[1,1,1],"uv":[138,3]},{"origin":[-1.7,24.05,-2.1],"size":[1,1,3],"uv":[138,3]},{"origin":[0.7,24.05,-4.5],"size":[1,1,1],"uv":[192,3],"mirror":true},{"origin":[0.7,24.05,-3.3],"size":[1,1,1],"uv":[139,8],"mirror":true},{"origin":[0.7,24.05,-2.1],"size":[1,1,3],"uv":[139,8],"mirror":true},{"origin":[-0.5,24.05,-4.5],"size":[1,1,1],"uv":[132,13]},{"origin":[-0.5,24.05,-3.3],"size":[1,1,1],"uv":[132,13]},{"origin":[-0.5,24.05,-2.1],"size":[1,1,3],"uv":[132,13]},{"origin":[-3,25,3],"size":[5.9,2.91,3],"uv":[0,0]},{"origin":[-2,25.4,2.8],"size":[4,2,3],"uv":[101,7]},{"origin":[-2.99,25,-4],"size":[1,1.9,4],"uv":[0,0]},{"origin":[-2.81,25,-4],"size":[1,1.9,4],"uv":[0,0]},{"origin":[1.81,25,-4],"size":[1,1.9,4],"uv":[0,0],"mirror":true},{"origin":[1.99,25,-4],"size":[1,1.9,4],"uv":[0,0],"mirror":true},{"origin":[-2.99,24.6,-4.6],"size":[1,1.9,4],"uv":[0,0]},{"origin":[-2.81,24.6,-4.6],"size":[1,1.9,4],"uv":[0,0]},{"origin":[1.81,24.6,-4.6],"size":[1,1.9,4],"uv":[0,0],"mirror":true},{"origin":[1.99,24.6,-4.6],"size":[1,1.9,4],"uv":[0,0],"mirror":true},{"origin":[-2.99,25.6,-3.4],"size":[1,1.9,4],"uv":[0,0]},{"origin":[-2.81,25.6,-3.4],"size":[1,1.9,4],"uv":[0,0]},{"origin":[1.81,25.6,-3.4],"size":[1,1.9,4],"uv":[0,0],"mirror":true},{"origin":[1.99,25.6,-3.4],"size":[1,1.9,4],"uv":[0,0],"mirror":true},{"origin":[-3.1,25,-2],"size":[1,2.9,7],"uv":[0,0]},{"origin":[-7.91,24.05407,-3.38282],"size":[15,6,3],"uv":[95,484]},{"origin":[-7.91,29.95407,-3.18282],"size":[15,9,3],"uv":[95,484]},{"origin":[-4.91,30.95407,-3.28282],"size":[10,7,3],"uv":[165,484]},{"origin":[-5.21,31.25407,-3.48282],"size":[1,7,3],"uv":[137,487]},{"origin":[-5.21,30.25407,-3.48282],"size":[10.6,1,3],"uv":[132,496]},{"origin":[-4.21,37.25407,-3.48282],"size":[8.6,1,3],"uv":[133,494]},{"origin":[4.79,36.25407,-3.58282],"size":[1,1,3],"uv":[52,489]},{"origin":[-5.69,36.25407,-3.58282],"size":[1,1,3],"uv":[52,489],"mirror":true},{"origin":[4.79,31.25407,-3.58282],"size":[1,1,3],"uv":[52,489]},{"origin":[-5.69,31.25407,-3.58282],"size":[1,1,3],"uv":[52,489],"mirror":true},{"origin":[4.79,33.75407,-3.58282],"size":[1,1,3],"uv":[52,489]},{"origin":[-5.69,33.75407,-3.58282],"size":[1,1,3],"uv":[52,489],"mirror":true},{"origin":[4.39,31.25407,-3.48282],"size":[1,7,3],"uv":[138,491]},{"origin":[2.59,28.05407,-3.58282],"size":[4,1,3],"uv":[132,488]},{"origin":[-6.41,26.35407,-3.58282],"size":[7,3,3],"uv":[132,488]},{"origin":[-6.01,26.85407,-3.68282],"size":[6,2,3],"uv":[49,490]},{"origin":[3.59,27.55407,-3.48282],"size":[2,1,3],"uv":[163,493]},{"origin":[2.59,26.75407,-3.58282],"size":[4,1,3],"uv":[132,488]},{"origin":[2.59,27.35407,-3.48282],"size":[1,1,3],"uv":[132,488]},{"origin":[5.59,27.35407,-3.48282],"size":[1,1,3],"uv":[131,484]},{"origin":[-2.8,25,-2],"size":[1,2.9,7],"uv":[0,0]},{"origin":[2,25,-2],"size":[1,2.9,7],"uv":[0,0]},{"origin":[1.8,25,-2],"size":[1,2.9,7],"uv":[0,0]},{"origin":[-2.1,24.75407,-0.78282],"size":[4,1,6.2],"uv":[100,1]},{"origin":[-2.1,24.55407,-0.98282],"size":[4,1,6.2],"uv":[100,1]},{"origin":[-2.1,24.35407,-1.08282],"size":[4,1,6.2],"uv":[100,1]},{"origin":[-1.3,24.83026,0.21428],"size":[2.7,1,4.3],"uv":[162,15]},{"origin":[-2.6,24.83775,1.57475],"size":[1,1,1],"uv":[138,0]},{"origin":[1.6,24.83775,1.57475],"size":[1,1,1],"uv":[138,0],"mirror":true},{"origin":[-2.6,24.83092,-0.08956],"size":[1,1,1],"uv":[138,0]},{"origin":[1.6,24.83092,-0.08956],"size":[1,1,1],"uv":[138,0],"mirror":true},{"origin":[2.6,35,-27],"size":[5,5,11],"uv":[30,49]},{"origin":[3.6,35,-17],"size":[3,5,2],"uv":[30,49]},{"origin":[6.6,36,-17],"size":[1,3,2],"uv":[30,49]},{"origin":[2.6,36,-17],"size":[1,3,2],"uv":[30,49]},{"origin":[7.6,35,-27],"size":[1,5,1],"uv":[238,56]},{"origin":[7.6,35,-25],"size":[1,5,1],"uv":[143,62]},{"origin":[7.6,35,-23],"size":[1,5,1],"uv":[143,62]},{"origin":[7.6,35,-21],"size":[1,5,1],"uv":[143,62]},{"origin":[7.6,35,-19],"size":[1,5,1],"uv":[143,62]},{"origin":[7.6,35,-17],"size":[1,5,1],"uv":[143,62]},{"origin":[6.6,36,-15],"size":[2,3,6],"uv":[30,49]},{"origin":[6.6,36,-3],"size":[2,3,6],"uv":[30,49]},{"origin":[6.1,37.6,-8.7],"size":[3,1,1],"uv":[246,69]},{"origin":[6.6,36,-9],"size":[2,1,6],"uv":[30,49]},{"origin":[5.3,36,-9],"size":[2,3,6],"uv":[43,124]},{"origin":[1.6,36,-15],"size":[2,3,18],"uv":[30,49]},{"origin":[6.6,39,-15],"size":[1,1,18],"uv":[30,49]},{"origin":[3.6,35,-15],"size":[4,1,18],"uv":[30,49]},{"origin":[6.6,32,-14],"size":[1,3,17],"uv":[30,49]},{"origin":[3.6,32,-14],"size":[3,3,1],"uv":[30,49]},{"origin":[2.6,31,-13],"size":[5,1,7],"uv":[30,49]},{"origin":[2.6,30,-12],"size":[5,1,6],"uv":[30,49]},{"origin":[2.6,30,-1],"size":[5,2,4],"uv":[30,49]},{"origin":[3.6,32,2],"size":[3,2,1],"uv":[30,49]},{"origin":[2.6,29,0],"size":[5,1,4],"uv":[30,49]},{"origin":[2.6,27,1],"size":[5,2,4],"uv":[30,49]},{"origin":[2.6,25,2],"size":[5,2,4],"uv":[30,49]},{"origin":[2.6,22,3],"size":[5,3,4],"uv":[30,49]},{"origin":[2.6,29,-9],"size":[5,1,3],"uv":[30,49]},{"origin":[3.1,27.8,-12.3],"size":[4,3,6],"uv":[145,59]},{"origin":[3.1,29,-6],"size":[4,1,5],"uv":[30,49]},{"origin":[4.1,31,-2.3],"size":[2,1,1],"uv":[248,71]},{"origin":[4.1,30.3,-3.3],"size":[2,1,1],"uv":[248,71]},{"origin":[3.1,29,-1],"size":[4,1,1],"uv":[30,49]},{"origin":[3.1,27,0],"size":[4,2,1],"uv":[251,74]},{"origin":[3.1,25,1],"size":[4,2,1],"uv":[251,74]},{"origin":[3.1,21,2],"size":[4,4,1],"uv":[251,74]},{"origin":[3.1,21,3],"size":[4,1,3],"uv":[251,74]},{"origin":[4.6,30.5,-15],"size":[3,1,15],"uv":[339,251]},{"origin":[5.1,27.5,-3.2],"size":[2,3,1],"uv":[339,251]},{"origin":[5.6,28.5,-1.7],"size":[1,2,1],"uv":[457,254]},{"origin":[5.1,26.5,-2.5],"size":[2,1,3.5],"uv":[339,251]},{"origin":[4.1,27,0],"size":[4,4.5,5.5],"uv":[339,251]},{"origin":[4.1,31.5,-17],"size":[3,4,21.5],"uv":[324,240]},{"origin":[5.6,34,4.5],"size":[1,1.5,1.5],"uv":[344,252]},{"origin":[5.6,34.5,5.5],"size":[1,1.5,1.5],"uv":[344,252]},{"origin":[5.1,32.5,-17.5],"size":[2,2,9],"uv":[491,243]},{"origin":[7.1,31.5,-17],"size":[1,4,8.5],"uv":[324,240]},{"origin":[7.1,31.5,-8.5],"size":[1,2.5,7],"uv":[324,240]},{"origin":[6.7,32.6,-8.5],"size":[1,2.5,7],"uv":[449,249]},{"origin":[7.1,31.5,-1.5],"size":[1,4,6],"uv":[324,240]},{"origin":[4.1,21,1],"size":[4,6,5.5],"uv":[339,251]},{"origin":[3.1,31.7,-6],"size":[4,1,5],"uv":[30,49]},{"origin":[3.1,24.8,-13.3],"size":[4,3,6],"uv":[145,59]},{"origin":[3.1,22.8,-14.3],"size":[4,2,6],"uv":[145,59]},{"origin":[3.1,20.8,-14.9],"size":[4,2,6],"uv":[145,59]},{"origin":[2.6,39,-15],"size":[1,1,18],"uv":[30,49]},{"origin":[2.6,35,-15],"size":[1,1,18],"uv":[30,49]},{"origin":[2.6,32,-14],"size":[1,3,17],"uv":[30,49]},{"origin":[3.6,39,13],"size":[3,1,9],"uv":[148,60]},{"origin":[3.6,34,3],"size":[3,5,11],"uv":[30,49]},{"origin":[3.9,33.4,3],"size":[2.3,1,10],"uv":[145,54]},{"origin":[3.9,38.6,3],"size":[2.3,1,10],"uv":[143,61]},{"origin":[3.6,29.3,21],"size":[3,10,1],"uv":[148,60]},{"origin":[3.6,30,18],"size":[3,2,3],"uv":[133,71]},{"origin":[3.6,31,15],"size":[3,2,3],"uv":[133,71]},{"origin":[3.6,32,13],"size":[3,1,3],"uv":[163,53]},{"origin":[3.6,33,13],"size":[3,1,3],"uv":[133,71]},{"origin":[6.6,33,14],"size":[1,1,2],"uv":[30,49]},{"origin":[6.6,32,15],"size":[1,1,2],"uv":[30,49]},{"origin":[6.6,31,17],"size":[1,1,2],"uv":[30,49]},{"origin":[6.6,31,19],"size":[1,1,3],"uv":[30,49]},{"origin":[6.6,34,13],"size":[1,1,2],"uv":[30,49]},{"origin":[6.6,35,14],"size":[1,4,1],"uv":[30,49]},{"origin":[6.6,38,15],"size":[1,1,7],"uv":[30,49]},{"origin":[2.6,38,15],"size":[1,1,7],"uv":[30,49]},{"origin":[2.6,35,14],"size":[1,4,1],"uv":[30,49]},{"origin":[2.6,33,14],"size":[1,1,2],"uv":[30,49]},{"origin":[2.6,32,15],"size":[1,1,2],"uv":[30,49]},{"origin":[2.6,31,17],"size":[1,1,2],"uv":[30,49]},{"origin":[2.6,31,19],"size":[1,1,3],"uv":[30,49]},{"origin":[2.6,34,13],"size":[1,1,2],"uv":[30,49]},{"origin":[4,31,20],"size":[2,8,1],"uv":[148,60]},{"origin":[4,38,14],"size":[2,1,6],"uv":[30,49]},{"origin":[3.6,28.6,22],"size":[3,11,1],"uv":[53,67]},{"origin":[6.6,32,22],"size":[1,6,1],"uv":[53,67]},{"origin":[2.6,32,22],"size":[1,6,1],"uv":[53,67]},{"origin":[3.6,39,0],"size":[3,1,3],"uv":[162,58]},{"origin":[3.6,40,2],"size":[3,1,1],"uv":[143,73]},{"origin":[3.6,40,-16],"size":[3,1,16],"uv":[120,54]},{"origin":[1.6,35,-27],"size":[1,5,1],"uv":[238,56]},{"origin":[2.6,40,-25],"size":[1,1,1],"uv":[138,87]},{"origin":[2.6,40,-23],"size":[1,1,1],"uv":[138,87]},{"origin":[2.6,40,-21],"size":[1,1,1],"uv":[138,87]},{"origin":[2.6,40,-19],"size":[1,1,1],"uv":[138,87]},{"origin":[2.6,40,-17],"size":[1,1,1],"uv":[138,87]},{"origin":[6.6,40,-25],"size":[1,1,1],"uv":[138,87]},{"origin":[6.6,40,-23],"size":[1,1,1],"uv":[138,87]},{"origin":[6.6,40,-21],"size":[1,1,1],"uv":[138,87]},{"origin":[6.6,40,-19],"size":[1,1,1],"uv":[138,87]},{"origin":[6.6,40,-17],"size":[1,1,1],"uv":[138,87]},{"origin":[3.6,41,-25],"size":[3,1,1],"uv":[143,62]},{"origin":[3.6,41,-23],"size":[3,1,1],"uv":[143,62]},{"origin":[3.6,41,-21],"size":[3,1,1],"uv":[143,62]},{"origin":[3.6,41,-19],"size":[3,1,1],"uv":[143,62]},{"origin":[3.6,41,-17],"size":[3,1,1],"uv":[143,62]},{"origin":[4.2,41,-14],"size":[2,1,1],"uv":[258,55]},{"origin":[4.2,41,-12],"size":[2,1,1],"uv":[258,55]},{"origin":[4.2,41,-10],"size":[2,1,1],"uv":[258,55]},{"origin":[3.6,41,-8],"size":[3,1,5],"uv":[231,62]},{"origin":[3.6,40.7,-2],"size":[3,1,1],"uv":[149,74]},{"origin":[3.6,44.6,-7],"size":[3,1,2],"uv":[253,72]},{"origin":[4.6,43.1,-6.5],"size":[1,1,1],"uv":[98,97]},{"origin":[3.3,40,-7],"size":[1,5,2],"uv":[253,72]},{"origin":[5.9,40,-7],"size":[1,5,2],"uv":[253,72]},{"origin":[1.6,35,-25],"size":[1,5,1],"uv":[143,62]},{"origin":[1.6,35,-23],"size":[1,5,1],"uv":[143,62]},{"origin":[1.6,35,-21],"size":[1,5,1],"uv":[143,62]},{"origin":[1.6,35,-19],"size":[1,5,1],"uv":[143,62]},{"origin":[1.6,35,-17],"size":[1,5,1],"uv":[143,62]},{"origin":[2.6,40,-27],"size":[5,2,1],"uv":[238,56]},{"origin":[2.6,34,-27],"size":[5,1,1],"uv":[238,56]},{"origin":[2.6,34,-25],"size":[1,1,1],"uv":[138,87]},{"origin":[2.6,34,-23],"size":[1,1,1],"uv":[138,87]},{"origin":[2.6,34,-21],"size":[1,1,1],"uv":[138,87]},{"origin":[2.6,34,-19],"size":[1,1,1],"uv":[138,87]},{"origin":[2.6,34,-17],"size":[1,1,1],"uv":[138,87]},{"origin":[6.6,34,-25],"size":[1,1,1],"uv":[138,87]},{"origin":[6.6,34,-23],"size":[1,1,1],"uv":[138,87]},{"origin":[6.6,34,-21],"size":[1,1,1],"uv":[138,87]},{"origin":[6.6,34,-19],"size":[1,1,1],"uv":[138,87]},{"origin":[6.6,34,-17],"size":[1,1,1],"uv":[138,87]},{"origin":[3.6,33,-25],"size":[3,1,1],"uv":[143,62]},{"origin":[3.6,33,-23],"size":[3,1,1],"uv":[143,62]},{"origin":[3.6,33,-21],"size":[3,1,1],"uv":[143,62]},{"origin":[3.6,33,-19],"size":[3,1,1],"uv":[143,62]},{"origin":[3.6,33,-17],"size":[3,1,1],"uv":[143,62]},{"origin":[2.6,35,-29],"size":[5,6,2],"uv":[30,49]},{"origin":[3.6,36,-31],"size":[3,1,2],"uv":[30,49]},{"origin":[4.6,35.5,-31],"size":[1,1,2],"uv":[30,49]},{"origin":[4.6,36,-41],"size":[1,1,10],"uv":[30,49]},{"origin":[4.6,38,-41],"size":[1,1,14],"uv":[30,49]},{"origin":[3.6,38,-32],"size":[1,1,5],"uv":[30,49]},{"origin":[3.6,39,-31],"size":[3,1,4],"uv":[30,49]},{"origin":[4.6,41,-29],"size":[1,1,1],"uv":[130,69]},{"origin":[4.6,42,-30],"size":[1,1,1],"uv":[130,69]},{"origin":[4.6,43,-31],"size":[1,1,1],"uv":[234,58]},{"origin":[4.6,42,-32],"size":[1,1,1],"uv":[156,67]},{"origin":[4.6,40,-32],"size":[1,1,1],"uv":[144,62]},{"origin":[4.6,39,-32],"size":[1,1,1],"uv":[144,62]},{"origin":[4.6,44,-31],"size":[1,1,1],"uv":[226,59]},{"origin":[4.6,43,-32],"size":[1,1,1],"uv":[141,59]},{"origin":[4.6,41,-32],"size":[1,1,1],"uv":[144,62]},{"origin":[5.6,38,-32],"size":[1,1,5],"uv":[30,49]},{"origin":[3.6,37,-41],"size":[1,1,14],"uv":[30,49]},{"origin":[3.6,37,-42],"size":[1,1,1],"uv":[30,49]},{"origin":[3.6,38,-43],"size":[1,1,1],"uv":[197,90]},{"origin":[3.6,38,-45],"size":[1,1,1],"uv":[197,90]},{"origin":[3.6,36,-43],"size":[1,1,1],"uv":[197,90]},{"origin":[3.6,36,-45],"size":[1,1,1],"uv":[197,90]},{"origin":[5.6,38,-43],"size":[1,1,1],"uv":[197,90]},{"origin":[5.6,38,-45],"size":[1,1,1],"uv":[197,90]},{"origin":[5.6,36,-43],"size":[1,1,1],"uv":[197,90]},{"origin":[5.6,36,-45],"size":[1,1,1],"uv":[197,90]},{"origin":[5.6,36,-44],"size":[1,1,1],"uv":[162,61]},{"origin":[5.6,37,-44],"size":[1,1,1],"uv":[130,66]},{"origin":[5.6,37,-46],"size":[1,1,1],"uv":[120,66]},{"origin":[5.6,37,-47],"size":[1,1,1],"uv":[120,66]},{"origin":[5.6,38,-47],"size":[1,1,1],"uv":[120,66]},{"origin":[5.6,38,-44],"size":[1,1,1],"uv":[162,61]},{"origin":[4.6,36,-44],"size":[1,1,1],"uv":[162,61]},{"origin":[4.6,36,-46],"size":[1,1,1],"uv":[30,49]},{"origin":[4.6,36,-47],"size":[1,1,1],"uv":[30,49]},{"origin":[4.6,38,-44],"size":[1,1,1],"uv":[162,61]},{"origin":[4.6,38,-46],"size":[1,1,1],"uv":[30,49]},{"origin":[4.6,38,-47],"size":[1,1,1],"uv":[30,49]},{"origin":[4.6,39,-47],"size":[1,1,1],"uv":[219,66]},{"origin":[3.6,36,-44],"size":[1,1,1],"uv":[162,61]},{"origin":[3.6,37,-44],"size":[1,1,1],"uv":[130,66]},{"origin":[3.6,37,-46],"size":[1,1,1],"uv":[120,66]},{"origin":[3.6,37,-47],"size":[1,1,1],"uv":[120,66]},{"origin":[3.6,38,-47],"size":[1,1,1],"uv":[120,66]},{"origin":[3.6,38,-44],"size":[1,1,1],"uv":[162,61]},{"origin":[5.6,37,-42],"size":[1,1,1],"uv":[30,49]},{"origin":[4.6,38,-42],"size":[1,1,1],"uv":[30,49]},{"origin":[4.6,36,-42],"size":[1,1,1],"uv":[30,49]},{"origin":[5.6,37,-41],"size":[1,1,14],"uv":[30,49]}]}]},"geometry.dragon_head":{"texturewidth":256,"textureheight":256,"visible_bounds_width":3,"visible_bounds_height":5,"visible_bounds_offset":[0,2.5,0],"bones":[{"name":"snout","pivot":[0,24,0]},{"name":"jaw","pivot":[0,20,-8]},{"name":"head","pivot":[2,16,8.6],"rotation":[36.5,5,0],"cubes":[{"origin":[-0.72,28.24,7.24],"size":[2.72,42.16,2.72],"uv":[95,21]},{"origin":[-0.5083,68.9888,7.58596],"size":[2.32,2.56,2.12],"uv":[95,21]},{"origin":[-0.04,28.24,6.56],"size":[1.36,42.16,2.04],"uv":[95,21]},{"origin":[-0.04,28.24,8.6],"size":[1.36,42.16,2.04],"uv":[95,21]},{"origin":[0.64,28.24,7.92],"size":[2.04,42.16,1.36],"uv":[95,21]},{"origin":[2,28.648,7.92],"size":[9.112,1.36,1.36],"uv":[95,21]},{"origin":[2,28.648,7.512],"size":[8.84,1.36,1.36],"uv":[95,21]},{"origin":[2,28.648,8.328],"size":[8.84,1.36,1.36],"uv":[95,21]},{"origin":[2,29.056,7.92],"size":[8.84,1.36,1.36],"uv":[95,21]},{"origin":[2,28.104,7.92],"size":[8.84,1.36,1.36],"uv":[95,21]},{"origin":[-1.4,28.24,7.92],"size":[2.04,42.16,1.36],"uv":[95,21]},{"origin":[-0.72,12.6,7.92],"size":[2.72,15.64,1.36],"uv":[95,21]},{"origin":[-0.04,12.6,9.28],"size":[1.36,15.64,0.68],"uv":[95,21]},{"origin":[-0.04,12.6,7.24],"size":[1.36,15.64,0.68],"uv":[95,21]},{"origin":[-0.72,11.24,7.24],"size":[2.72,1.36,2.72],"uv":[95,21]},{"origin":[-0.04,11.24,8.6],"size":[1.36,1.36,2.04],"uv":[95,21]},{"origin":[-0.04,11.24,6.56],"size":[1.36,1.36,2.04],"uv":[95,21]},{"origin":[0.64,11.24,7.92],"size":[2.04,1.36,1.36],"uv":[95,21]},{"origin":[-1.4,11.24,7.92],"size":[2.04,1.36,1.36],"uv":[95,21]}]}]}}
