{"format_version":"1.10.0","minecraft:client_entity":{"description":{"identifier":"galactixpe:black_cat","materials":{"default":"bat"},"textures":{"default":"textures/entity/pets/cats/black_cat"},"geometry":{"default":"geometry.black_cat"},"animations":{"awake_loop":"animation.cat.awake_loop","death":"animation.cat.death","attack":"animation.cat.attack","wiggling":"animation.cat.wiggling","prepare_attack":"animation.cat.prepare_attack","stretch":"animation.cat.stretch","sleep_start":"animation.cat.sleep_start","sleep_loop":"animation.cat.sleep_loop","sleep_end":"animation.cat.sleep_end","sit_start":"animation.cat.sit_start","sit_loop":"animation.cat.sit_loop","sit_end":"animation.cat.sit_end","animation_controller":"controller.animation.cat","walk":"animation.cat.walk","idle":"animation.cat.idle"},"scripts":{"animate":["awake_loop","animation_controller"]},"render_controllers":["controller.render.default"]}}}
