{"format_version":"1.10.0","minecraft:client_entity":{"description":{"identifier":"galactixpe:cat_pet","materials":{"default":"bat"},"textures":{"default":"textures/entity/pets/cats/black_cat"},"geometry":{"default":"geometry.cat_pet"},"animations":{"mount_player":"animation.cat.mount_player","walking":"animation.cat.walking","running":"animation.cat.running","sitting":"animation.cat.sit","blink":"animation.cat.blink"},"scripts":{"animate":[{"mount_player":"query.is_riding"},{"walking":"!query.is_riding && !query.is_sitting && query.ground_speed < 5 && query.ground_speed > 0"},{"running":"!query.is_riding && !query.is_sitting && query.ground_speed >= 5"},{"sitting":"query.is_sitting"},{"blink":"math.mod(math.round(query.life_time), 10) == 0"}]},"render_controllers":["controller.render.default"]}}}
