{"format_version":"1.8.0","animations":{"animation.soccerball.roll":{"loop":true,"animation_length":0.04167,"bones":{"root":{"rotation":[0,0,"-(query.yaw_speed + query.body_y_rotation)"]}}},"animation.brievenbus.post":{"loop":"hold_on_last_frame","animation_length":0.5,"bones":{"Hendel":{"rotation":{"0.0":[0,0,0],"0.25":{"post":[105,0,0],"lerp_mode":"catmullrom"},"0.375":{"post":[85,0,0],"lerp_mode":"catmullrom"},"0.5":[90,0,0]}},"Klepvoor":{"rotation":{"0.0":[0,0,0],"0.25":{"post":[-180,0,0],"lerp_mode":"catmullrom"},"0.3333":{"post":[-172.5,0,0],"lerp_mode":"catmullrom"},"0.5":[-180,0,0]}}}}}}
