{"format_version":"1.8.0","animations":{"animation.mailman.ambient_main":{"animation_length":2,"bones":{"leftArm":{"rotation":{"0.0":{"post":[0,0,0],"lerp_mode":"catmullrom"},"1.0":{"post":[0,0,-1],"lerp_mode":"catmullrom"},"2.0":{"post":[0,0,0],"lerp_mode":"catmullrom"}},"position":{"0.0":{"post":[0,0,0],"lerp_mode":"catmullrom"},"1.0":{"post":[0,0.1,0],"lerp_mode":"catmullrom"},"2.0":{"post":[0,0,0],"lerp_mode":"catmullrom"}}},"rightArm":{"rotation":{"0.0":{"post":[0,0,0],"lerp_mode":"catmullrom"},"1.0":{"post":[0,0,1],"lerp_mode":"catmullrom"},"2.0":{"post":[0,0,0],"lerp_mode":"catmullrom"}},"position":{"0.0":{"post":[0,0,0],"lerp_mode":"catmullrom"},"1.0":{"post":[0,0.1,0],"lerp_mode":"catmullrom"},"2.0":{"post":[0,0,0],"lerp_mode":"catmullrom"}}}}},"animation.mailman.ambient_blink":{"animation_length":0.41667,"bones":{"eye1":{"position":{"0.0":[0,0,0],"0.1667":[0,-2,0],"0.375":[0,0,0]}},"eye2":{"position":{"0.0":[0,0,0],"0.1667":[0,-2,0],"0.375":[0,0,0]}}}},"animation.mailman.ambient_look_around":{"animation_length":3.5,"bones":{"head":{"rotation":{"0.0":[0,0,0],"0.2083":{"post":[1.39365,-35.67045,-15.3162],"lerp_mode":"catmullrom"},"0.7917":{"post":[1.39365,-35.67045,-15.3162],"lerp_mode":"catmullrom"},"1.2917":{"post":[1.39365,35.6704,15.3162],"lerp_mode":"catmullrom"},"1.75":[1.39365,35.6704,15.3162],"2.1667":[0,0,0]},"position":{"0.0":[0,0,0],"2.1667":[0,0,0]},"scale":{"0.0":[1,1,1],"2.1667":[1,1,1]}},"eye1":{"position":{"0.0":[0,0,0],"0.125":[0,-0.5,0],"0.5833":[0,-0.5,0],"0.7917":[0,-1,0],"2.5":[0,0,0]}},"eye2":{"position":{"0.0":[0,0,0],"0.125":[0,-1,0],"0.5833":[0,-1,0],"0.7917":[0,-0.5,0],"2.5":[0,0,0]}},"leftArm":{"rotation":{"2.5":[0,0,0],"3.0":{"post":[-7.5,0,-7.5],"lerp_mode":"catmullrom"},"3.4583":[0,0,0]},"position":{"2.5":[0,0,0],"3.0":{"post":[0,1,0],"lerp_mode":"catmullrom"},"3.4583":[0,0,0]},"scale":1},"rightArm":{"rotation":{"2.5":[0,0,0],"3.0":{"post":[-7.5,0,7.5],"lerp_mode":"catmullrom"},"3.4583":[0,0,0]},"position":{"2.5":[0,0,0],"3.0":{"post":[0,1,0],"lerp_mode":"catmullrom"},"3.4583":[0,0,0]},"scale":{"2.5":[1,1,1],"3.4583":[1,1,1]}}}},"animation.mailman.ambient_sleep":{"animation_length":5,"bones":{"body":{"rotation":{"0.0":[0,0,0],"3.0":[20,0,0],"3.25":[0,0,0]}},"head":{"rotation":{"0.0":[0,0,0],"3.0":[25,0,0],"3.25":[0,0,0],"3.5":[0,-45,0],"4.0":[0,45,0],"4.5":[0,0,0]}},"eye1":{"position":{"0.0":[0,0,0],"3.0":[0,-1.5,0],"3.25":[0,0,0]}},"eye2":{"position":{"0.0":[0,0,0],"3.0":[0,-1.5,0],"3.25":[0,0,0]}},"leftArm":{"rotation":{"0.0":[0,0,0],"3.0":[-20,0,0],"3.25":[-7.43656,-0.9762,-19.93656],"3.5":[0,0,0]}},"rightArm":{"rotation":{"0.0":[0,0,0],"3.0":[-20,0,0],"3.25":[-20,0,40],"3.5":[0,0,0]}}}},"animation.mailman.ambient_crazy":{"animation_length":4,"bones":{"root":{"rotation":{"0.0":[0,0,0],"0.375":[0,0,10],"0.625":[0,0,10],"1.0":[0,0,-10],"1.25":[0,0,-10],"1.5":[0,0,0],"2.0":[0,360,0],"2.5":[0,360,0]},"position":{"0.0":[0,0,0],"0.125":[0,4,0],"0.375":[0,0,0],"0.625":[0,0,0],"0.75":[0,4,0],"1.0":[0,0,0],"1.25":[0,0,0],"1.5":[0,0,0],"1.75":[0,3,0],"2.0":[0,0,0],"2.5":[0,0,0]},"scale":1},"body":{"rotation":{"2.5":[0,0,0],"3.0":[27.5,0,0],"3.5":[0,0,0]},"position":[0,0,0],"scale":1},"head":{"rotation":{"0.0":[0,0,0],"0.375":[0,0,12.5],"1.25":[0,0,12.5],"1.5":[0,0,0],"1.75":[-17.02147,-14.76367,-23.56043],"2.0":[0,0,0],"2.5":[0,0,0]}},"leftArm":{"rotation":{"0.0":[0,0,0],"0.375":[-0.478,-8.37531,-41.66647],"0.625":[-0.478,-8.37531,-41.66647],"1.0":[17.83156,-8.5045,-145.71101],"1.25":[17.83156,-8.5045,-145.71101],"1.5":[-1.37733,2.0421,-5.38515],"1.75":[-2.39009,-0.59504,-75.34819],"2.0":[-1.37733,2.0421,-5.38515],"2.5":[0,0,0]}},"rightArm":{"rotation":{"0.6667":[0,0,0],"1.0":[3.20048,7.24337,39.44309],"1.25":[3.20048,7.24337,39.44309],"1.5":[-0.74764,2.10088,7.25544],"1.75":[-7.88019,-10.09547,81.60878],"2.0":[-0.74764,2.10088,7.25544],"2.5":[0,0,0],"3.0":[-58.31584,-28.46296,-16.39211],"3.5":[0,0,0]},"position":[0,0,0],"scale":1},"leftLeg":{"rotation":{"0.0":[0,0,0],"0.375":[0,0,-10],"0.625":[0,0,-10],"0.75":[0,0,0],"1.25":[0,0,0],"1.5":[0,0,0],"1.75":[0,0,-50],"2.0":[0,0,0],"2.5":[0,0,0]}},"rightLeg":{"rotation":{"0.0":[0,0,0],"0.625":[0,0,0],"1.0":[0,0,10],"1.25":[0,0,10],"1.5":[0,0,0],"1.75":[-0.37416,-6.94805,34.34533],"2.0":[0,0,0],"2.5":[0,0,0]},"position":[0,0,0],"scale":1}}},"animation.mailman.talking_1":{"animation_length":1,"bones":{"head":{"rotation":{"0.0":[0,0,0],"0.1667":[-5,0,0],"0.3333":[0,0,0],"0.5":[-10,0,0],"0.6667":[0,0,0],"0.8333":[-5,0,0],"1.0":[0,0,0]}},"leftArm":{"rotation":{"0.0":[0,0,0],"0.1667":[-5,-12.5,0],"0.5":[-35,-12.5,0],"1.0":[0,0,0]}}}},"animation.mailman.talking_2":{"animation_length":1,"bones":{"head":{"rotation":{"0.0":[0,0,0],"0.1667":[-5,0,0],"0.3333":[0,0,0],"0.5":[-10,0,0],"0.6667":[0,0,0],"0.8333":[-5,0,0],"1.0":[0,0,0]}},"leftArm":{"rotation":{"0.0":[0,0,0],"0.1667":[-45,0,0],"0.375":[-92,0,0],"0.6667":[-93.48401,-54.95018,2.85335],"1.0":[0,0,0]},"position":{"0.0":[0,0,0],"1.0":[0,0,0]},"scale":{"0.0":[1,1,1],"1.0":[1,1,1]}}}},"animation.mailman.talking_3":{"animation_length":1,"bones":{"head":{"rotation":{"0.0":[0,0,0],"0.1667":[-5,0,0],"0.3333":[0,0,0],"0.5":[-10,0,0],"0.6667":[0,0,0],"0.8333":[-5,0,0],"1.0":[0,0,0]}},"leftArm":{"rotation":{"0.0":[0,0,0],"0.5":[-60,0,-25],"1.0":[0,0,0]},"position":{"0.0":[0,0,0],"1.0":[0,0,0]},"scale":{"0.0":[1,1,1],"1.0":[1,1,1]}},"rightArm":{"rotation":{"0.0":[0,0,0],"0.5":[-60,0,25],"1.0":[0,0,0]},"position":{"0.0":[0,0,0],"1.0":[0,0,0]},"scale":{"0.0":[1,1,1],"1.0":[1,1,1]}}}},"animation.mailman.talking_4":{"animation_length":1,"bones":{"head":{"rotation":{"0.0":[0,0,0],"0.1667":[-5,0,0],"0.3333":[0,0,0],"0.5":[-10,0,0],"0.6667":[0,0,0],"0.8333":[-5,0,0],"1.0":[0,0,0]}},"eye1":{"position":{"0.0":[0,0,0],"0.0833":[0,-2,0],"0.1667":[0,0,0],"0.6667":[0,0,0],"0.75":[0,-2,0],"0.8333":[0,0,0]}},"eye2":{"position":{"0.0":[0,0,0],"0.0833":[0,-2,0],"0.1667":[0,0,0],"0.6667":[0,0,0],"0.75":[0,-2,0],"0.8333":[0,0,0]}}}}}}
