{"format_version":"1.8.0","animations":{"animation.mixer.active":{"animation_length":4,"bones":{"staaf":{"rotation":{"0.0":[0,0,0],"4.0":[0,5760,0]}},"mixer_bak":{"rotation":{"0.0":[0,0,0],"0.1":[1,0,1],"0.2":[-1,0,0],"0.3":[1,0,0],"0.4":[-1,0,0],"0.5":[1,0,-1],"0.6":[-1,0,0],"0.7":[1,0,0],"0.8":[-1,0,0],"0.9":[1,0,0],"1.0":[-1,0,-1],"1.1":[1,0,0],"1.2":[-1,0,0],"1.3":[1,0,0],"1.4":[-1,0,0],"1.5":[1,0,0],"1.6":[-1,0,0],"1.7":[1,0,0],"1.8":[-1,0,0],"1.9":[1,0,0],"2.0":[-1,0,1],"2.1":[1,0,0],"2.2":[-1,0,1],"2.3":[1,0,0],"2.4":[-1,0,0],"2.5":[1,0,0],"2.6":[-1,0,-1],"2.7":[1,0,0],"2.8":[-1,0,0],"2.9":[1,0,0],"3.0":[-1,0,0],"3.1":[1,0,0],"3.2":[-1,0,0],"3.3":[1,0,0],"3.4":[-1,0,0],"3.5":[1,0,0],"3.6":[-1,0,0],"3.7":[-1,0,0],"3.8":[1,0,0],"3.9":[-1,0,0],"4.0":[0,0,0]}},"ding":{"rotation":{"0.0":[0,0,0],"4.0":[0,-1440,0]}},"deeg":{"scale":{"0.0":[1,1,1],"2.5":[1,2.6,1],"4.0":[1,1,1]}}}}}}
