{"format_version":"1.12.0","minecraft:geometry":[{"description":{"identifier":"geometry.booster_pickaxe","texture_width":64,"texture_height":64,"visible_bounds_width":3,"visible_bounds_height":4,"visible_bounds_offset":[0,1,0]},"bones":[{"name":"root","pivot":[0,0,0]},{"name":"waist","parent":"root","pivot":[0,12,0]},{"name":"body","parent":"waist","pivot":[0,24,0]},{"name":"head","parent":"body","pivot":[0,24,0]},{"name":"hat","parent":"head","pivot":[0,24,0]},{"name":"cape","parent":"body","pivot":[0,24,3]},{"name":"leftArm","parent":"body","pivot":[5,22,0]},{"name":"leftSleeve","parent":"leftArm","pivot":[5,22,0]},{"name":"leftItem","parent":"leftArm","pivot":[6,15,1]},{"name":"rightArm","parent":"body","pivot":[-5,22,0]},{"name":"rightSleeve","parent":"rightArm","pivot":[-5,22,0]},{"name":"rightItem","parent":"rightArm","pivot":[-6,15,1]},{"name":"pickaxe","parent":"rightItem","pivot":[0,0,0],"cubes":[{"origin":[-1.5,0,0],"size":[3,6,0.01],"uv":{"north":{"uv":[32,32],"uv_size":[0,0]},"east":{"uv":[32,32],"uv_size":[0,0]},"south":{"uv":[35,32],"uv_size":[10,16]},"west":{"uv":[32,32],"uv_size":[0,0]},"up":{"uv":[32,32],"uv_size":[0,0]},"down":{"uv":[32,32],"uv_size":[0,0]}}},{"origin":[-1.5,0,0],"size":[3,6,0.01],"pivot":[0,0,0],"rotation":[0,-90,0],"uv":{"north":{"uv":[32,32],"uv_size":[0,0]},"east":{"uv":[32,32],"uv_size":[0,0]},"south":{"uv":[50,32],"uv_size":[10,16]},"west":{"uv":[32,32],"uv_size":[0,0]},"up":{"uv":[32,32],"uv_size":[0,0]},"down":{"uv":[32,32],"uv_size":[0,0]}}}]},{"name":"effect","parent":"pickaxe","pivot":[-0.5,7.7,0]},{"name":"circle_one","parent":"effect","pivot":[-0.5,7.45,0],"rotation":[0,0,45]},{"name":"effect1","parent":"circle_one","pivot":[0.5,-0.05,0]},{"name":"blue","parent":"effect1","pivot":[-0.5,7.5,0]},{"name":"blue1","parent":"blue","pivot":[-0.4775,7.5385,-0.9225],"cubes":[{"origin":[-1.1075,7.5385,-1.215],"size":[1.26,0,0.585],"uv":{"north":{"uv":[48,25.5],"uv_size":[-25,0]},"east":{"uv":[5.5,25.5],"uv_size":[-5.5,0]},"south":{"uv":[48,25],"uv_size":[-25,0]},"west":{"uv":[5.5,26],"uv_size":[-5.5,0]},"up":{"uv":[50,1],"uv_size":[-24,13]},"down":{"uv":[50,14],"uv_size":[-24,-13]}}}]},{"name":"blue2","parent":"blue","pivot":[-1.4,7.5385,0],"cubes":[{"origin":[-1.6925,7.5385,-1.17],"size":[0.585,0,2.34],"uv":{"north":{"uv":[5.5,26],"uv_size":[-5.5,0]},"east":{"uv":[48,25.5],"uv_size":[-25,0]},"south":{"uv":[5.5,25.5],"uv_size":[-5.5,0]},"west":{"uv":[48,25],"uv_size":[-25,0]},"up":{"uv":[13,12],"uv_size":[-13,52]},"down":{"uv":[13,12],"uv_size":[-13,52]}}}]},{"name":"blue3","parent":"blue","pivot":[-0.4775,7.5385,0.8775],"cubes":[{"origin":[-1.1075,7.5385,0.585],"size":[1.26,0,0.585],"uv":{"north":{"uv":[23,25],"uv_size":[25,0]},"east":{"uv":[0,25.5],"uv_size":[5.5,0]},"south":{"uv":[23,25.5],"uv_size":[25,0]},"west":{"uv":[0,26],"uv_size":[5.5,0]},"up":{"uv":[26,13],"uv_size":[24,-13]},"down":{"uv":[26,0],"uv_size":[24,13]}}}]},{"name":"blue4","parent":"blue","pivot":[0.445,7.5385,0],"cubes":[{"origin":[0.1525,7.5385,-1.17],"size":[0.585,0,2.34],"uv":{"north":{"uv":[0,26],"uv_size":[5.5,0]},"east":{"uv":[23,25],"uv_size":[25,0]},"south":{"uv":[0,25.5],"uv_size":[5.5,0]},"west":{"uv":[23,25.5],"uv_size":[25,0]},"up":{"uv":[0,64],"uv_size":[13,-52]},"down":{"uv":[0,64],"uv_size":[13,-52]}}}]},{"name":"outerWhite","parent":"effect1","pivot":[-0.5,7.5,0]},{"name":"ow1","parent":"outerWhite","pivot":[-0.4775,7.6285,-1.53],"cubes":[{"origin":[-1.3775,7.6285,-1.665],"size":[1.8,0,0.27],"uv":{"north":{"uv":[45,28.5],"uv_size":[-22,0]},"east":{"uv":[5,28.5],"uv_size":[-5,0]},"south":{"uv":[45,29],"uv_size":[-22,0]},"west":{"uv":[5,28],"uv_size":[-5,0]},"up":{"uv":[23,16],"uv_size":[40,6]},"down":{"uv":[23,22],"uv_size":[40,-6]}}}]},{"name":"ow2","parent":"outerWhite","pivot":[-2.1875,7.6285,0],"cubes":[{"origin":[-2.3225,7.6285,-0.9],"size":[0.27,0,1.8],"uv":{"north":{"uv":[5,28],"uv_size":[-5,0]},"east":{"uv":[45,28.5],"uv_size":[-22,0]},"south":{"uv":[5,28.5],"uv_size":[-5,0]},"west":{"uv":[45,29],"uv_size":[-22,0]},"up":{"uv":[22,22],"uv_size":[-6,40]},"down":{"uv":[22,22],"uv_size":[-6,40]}}}]},{"name":"ow3","parent":"outerWhite","pivot":[-0.4775,7.6285,1.53],"cubes":[{"origin":[-1.3775,7.6285,1.395],"size":[1.8,0,0.27],"uv":{"north":{"uv":[23,29],"uv_size":[22,0]},"east":{"uv":[0,28.5],"uv_size":[5,0]},"south":{"uv":[23,28.5],"uv_size":[22,0]},"west":{"uv":[0,28],"uv_size":[5,0]},"up":{"uv":[23,22],"uv_size":[40,-6]},"down":{"uv":[23,16],"uv_size":[40,6]}}}]},{"name":"ow4","parent":"outerWhite","pivot":[1.1875,7.6285,0],"cubes":[{"origin":[1.0525,7.6285,-0.9],"size":[0.27,0,1.8],"uv":{"north":{"uv":[0,28],"uv_size":[5,0]},"east":{"uv":[23,29],"uv_size":[22,0]},"south":{"uv":[0,28.5],"uv_size":[5,0]},"west":{"uv":[23,28.5],"uv_size":[22,0]},"up":{"uv":[16,22],"uv_size":[6,40]},"down":{"uv":[16,22],"uv_size":[6,40]}}}]},{"name":"circle_two","parent":"effect","pivot":[-0.3,7.425,0],"rotation":[0,0,-45]},{"name":"effect2","parent":"circle_two","pivot":[0.7,-0.075,0]},{"name":"blue5","parent":"effect2","pivot":[-0.3,7.475,0]},{"name":"blue6","parent":"blue5","pivot":[-0.2775,7.5135,-0.9225],"cubes":[{"origin":[-0.9075,7.5135,-1.215],"size":[1.26,0,0.585],"uv":{"north":{"uv":[48,25.5],"uv_size":[-25,0]},"east":{"uv":[5.5,25.5],"uv_size":[-5.5,0]},"south":{"uv":[48,25],"uv_size":[-25,0]},"west":{"uv":[5.5,26],"uv_size":[-5.5,0]},"up":{"uv":[50,1],"uv_size":[-24,13]},"down":{"uv":[50,14],"uv_size":[-24,-13]}}}]},{"name":"blue7","parent":"blue5","pivot":[-1.2,7.5135,0],"cubes":[{"origin":[-1.4925,7.5135,-1.17],"size":[0.585,0,2.34],"uv":{"north":{"uv":[5.5,26],"uv_size":[-5.5,0]},"east":{"uv":[48,25.5],"uv_size":[-25,0]},"south":{"uv":[5.5,25.5],"uv_size":[-5.5,0]},"west":{"uv":[48,25],"uv_size":[-25,0]},"up":{"uv":[13,12],"uv_size":[-13,52]},"down":{"uv":[13,12],"uv_size":[-13,52]}}}]},{"name":"blue8","parent":"blue5","pivot":[-0.2775,7.5135,0.8775],"cubes":[{"origin":[-0.9075,7.5145,0.585],"size":[1.26,0,0.585],"uv":{"north":{"uv":[23,25],"uv_size":[25,0]},"east":{"uv":[0,25.5],"uv_size":[5.5,0]},"south":{"uv":[23,25.5],"uv_size":[25,0]},"west":{"uv":[0,26],"uv_size":[5.5,0]},"up":{"uv":[26,13],"uv_size":[24,-13]},"down":{"uv":[26,0],"uv_size":[24,13]}}}]},{"name":"blue9","parent":"blue5","pivot":[0.645,7.5135,0],"cubes":[{"origin":[0.3525,7.5135,-1.17],"size":[0.585,0,2.34],"uv":{"north":{"uv":[0,26],"uv_size":[5.5,0]},"east":{"uv":[23,25],"uv_size":[25,0]},"south":{"uv":[0,25.5],"uv_size":[5.5,0]},"west":{"uv":[23,25.5],"uv_size":[25,0]},"up":{"uv":[0,64],"uv_size":[13,-52]},"down":{"uv":[0,64],"uv_size":[13,-52]}}}]},{"name":"outerWhite2","parent":"effect2","pivot":[-0.3,7.475,0]},{"name":"ow5","parent":"outerWhite2","pivot":[-0.2775,7.6035,-1.53],"cubes":[{"origin":[-1.1775,7.6035,-1.665],"size":[1.8,0,0.27],"uv":{"north":{"uv":[45,28.5],"uv_size":[-22,0]},"east":{"uv":[5,28.5],"uv_size":[-5,0]},"south":{"uv":[45,29],"uv_size":[-22,0]},"west":{"uv":[5,28],"uv_size":[-5,0]},"up":{"uv":[23,16],"uv_size":[40,6]},"down":{"uv":[23,22],"uv_size":[40,-6]}}}]},{"name":"ow6","parent":"outerWhite2","pivot":[-1.9875,7.6035,0],"cubes":[{"origin":[-2.1225,7.6035,-0.9],"size":[0.27,0,1.8],"uv":{"north":{"uv":[5,28],"uv_size":[-5,0]},"east":{"uv":[45,28.5],"uv_size":[-22,0]},"south":{"uv":[5,28.5],"uv_size":[-5,0]},"west":{"uv":[45,29],"uv_size":[-22,0]},"up":{"uv":[22,22],"uv_size":[-6,40]},"down":{"uv":[22,22],"uv_size":[-6,40]}}}]},{"name":"ow7","parent":"outerWhite2","pivot":[-0.2775,7.6035,1.53],"cubes":[{"origin":[-1.1775,7.6035,1.395],"size":[1.8,0,0.27],"uv":{"north":{"uv":[23,29],"uv_size":[22,0]},"east":{"uv":[0,28.5],"uv_size":[5,0]},"south":{"uv":[23,28.5],"uv_size":[22,0]},"west":{"uv":[0,28],"uv_size":[5,0]},"up":{"uv":[23,22],"uv_size":[40,-6]},"down":{"uv":[23,16],"uv_size":[40,6]}}}]},{"name":"ow8","parent":"outerWhite2","pivot":[1.3875,7.6035,0],"cubes":[{"origin":[1.2525,7.6035,-0.9],"size":[0.27,0,1.8],"uv":{"north":{"uv":[0,28],"uv_size":[5,0]},"east":{"uv":[23,29],"uv_size":[22,0]},"south":{"uv":[0,28.5],"uv_size":[5,0]},"west":{"uv":[23,28.5],"uv_size":[22,0]},"up":{"uv":[16,22],"uv_size":[6,40]},"down":{"uv":[16,22],"uv_size":[6,40]}}}]},{"name":"actualtop","parent":"pickaxe","pivot":[0,0,0]},{"name":"top","parent":"actualtop","pivot":[-0.42959,7.20254,0],"rotation":[0,0,-45],"cubes":[{"origin":[-3.57893,8.582,-0.2516],"size":[0.5032,0.5032,0.5032],"uv":{"north":{"uv":[37,49],"uv_size":[1,1]},"east":{"uv":[37,49],"uv_size":[1,1]},"south":{"uv":[37,49],"uv_size":[1,1]},"west":{"uv":[37,49],"uv_size":[1,1]},"up":{"uv":[38,50],"uv_size":[-1,-1]},"down":{"uv":[38,50],"uv_size":[-1,-1]}}},{"origin":[-3.57893,8.0788,-0.2516],"size":[0.5032,0.5032,0.5032],"uv":{"north":{"uv":[37,50],"uv_size":[1,1]},"east":{"uv":[37,50],"uv_size":[1,1]},"south":{"uv":[37,50],"uv_size":[1,1]},"west":{"uv":[37,50],"uv_size":[1,1]},"up":{"uv":[38,51],"uv_size":[-1,-1]},"down":{"uv":[38,51],"uv_size":[-1,-1]}}},{"origin":[-3.07573,8.582,-0.2516],"size":[0.5032,0.5032,0.5032],"uv":{"north":{"uv":[38,49],"uv_size":[1,1]},"east":{"uv":[38,49],"uv_size":[1,1]},"south":{"uv":[38,49],"uv_size":[1,1]},"west":{"uv":[38,49],"uv_size":[1,1]},"up":{"uv":[39,50],"uv_size":[-1,-1]},"down":{"uv":[39,50],"uv_size":[-1,-1]}}},{"origin":[-3.07573,8.0788,-0.2516],"size":[0.5032,0.5032,0.5032],"uv":{"north":{"uv":[38,50],"uv_size":[1,1]},"east":{"uv":[38,50],"uv_size":[1,1]},"south":{"uv":[38,50],"uv_size":[1,1]},"west":{"uv":[38,50],"uv_size":[1,1]},"up":{"uv":[39,51],"uv_size":[-1,-1]},"down":{"uv":[39,51],"uv_size":[-1,-1]}}},{"origin":[-3.07573,7.5756,-0.2516],"size":[0.5032,0.5032,0.5032],"uv":{"north":{"uv":[38,51],"uv_size":[1,1]},"east":{"uv":[38,51],"uv_size":[1,1]},"south":{"uv":[38,51],"uv_size":[1,1]},"west":{"uv":[38,51],"uv_size":[1,1]},"up":{"uv":[39,52],"uv_size":[-1,-1]},"down":{"uv":[39,52],"uv_size":[-1,-1]}}},{"origin":[-2.57253,8.582,-0.2516],"size":[0.5032,0.5032,0.5032],"uv":{"north":{"uv":[39,49],"uv_size":[1,1]},"east":{"uv":[39,49],"uv_size":[1,1]},"south":{"uv":[39,49],"uv_size":[1,1]},"west":{"uv":[39,49],"uv_size":[1,1]},"up":{"uv":[40,50],"uv_size":[-1,-1]},"down":{"uv":[40,50],"uv_size":[-1,-1]}}},{"origin":[-2.57253,8.0788,-0.2516],"size":[0.5032,0.5032,0.5032],"uv":{"north":{"uv":[39,50],"uv_size":[1,1]},"east":{"uv":[39,50],"uv_size":[1,1]},"south":{"uv":[39,50],"uv_size":[1,1]},"west":{"uv":[39,50],"uv_size":[1,1]},"up":{"uv":[40,51],"uv_size":[-1,-1]},"down":{"uv":[40,51],"uv_size":[-1,-1]}}},{"origin":[-2.57253,7.5756,-0.2516],"size":[0.5032,0.5032,0.5032],"uv":{"north":{"uv":[39,51],"uv_size":[1,1]},"east":{"uv":[39,51],"uv_size":[1,1]},"south":{"uv":[39,51],"uv_size":[1,1]},"west":{"uv":[39,51],"uv_size":[1,1]},"up":{"uv":[40,52],"uv_size":[-1,-1]},"down":{"uv":[40,52],"uv_size":[-1,-1]}}},{"origin":[-2.06933,8.582,-0.2516],"size":[0.5032,0.5032,0.5032],"uv":{"north":{"uv":[40,49],"uv_size":[1,1]},"east":{"uv":[40,49],"uv_size":[1,1]},"south":{"uv":[40,49],"uv_size":[1,1]},"west":{"uv":[40,49],"uv_size":[1,1]},"up":{"uv":[41,50],"uv_size":[-1,-1]},"down":{"uv":[41,50],"uv_size":[-1,-1]}}},{"origin":[-2.06933,8.0788,-0.2516],"size":[0.5032,0.5032,0.5032],"uv":{"north":{"uv":[40,50],"uv_size":[1,1]},"east":{"uv":[40,50],"uv_size":[1,1]},"south":{"uv":[40,50],"uv_size":[1,1]},"west":{"uv":[40,50],"uv_size":[1,1]},"up":{"uv":[41,51],"uv_size":[-1,-1]},"down":{"uv":[41,51],"uv_size":[-1,-1]}}},{"origin":[-2.06933,7.5756,-0.2516],"size":[0.5032,0.5032,0.5032],"uv":{"north":{"uv":[40,51],"uv_size":[1,1]},"east":{"uv":[40,51],"uv_size":[1,1]},"south":{"uv":[40,51],"uv_size":[1,1]},"west":{"uv":[40,51],"uv_size":[1,1]},"up":{"uv":[41,52],"uv_size":[-1,-1]},"down":{"uv":[41,52],"uv_size":[-1,-1]}}},{"origin":[-1.56613,8.582,-0.2516],"size":[0.5032,0.5032,0.5032],"uv":{"north":{"uv":[41,49],"uv_size":[1,1]},"east":{"uv":[41,49],"uv_size":[1,1]},"south":{"uv":[41,49],"uv_size":[1,1]},"west":{"uv":[41,49],"uv_size":[1,1]},"up":{"uv":[42,50],"uv_size":[-1,-1]},"down":{"uv":[42,50],"uv_size":[-1,-1]}}},{"origin":[-1.56613,8.0788,-0.2516],"size":[0.5032,0.5032,0.5032],"uv":{"north":{"uv":[41,50],"uv_size":[1,1]},"east":{"uv":[41,50],"uv_size":[1,1]},"south":{"uv":[41,50],"uv_size":[1,1]},"west":{"uv":[41,50],"uv_size":[1,1]},"up":{"uv":[42,51],"uv_size":[-1,-1]},"down":{"uv":[42,51],"uv_size":[-1,-1]}}},{"origin":[-1.56613,7.5756,-0.2516],"size":[0.5032,0.5032,0.5032],"uv":{"north":{"uv":[41,51],"uv_size":[1,1]},"east":{"uv":[41,51],"uv_size":[1,1]},"south":{"uv":[41,51],"uv_size":[1,1]},"west":{"uv":[41,51],"uv_size":[1,1]},"up":{"uv":[42,52],"uv_size":[-1,-1]},"down":{"uv":[42,52],"uv_size":[-1,-1]}}},{"origin":[-1.06293,8.582,-0.2516],"size":[0.5032,0.5032,0.5032],"uv":{"north":{"uv":[42,49],"uv_size":[1,1]},"east":{"uv":[42,49],"uv_size":[1,1]},"south":{"uv":[42,49],"uv_size":[1,1]},"west":{"uv":[42,49],"uv_size":[1,1]},"up":{"uv":[43,50],"uv_size":[-1,-1]},"down":{"uv":[43,50],"uv_size":[-1,-1]}}},{"origin":[-1.06293,8.0788,-0.2516],"size":[0.5032,0.5032,0.5032],"uv":{"north":{"uv":[42,50],"uv_size":[1,1]},"east":{"uv":[42,50],"uv_size":[1,1]},"south":{"uv":[42,50],"uv_size":[1,1]},"west":{"uv":[42,50],"uv_size":[1,1]},"up":{"uv":[43,51],"uv_size":[-1,-1]},"down":{"uv":[43,51],"uv_size":[-1,-1]}}},{"origin":[-1.06293,7.5756,-0.5032],"size":[0.5032,0.5032,1.0064],"uv":{"north":{"uv":[42,51],"uv_size":[1,1]},"east":{"uv":[42,51],"uv_size":[1,1]},"south":{"uv":[42,51],"uv_size":[1,1]},"west":{"uv":[42,51],"uv_size":[1,1]},"up":{"uv":[43,52],"uv_size":[-1,-1]},"down":{"uv":[43,52],"uv_size":[-1,-1]}}},{"origin":[-0.55973,8.0788,-0.5032],"size":[0.5032,0.5032,1.0064],"uv":{"north":{"uv":[43,50],"uv_size":[1,1]},"east":{"uv":[43,50],"uv_size":[1,1]},"south":{"uv":[43,50],"uv_size":[1,1]},"west":{"uv":[43,50],"uv_size":[1,1]},"up":{"uv":[44,51],"uv_size":[-1,-1]},"down":{"uv":[44,51],"uv_size":[-1,-1]}}},{"origin":[-0.55973,7.5756,-0.7548],"size":[0.5032,0.5032,1.5096],"uv":{"north":{"uv":[43,51],"uv_size":[1,1]},"east":{"uv":[43,51],"uv_size":[1,1]},"south":{"uv":[43,51],"uv_size":[1,1]},"west":{"uv":[43,51],"uv_size":[1,1]},"up":{"uv":[44,52],"uv_size":[-1,-1]},"down":{"uv":[44,52],"uv_size":[-1,-1]}}},{"origin":[-0.55973,7.0724,-0.7548],"size":[0.5032,0.5032,1.5096],"uv":{"north":{"uv":[43,52],"uv_size":[1,1]},"east":{"uv":[43,52],"uv_size":[1,1]},"south":{"uv":[43,52],"uv_size":[1,1]},"west":{"uv":[43,52],"uv_size":[1,1]},"up":{"uv":[44,53],"uv_size":[-1,-1]},"down":{"uv":[44,53],"uv_size":[-1,-1]}}},{"origin":[-0.55973,6.5692,-0.5032],"size":[0.5032,0.5032,1.0064],"uv":{"north":{"uv":[43,53],"uv_size":[1,1]},"east":{"uv":[43,53],"uv_size":[1,1]},"south":{"uv":[43,53],"uv_size":[1,1]},"west":{"uv":[43,53],"uv_size":[1,1]},"up":{"uv":[44,54],"uv_size":[-1,-1]},"down":{"uv":[44,54],"uv_size":[-1,-1]}}},{"origin":[-0.55973,6.066,-0.2516],"size":[0.5032,0.5032,0.5032],"uv":{"north":{"uv":[43,54],"uv_size":[1,1]},"east":{"uv":[43,54],"uv_size":[1,1]},"south":{"uv":[43,54],"uv_size":[1,1]},"west":{"uv":[43,54],"uv_size":[1,1]},"up":{"uv":[44,55],"uv_size":[-1,-1]},"down":{"uv":[44,55],"uv_size":[-1,-1]}}},{"origin":[-0.05653,8.582,-0.2516],"size":[0.5032,0.5032,0.5032],"uv":{"north":{"uv":[44,49],"uv_size":[1,1]},"east":{"uv":[44,49],"uv_size":[1,1]},"south":{"uv":[44,49],"uv_size":[1,1]},"west":{"uv":[44,49],"uv_size":[1,1]},"up":{"uv":[45,50],"uv_size":[-1,-1]},"down":{"uv":[45,50],"uv_size":[-1,-1]}}},{"origin":[-0.05653,8.0788,-0.5032],"size":[0.5032,0.5032,1.0064],"uv":{"north":{"uv":[44,50],"uv_size":[1,1]},"east":{"uv":[44,50],"uv_size":[1,1]},"south":{"uv":[44,50],"uv_size":[1,1]},"west":{"uv":[44,50],"uv_size":[1,1]},"up":{"uv":[45,51],"uv_size":[-1,-1]},"down":{"uv":[45,51],"uv_size":[-1,-1]}}},{"origin":[-0.05653,7.5756,-0.7548],"size":[0.5032,0.5032,1.5096],"uv":{"north":{"uv":[44,51],"uv_size":[1,1]},"east":{"uv":[44,51],"uv_size":[1,1]},"south":{"uv":[44,51],"uv_size":[1,1]},"west":{"uv":[44,51],"uv_size":[1,1]},"up":{"uv":[45,52],"uv_size":[-1,-1]},"down":{"uv":[45,52],"uv_size":[-1,-1]}}},{"origin":[-0.05653,7.0724,-0.7548],"size":[0.5032,0.5032,1.5096],"uv":{"north":{"uv":[44,52],"uv_size":[1,1]},"east":{"uv":[44,52],"uv_size":[1,1]},"south":{"uv":[44,52],"uv_size":[1,1]},"west":{"uv":[44,52],"uv_size":[1,1]},"up":{"uv":[45,53],"uv_size":[-1,-1]},"down":{"uv":[45,53],"uv_size":[-1,-1]}}},{"origin":[-0.05653,6.5692,-0.5032],"size":[0.5032,0.5032,1.0064],"uv":{"north":{"uv":[44,53],"uv_size":[1,1]},"east":{"uv":[44,53],"uv_size":[1,1]},"south":{"uv":[44,53],"uv_size":[1,1]},"west":{"uv":[44,53],"uv_size":[1,1]},"up":{"uv":[45,54],"uv_size":[-1,-1]},"down":{"uv":[45,54],"uv_size":[-1,-1]}}},{"origin":[-0.05653,6.066,-0.2516],"size":[0.5032,0.5032,0.5032],"uv":{"north":{"uv":[44,54],"uv_size":[1,1]},"east":{"uv":[44,54],"uv_size":[1,1]},"south":{"uv":[44,54],"uv_size":[1,1]},"west":{"uv":[44,54],"uv_size":[1,1]},"up":{"uv":[45,55],"uv_size":[-1,-1]},"down":{"uv":[45,55],"uv_size":[-1,-1]}}},{"origin":[-0.05653,5.5628,-0.2516],"size":[0.5032,0.5032,0.5032],"uv":{"north":{"uv":[44,55],"uv_size":[1,1]},"east":{"uv":[44,55],"uv_size":[1,1]},"south":{"uv":[44,55],"uv_size":[1,1]},"west":{"uv":[44,55],"uv_size":[1,1]},"up":{"uv":[45,56],"uv_size":[-1,-1]},"down":{"uv":[45,56],"uv_size":[-1,-1]}}},{"origin":[-0.05653,5.0596,-0.2516],"size":[0.5032,0.5032,0.5032],"uv":{"north":{"uv":[44,56],"uv_size":[1,1]},"east":{"uv":[44,56],"uv_size":[1,1]},"south":{"uv":[44,56],"uv_size":[1,1]},"west":{"uv":[44,56],"uv_size":[1,1]},"up":{"uv":[45,57],"uv_size":[-1,-1]},"down":{"uv":[45,57],"uv_size":[-1,-1]}}},{"origin":[-0.05653,4.5564,-0.2516],"size":[0.5032,0.5032,0.5032],"uv":{"north":{"uv":[44,57],"uv_size":[1,1]},"east":{"uv":[44,57],"uv_size":[1,1]},"south":{"uv":[44,57],"uv_size":[1,1]},"west":{"uv":[44,57],"uv_size":[1,1]},"up":{"uv":[45,58],"uv_size":[-1,-1]},"down":{"uv":[45,58],"uv_size":[-1,-1]}}},{"origin":[0.44667,8.582,-0.2516],"size":[0.5032,0.5032,0.5032],"uv":{"north":{"uv":[45,49],"uv_size":[1,1]},"east":{"uv":[45,49],"uv_size":[1,1]},"south":{"uv":[45,49],"uv_size":[1,1]},"west":{"uv":[45,49],"uv_size":[1,1]},"up":{"uv":[46,50],"uv_size":[-1,-1]},"down":{"uv":[46,50],"uv_size":[-1,-1]}}},{"origin":[0.44667,8.0788,-0.2516],"size":[0.5032,0.5032,0.5032],"uv":{"north":{"uv":[45,50],"uv_size":[1,1]},"east":{"uv":[45,50],"uv_size":[1,1]},"south":{"uv":[45,50],"uv_size":[1,1]},"west":{"uv":[45,50],"uv_size":[1,1]},"up":{"uv":[46,51],"uv_size":[-1,-1]},"down":{"uv":[46,51],"uv_size":[-1,-1]}}},{"origin":[0.44667,7.5756,-0.5032],"size":[0.5032,0.5032,1.0064],"uv":{"north":{"uv":[45,51],"uv_size":[1,1]},"east":{"uv":[45,51],"uv_size":[1,1]},"south":{"uv":[45,51],"uv_size":[1,1]},"west":{"uv":[45,51],"uv_size":[1,1]},"up":{"uv":[46,52],"uv_size":[-1,-1]},"down":{"uv":[46,52],"uv_size":[-1,-1]}}},{"origin":[0.44667,7.0724,-0.5032],"size":[0.5032,0.5032,1.0064],"uv":{"north":{"uv":[45,52],"uv_size":[1,1]},"east":{"uv":[45,52],"uv_size":[1,1]},"south":{"uv":[45,52],"uv_size":[1,1]},"west":{"uv":[45,52],"uv_size":[1,1]},"up":{"uv":[46,53],"uv_size":[-1,-1]},"down":{"uv":[46,53],"uv_size":[-1,-1]}}},{"origin":[0.44667,6.5692,-0.2516],"size":[0.5032,0.5032,0.5032],"uv":{"north":{"uv":[45,53],"uv_size":[1,1]},"east":{"uv":[45,53],"uv_size":[1,1]},"south":{"uv":[45,53],"uv_size":[1,1]},"west":{"uv":[45,53],"uv_size":[1,1]},"up":{"uv":[46,54],"uv_size":[-1,-1]},"down":{"uv":[46,54],"uv_size":[-1,-1]}}},{"origin":[0.44667,6.066,-0.2516],"size":[0.5032,0.5032,0.5032],"uv":{"north":{"uv":[45,54],"uv_size":[1,1]},"east":{"uv":[45,54],"uv_size":[1,1]},"south":{"uv":[45,54],"uv_size":[1,1]},"west":{"uv":[45,54],"uv_size":[1,1]},"up":{"uv":[46,55],"uv_size":[-1,-1]},"down":{"uv":[46,55],"uv_size":[-1,-1]}}},{"origin":[0.44667,5.5628,-0.2516],"size":[0.5032,0.5032,0.5032],"uv":{"north":{"uv":[45,55],"uv_size":[1,1]},"east":{"uv":[45,55],"uv_size":[1,1]},"south":{"uv":[45,55],"uv_size":[1,1]},"west":{"uv":[45,55],"uv_size":[1,1]},"up":{"uv":[46,56],"uv_size":[-1,-1]},"down":{"uv":[46,56],"uv_size":[-1,-1]}}},{"origin":[0.44667,5.0596,-0.2516],"size":[0.5032,0.5032,0.5032],"uv":{"north":{"uv":[45,56],"uv_size":[1,1]},"east":{"uv":[45,56],"uv_size":[1,1]},"south":{"uv":[45,56],"uv_size":[1,1]},"west":{"uv":[45,56],"uv_size":[1,1]},"up":{"uv":[46,57],"uv_size":[-1,-1]},"down":{"uv":[46,57],"uv_size":[-1,-1]}}},{"origin":[0.44667,4.5564,-0.2516],"size":[0.5032,0.5032,0.5032],"uv":{"north":{"uv":[45,57],"uv_size":[1,1]},"east":{"uv":[45,57],"uv_size":[1,1]},"south":{"uv":[45,57],"uv_size":[1,1]},"west":{"uv":[45,57],"uv_size":[1,1]},"up":{"uv":[46,58],"uv_size":[-1,-1]},"down":{"uv":[46,58],"uv_size":[-1,-1]}}},{"origin":[0.44667,4.0532,-0.2516],"size":[0.5032,0.5032,0.5032],"uv":{"north":{"uv":[45,58],"uv_size":[1,1]},"east":{"uv":[45,58],"uv_size":[1,1]},"south":{"uv":[45,58],"uv_size":[1,1]},"west":{"uv":[45,58],"uv_size":[1,1]},"up":{"uv":[46,59],"uv_size":[-1,-1]},"down":{"uv":[46,59],"uv_size":[-1,-1]}}},{"origin":[0.94987,8.582,-0.2516],"size":[0.5032,0.5032,0.5032],"uv":{"north":{"uv":[46,49],"uv_size":[1,1]},"east":{"uv":[46,49],"uv_size":[1,1]},"south":{"uv":[46,49],"uv_size":[1,1]},"west":{"uv":[46,49],"uv_size":[1,1]},"up":{"uv":[47,50],"uv_size":[-1,-1]},"down":{"uv":[47,50],"uv_size":[-1,-1]}}},{"origin":[0.94987,8.0788,-0.2516],"size":[0.5032,0.5032,0.5032],"uv":{"north":{"uv":[46,50],"uv_size":[1,1]},"east":{"uv":[46,50],"uv_size":[1,1]},"south":{"uv":[46,50],"uv_size":[1,1]},"west":{"uv":[46,50],"uv_size":[1,1]},"up":{"uv":[47,51],"uv_size":[-1,-1]},"down":{"uv":[47,51],"uv_size":[-1,-1]}}},{"origin":[0.94987,7.5756,-0.2516],"size":[0.5032,0.5032,0.5032],"uv":{"north":{"uv":[46,51],"uv_size":[1,1]},"east":{"uv":[46,51],"uv_size":[1,1]},"south":{"uv":[46,51],"uv_size":[1,1]},"west":{"uv":[46,51],"uv_size":[1,1]},"up":{"uv":[47,52],"uv_size":[-1,-1]},"down":{"uv":[47,52],"uv_size":[-1,-1]}}},{"origin":[0.94987,6.5692,-0.2516],"size":[0.5032,0.5032,0.5032],"uv":{"north":{"uv":[46,53],"uv_size":[1,1]},"east":{"uv":[46,53],"uv_size":[1,1]},"south":{"uv":[46,53],"uv_size":[1,1]},"west":{"uv":[46,53],"uv_size":[1,1]},"up":{"uv":[47,54],"uv_size":[-1,-1]},"down":{"uv":[47,54],"uv_size":[-1,-1]}}},{"origin":[0.94987,6.066,-0.2516],"size":[0.5032,0.5032,0.5032],"uv":{"north":{"uv":[46,54],"uv_size":[1,1]},"east":{"uv":[46,54],"uv_size":[1,1]},"south":{"uv":[46,54],"uv_size":[1,1]},"west":{"uv":[46,54],"uv_size":[1,1]},"up":{"uv":[47,55],"uv_size":[-1,-1]},"down":{"uv":[47,55],"uv_size":[-1,-1]}}},{"origin":[0.94987,5.5628,-0.2516],"size":[0.5032,0.5032,0.5032],"uv":{"north":{"uv":[46,55],"uv_size":[1,1]},"east":{"uv":[46,55],"uv_size":[1,1]},"south":{"uv":[46,55],"uv_size":[1,1]},"west":{"uv":[46,55],"uv_size":[1,1]},"up":{"uv":[47,56],"uv_size":[-1,-1]},"down":{"uv":[47,56],"uv_size":[-1,-1]}}},{"origin":[0.94987,5.0596,-0.2516],"size":[0.5032,0.5032,0.5032],"uv":{"north":{"uv":[46,56],"uv_size":[1,1]},"east":{"uv":[46,56],"uv_size":[1,1]},"south":{"uv":[46,56],"uv_size":[1,1]},"west":{"uv":[46,56],"uv_size":[1,1]},"up":{"uv":[47,57],"uv_size":[-1,-1]},"down":{"uv":[47,57],"uv_size":[-1,-1]}}},{"origin":[0.94987,4.5564,-0.2516],"size":[0.5032,0.5032,0.5032],"uv":{"north":{"uv":[46,57],"uv_size":[1,1]},"east":{"uv":[46,57],"uv_size":[1,1]},"south":{"uv":[46,57],"uv_size":[1,1]},"west":{"uv":[46,57],"uv_size":[1,1]},"up":{"uv":[47,58],"uv_size":[-1,-1]},"down":{"uv":[47,58],"uv_size":[-1,-1]}}},{"origin":[0.94987,4.0532,-0.2516],"size":[0.5032,0.5032,0.5032],"uv":{"north":{"uv":[46,58],"uv_size":[1,1]},"east":{"uv":[46,58],"uv_size":[1,1]},"south":{"uv":[46,58],"uv_size":[1,1]},"west":{"uv":[46,58],"uv_size":[1,1]},"up":{"uv":[47,59],"uv_size":[-1,-1]},"down":{"uv":[47,59],"uv_size":[-1,-1]}}},{"origin":[-1.06293,7.0724,-0.5032],"size":[0.5032,0.5032,1.0064],"uv":{"north":{"uv":[42,52],"uv_size":[1,1]},"east":{"uv":[42,52],"uv_size":[1,1]},"south":{"uv":[42,52],"uv_size":[1,1]},"west":{"uv":[42,52],"uv_size":[1,1]},"up":{"uv":[43,53],"uv_size":[-1,-1]},"down":{"uv":[43,53],"uv_size":[-1,-1]}}},{"origin":[-1.56613,7.0724,-0.2516],"size":[0.5032,0.5032,0.5032],"uv":{"north":{"uv":[41,52],"uv_size":[1,1]},"east":{"uv":[41,52],"uv_size":[1,1]},"south":{"uv":[41,52],"uv_size":[1,1]},"west":{"uv":[41,52],"uv_size":[1,1]},"up":{"uv":[42,53],"uv_size":[-1,-1]},"down":{"uv":[42,53],"uv_size":[-1,-1]}}},{"origin":[-1.06293,6.5692,-0.2516],"size":[0.5032,0.5032,0.5032],"uv":{"north":{"uv":[42,53],"uv_size":[1,1]},"east":{"uv":[42,53],"uv_size":[1,1]},"south":{"uv":[42,53],"uv_size":[1,1]},"west":{"uv":[42,53],"uv_size":[1,1]},"up":{"uv":[43,54],"uv_size":[-1,-1]},"down":{"uv":[43,54],"uv_size":[-1,-1]}}},{"origin":[-1.06293,5.5628,-0.2516],"size":[0.5032,0.7532,0.5032],"uv":{"north":{"uv":[42,55],"uv_size":[1,1]},"east":{"uv":[42,55],"uv_size":[1,1]},"south":{"uv":[42,55],"uv_size":[1,1]},"west":{"uv":[42,55],"uv_size":[1,1]},"up":{"uv":[43,56],"uv_size":[-1,-1]},"down":{"uv":[43,56],"uv_size":[-1,-1]}}},{"origin":[-1.56613,6.066,-0.2516],"size":[0.5032,0.9532,0.5032],"uv":{"north":{"uv":[41,54],"uv_size":[1,1]},"east":{"uv":[41,54],"uv_size":[1,1]},"south":{"uv":[41,54],"uv_size":[1,1]},"west":{"uv":[41,54],"uv_size":[1,1]},"up":{"uv":[42,55],"uv_size":[-1,-1]},"down":{"uv":[42,55],"uv_size":[-1,-1]}}},{"origin":[-2.06933,6.5692,-0.2516],"size":[0.5032,0.5032,0.5032],"uv":{"north":{"uv":[40,53],"uv_size":[1,1]},"east":{"uv":[40,53],"uv_size":[1,1]},"south":{"uv":[40,53],"uv_size":[1,1]},"west":{"uv":[40,53],"uv_size":[1,1]},"up":{"uv":[41,54],"uv_size":[-1,-1]},"down":{"uv":[41,54],"uv_size":[-1,-1]}}}]},{"name":"top2","parent":"actualtop","pivot":[-0.42959,7.20254,0.3],"rotation":[0,0,-45],"cubes":[{"origin":[-3.20101,8.41647,0.07859],"size":[0.44282,0.44282,0.44282],"uv":{"north":{"uv":[37,49],"uv_size":[1,1]},"east":{"uv":[37,49],"uv_size":[1,1]},"south":{"uv":[37,49],"uv_size":[1,1]},"west":{"uv":[37,49],"uv_size":[1,1]},"up":{"uv":[38,50],"uv_size":[-1,-1]},"down":{"uv":[38,50],"uv_size":[-1,-1]}}},{"origin":[-3.20101,7.97365,0.07859],"size":[0.44282,0.44282,0.44282],"uv":{"north":{"uv":[37,50],"uv_size":[1,1]},"east":{"uv":[37,50],"uv_size":[1,1]},"south":{"uv":[37,50],"uv_size":[1,1]},"west":{"uv":[37,50],"uv_size":[1,1]},"up":{"uv":[38,51],"uv_size":[-1,-1]},"down":{"uv":[38,51],"uv_size":[-1,-1]}}},{"origin":[-2.75819,8.41647,0.07859],"size":[0.44282,0.44282,0.44282],"uv":{"north":{"uv":[38,49],"uv_size":[1,1]},"east":{"uv":[38,49],"uv_size":[1,1]},"south":{"uv":[38,49],"uv_size":[1,1]},"west":{"uv":[38,49],"uv_size":[1,1]},"up":{"uv":[39,50],"uv_size":[-1,-1]},"down":{"uv":[39,50],"uv_size":[-1,-1]}}},{"origin":[-2.75819,7.97365,0.07859],"size":[0.44282,0.44282,0.44282],"uv":{"north":{"uv":[38,50],"uv_size":[1,1]},"east":{"uv":[38,50],"uv_size":[1,1]},"south":{"uv":[38,50],"uv_size":[1,1]},"west":{"uv":[38,50],"uv_size":[1,1]},"up":{"uv":[39,51],"uv_size":[-1,-1]},"down":{"uv":[39,51],"uv_size":[-1,-1]}}},{"origin":[-2.75819,7.53083,0.07859],"size":[0.44282,0.44282,0.44282],"uv":{"north":{"uv":[38,51],"uv_size":[1,1]},"east":{"uv":[38,51],"uv_size":[1,1]},"south":{"uv":[38,51],"uv_size":[1,1]},"west":{"uv":[38,51],"uv_size":[1,1]},"up":{"uv":[39,52],"uv_size":[-1,-1]},"down":{"uv":[39,52],"uv_size":[-1,-1]}}},{"origin":[-2.31538,8.41647,0.07859],"size":[0.44282,0.44282,0.44282],"uv":{"north":{"uv":[39,49],"uv_size":[1,1]},"east":{"uv":[39,49],"uv_size":[1,1]},"south":{"uv":[39,49],"uv_size":[1,1]},"west":{"uv":[39,49],"uv_size":[1,1]},"up":{"uv":[40,50],"uv_size":[-1,-1]},"down":{"uv":[40,50],"uv_size":[-1,-1]}}},{"origin":[-2.31538,7.97365,0.07859],"size":[0.44282,0.44282,0.44282],"uv":{"north":{"uv":[39,50],"uv_size":[1,1]},"east":{"uv":[39,50],"uv_size":[1,1]},"south":{"uv":[39,50],"uv_size":[1,1]},"west":{"uv":[39,50],"uv_size":[1,1]},"up":{"uv":[40,51],"uv_size":[-1,-1]},"down":{"uv":[40,51],"uv_size":[-1,-1]}}},{"origin":[-2.31538,7.53083,0.07859],"size":[0.44282,0.44282,0.44282],"uv":{"north":{"uv":[39,51],"uv_size":[1,1]},"east":{"uv":[39,51],"uv_size":[1,1]},"south":{"uv":[39,51],"uv_size":[1,1]},"west":{"uv":[39,51],"uv_size":[1,1]},"up":{"uv":[40,52],"uv_size":[-1,-1]},"down":{"uv":[40,52],"uv_size":[-1,-1]}}},{"origin":[-1.87256,8.41647,0.07859],"size":[0.44282,0.44282,0.44282],"uv":{"north":{"uv":[40,49],"uv_size":[1,1]},"east":{"uv":[40,49],"uv_size":[1,1]},"south":{"uv":[40,49],"uv_size":[1,1]},"west":{"uv":[40,49],"uv_size":[1,1]},"up":{"uv":[41,50],"uv_size":[-1,-1]},"down":{"uv":[41,50],"uv_size":[-1,-1]}}},{"origin":[-1.87256,7.97365,0.07859],"size":[0.44282,0.44282,0.44282],"uv":{"north":{"uv":[40,50],"uv_size":[1,1]},"east":{"uv":[40,50],"uv_size":[1,1]},"south":{"uv":[40,50],"uv_size":[1,1]},"west":{"uv":[40,50],"uv_size":[1,1]},"up":{"uv":[41,51],"uv_size":[-1,-1]},"down":{"uv":[41,51],"uv_size":[-1,-1]}}},{"origin":[-1.87256,7.53083,0.07859],"size":[0.44282,0.44282,0.44282],"uv":{"north":{"uv":[40,51],"uv_size":[1,1]},"east":{"uv":[40,51],"uv_size":[1,1]},"south":{"uv":[40,51],"uv_size":[1,1]},"west":{"uv":[40,51],"uv_size":[1,1]},"up":{"uv":[41,52],"uv_size":[-1,-1]},"down":{"uv":[41,52],"uv_size":[-1,-1]}}},{"origin":[-1.42974,8.41647,0.07859],"size":[0.44282,0.44282,0.44282],"uv":{"north":{"uv":[41,49],"uv_size":[1,1]},"east":{"uv":[41,49],"uv_size":[1,1]},"south":{"uv":[41,49],"uv_size":[1,1]},"west":{"uv":[41,49],"uv_size":[1,1]},"up":{"uv":[42,50],"uv_size":[-1,-1]},"down":{"uv":[42,50],"uv_size":[-1,-1]}}},{"origin":[-1.42974,7.97365,0.07859],"size":[0.44282,0.44282,0.44282],"uv":{"north":{"uv":[41,50],"uv_size":[1,1]},"east":{"uv":[41,50],"uv_size":[1,1]},"south":{"uv":[41,50],"uv_size":[1,1]},"west":{"uv":[41,50],"uv_size":[1,1]},"up":{"uv":[42,51],"uv_size":[-1,-1]},"down":{"uv":[42,51],"uv_size":[-1,-1]}}},{"origin":[-1.42974,7.53083,0.07859],"size":[0.44282,0.44282,0.44282],"uv":{"north":{"uv":[41,51],"uv_size":[1,1]},"east":{"uv":[41,51],"uv_size":[1,1]},"south":{"uv":[41,51],"uv_size":[1,1]},"west":{"uv":[41,51],"uv_size":[1,1]},"up":{"uv":[42,52],"uv_size":[-1,-1]},"down":{"uv":[42,52],"uv_size":[-1,-1]}}},{"origin":[-0.98693,8.41647,0.07859],"size":[0.44282,0.44282,0.44282],"uv":{"north":{"uv":[42,49],"uv_size":[1,1]},"east":{"uv":[42,49],"uv_size":[1,1]},"south":{"uv":[42,49],"uv_size":[1,1]},"west":{"uv":[42,49],"uv_size":[1,1]},"up":{"uv":[43,50],"uv_size":[-1,-1]},"down":{"uv":[43,50],"uv_size":[-1,-1]}}},{"origin":[-0.98693,7.97365,0.07859],"size":[0.44282,0.44282,0.44282],"uv":{"north":{"uv":[42,50],"uv_size":[1,1]},"east":{"uv":[42,50],"uv_size":[1,1]},"south":{"uv":[42,50],"uv_size":[1,1]},"west":{"uv":[42,50],"uv_size":[1,1]},"up":{"uv":[43,51],"uv_size":[-1,-1]},"down":{"uv":[43,51],"uv_size":[-1,-1]}}},{"origin":[-0.98693,7.53083,-0.14282],"size":[0.44282,0.56782,0.88563],"uv":{"north":{"uv":[42,51],"uv_size":[1,1]},"east":{"uv":[42,51],"uv_size":[1,1]},"south":{"uv":[42,51],"uv_size":[1,1]},"west":{"uv":[42,51],"uv_size":[1,1]},"up":{"uv":[43,52],"uv_size":[-1,-1]},"down":{"uv":[43,52],"uv_size":[-1,-1]}}},{"origin":[-0.54411,7.97365,-0.14282],"size":[0.44282,0.44282,0.88563],"uv":{"north":{"uv":[43,50],"uv_size":[1,1]},"east":{"uv":[43,50],"uv_size":[1,1]},"south":{"uv":[43,50],"uv_size":[1,1]},"west":{"uv":[43,50],"uv_size":[1,1]},"up":{"uv":[44,51],"uv_size":[-1,-1]},"down":{"uv":[44,51],"uv_size":[-1,-1]}}},{"origin":[-0.54411,7.53083,-0.36422],"size":[0.44282,0.44282,1.32845],"uv":{"north":{"uv":[43,51],"uv_size":[1,1]},"east":{"uv":[43,51],"uv_size":[1,1]},"south":{"uv":[43,51],"uv_size":[1,1]},"west":{"uv":[43,51],"uv_size":[1,1]},"up":{"uv":[44,52],"uv_size":[-1,-1]},"down":{"uv":[44,52],"uv_size":[-1,-1]}}},{"origin":[-0.54411,7.08802,-0.36422],"size":[0.44282,0.44282,1.32845],"uv":{"north":{"uv":[43,52],"uv_size":[1,1]},"east":{"uv":[43,52],"uv_size":[1,1]},"south":{"uv":[43,52],"uv_size":[1,1]},"west":{"uv":[43,52],"uv_size":[1,1]},"up":{"uv":[44,53],"uv_size":[-1,-1]},"down":{"uv":[44,53],"uv_size":[-1,-1]}}},{"origin":[-0.56911,6.6452,-0.14282],"size":[0.46782,0.44282,0.88563],"uv":{"north":{"uv":[43,53],"uv_size":[1,1]},"east":{"uv":[43,53],"uv_size":[1,1]},"south":{"uv":[43,53],"uv_size":[1,1]},"west":{"uv":[43,53],"uv_size":[1,1]},"up":{"uv":[44,54],"uv_size":[-1,-1]},"down":{"uv":[44,54],"uv_size":[-1,-1]}}},{"origin":[-0.54411,6.20239,0.07859],"size":[0.44282,0.44282,0.44282],"uv":{"north":{"uv":[43,54],"uv_size":[1,1]},"east":{"uv":[43,54],"uv_size":[1,1]},"south":{"uv":[43,54],"uv_size":[1,1]},"west":{"uv":[43,54],"uv_size":[1,1]},"up":{"uv":[44,55],"uv_size":[-1,-1]},"down":{"uv":[44,55],"uv_size":[-1,-1]}}},{"origin":[-0.1013,8.41647,0.07859],"size":[0.44282,0.44282,0.44282],"uv":{"north":{"uv":[44,49],"uv_size":[1,1]},"east":{"uv":[44,49],"uv_size":[1,1]},"south":{"uv":[44,49],"uv_size":[1,1]},"west":{"uv":[44,49],"uv_size":[1,1]},"up":{"uv":[45,50],"uv_size":[-1,-1]},"down":{"uv":[45,50],"uv_size":[-1,-1]}}},{"origin":[-0.1013,7.97365,-0.14282],"size":[0.56782,0.44282,0.88563],"uv":{"north":{"uv":[44,50],"uv_size":[1,1]},"east":{"uv":[44,50],"uv_size":[1,1]},"south":{"uv":[44,50],"uv_size":[1,1]},"west":{"uv":[44,50],"uv_size":[1,1]},"up":{"uv":[45,51],"uv_size":[-1,-1]},"down":{"uv":[45,51],"uv_size":[-1,-1]}}},{"origin":[-0.1013,7.53083,-0.36422],"size":[0.44282,0.44282,1.32845],"uv":{"north":{"uv":[44,51],"uv_size":[1,1]},"east":{"uv":[44,51],"uv_size":[1,1]},"south":{"uv":[44,51],"uv_size":[1,1]},"west":{"uv":[44,51],"uv_size":[1,1]},"up":{"uv":[45,52],"uv_size":[-1,-1]},"down":{"uv":[45,52],"uv_size":[-1,-1]}}},{"origin":[-0.1013,7.08802,-0.36422],"size":[0.44282,0.44282,1.32845],"uv":{"north":{"uv":[44,52],"uv_size":[1,1]},"east":{"uv":[44,52],"uv_size":[1,1]},"south":{"uv":[44,52],"uv_size":[1,1]},"west":{"uv":[44,52],"uv_size":[1,1]},"up":{"uv":[45,53],"uv_size":[-1,-1]},"down":{"uv":[45,53],"uv_size":[-1,-1]}}},{"origin":[-0.1013,6.6452,-0.14282],"size":[0.56782,0.44282,0.88563],"uv":{"north":{"uv":[44,53],"uv_size":[1,1]},"east":{"uv":[44,53],"uv_size":[1,1]},"south":{"uv":[44,53],"uv_size":[1,1]},"west":{"uv":[44,53],"uv_size":[1,1]},"up":{"uv":[45,54],"uv_size":[-1,-1]},"down":{"uv":[45,54],"uv_size":[-1,-1]}}},{"origin":[-0.1013,6.20239,0.07859],"size":[0.44282,0.44282,0.44282],"uv":{"north":{"uv":[44,54],"uv_size":[1,1]},"east":{"uv":[44,54],"uv_size":[1,1]},"south":{"uv":[44,54],"uv_size":[1,1]},"west":{"uv":[44,54],"uv_size":[1,1]},"up":{"uv":[45,55],"uv_size":[-1,-1]},"down":{"uv":[45,55],"uv_size":[-1,-1]}}},{"origin":[-0.1013,5.75957,0.07859],"size":[0.44282,0.44282,0.44282],"uv":{"north":{"uv":[44,55],"uv_size":[1,1]},"east":{"uv":[44,55],"uv_size":[1,1]},"south":{"uv":[44,55],"uv_size":[1,1]},"west":{"uv":[44,55],"uv_size":[1,1]},"up":{"uv":[45,56],"uv_size":[-1,-1]},"down":{"uv":[45,56],"uv_size":[-1,-1]}}},{"origin":[-0.1013,5.31675,0.07859],"size":[0.44282,0.44282,0.44282],"uv":{"north":{"uv":[44,56],"uv_size":[1,1]},"east":{"uv":[44,56],"uv_size":[1,1]},"south":{"uv":[44,56],"uv_size":[1,1]},"west":{"uv":[44,56],"uv_size":[1,1]},"up":{"uv":[45,57],"uv_size":[-1,-1]},"down":{"uv":[45,57],"uv_size":[-1,-1]}}},{"origin":[-0.1013,4.87394,0.07859],"size":[0.44282,0.44282,0.44282],"uv":{"north":{"uv":[44,57],"uv_size":[1,1]},"east":{"uv":[44,57],"uv_size":[1,1]},"south":{"uv":[44,57],"uv_size":[1,1]},"west":{"uv":[44,57],"uv_size":[1,1]},"up":{"uv":[45,58],"uv_size":[-1,-1]},"down":{"uv":[45,58],"uv_size":[-1,-1]}}},{"origin":[0.34152,8.41647,0.07859],"size":[0.44282,0.44282,0.44282],"uv":{"north":{"uv":[45,49],"uv_size":[1,1]},"east":{"uv":[45,49],"uv_size":[1,1]},"south":{"uv":[45,49],"uv_size":[1,1]},"west":{"uv":[45,49],"uv_size":[1,1]},"up":{"uv":[46,50],"uv_size":[-1,-1]},"down":{"uv":[46,50],"uv_size":[-1,-1]}}},{"origin":[0.34152,7.97365,0.07859],"size":[0.44282,0.44282,0.44282],"uv":{"north":{"uv":[45,50],"uv_size":[1,1]},"east":{"uv":[45,50],"uv_size":[1,1]},"south":{"uv":[45,50],"uv_size":[1,1]},"west":{"uv":[45,50],"uv_size":[1,1]},"up":{"uv":[46,51],"uv_size":[-1,-1]},"down":{"uv":[46,51],"uv_size":[-1,-1]}}},{"origin":[0.34152,7.53083,-0.14282],"size":[0.44282,0.56782,0.88563],"uv":{"north":{"uv":[45,51],"uv_size":[1,1]},"east":{"uv":[45,51],"uv_size":[1,1]},"south":{"uv":[45,51],"uv_size":[1,1]},"west":{"uv":[45,51],"uv_size":[1,1]},"up":{"uv":[46,52],"uv_size":[-1,-1]},"down":{"uv":[46,52],"uv_size":[-1,-1]}}},{"origin":[0.34152,7.08802,-0.14282],"size":[0.44282,0.44282,0.88563],"uv":{"north":{"uv":[45,52],"uv_size":[1,1]},"east":{"uv":[45,52],"uv_size":[1,1]},"south":{"uv":[45,52],"uv_size":[1,1]},"west":{"uv":[45,52],"uv_size":[1,1]},"up":{"uv":[46,53],"uv_size":[-1,-1]},"down":{"uv":[46,53],"uv_size":[-1,-1]}}},{"origin":[0.34152,6.6452,0.07859],"size":[0.44282,0.44282,0.44282],"uv":{"north":{"uv":[45,53],"uv_size":[1,1]},"east":{"uv":[45,53],"uv_size":[1,1]},"south":{"uv":[45,53],"uv_size":[1,1]},"west":{"uv":[45,53],"uv_size":[1,1]},"up":{"uv":[46,54],"uv_size":[-1,-1]},"down":{"uv":[46,54],"uv_size":[-1,-1]}}},{"origin":[0.34152,6.20239,0.07859],"size":[0.44282,0.44282,0.44282],"uv":{"north":{"uv":[45,54],"uv_size":[1,1]},"east":{"uv":[45,54],"uv_size":[1,1]},"south":{"uv":[45,54],"uv_size":[1,1]},"west":{"uv":[45,54],"uv_size":[1,1]},"up":{"uv":[46,55],"uv_size":[-1,-1]},"down":{"uv":[46,55],"uv_size":[-1,-1]}}},{"origin":[0.34152,5.75957,0.07859],"size":[0.44282,0.44282,0.44282],"uv":{"north":{"uv":[45,55],"uv_size":[1,1]},"east":{"uv":[45,55],"uv_size":[1,1]},"south":{"uv":[45,55],"uv_size":[1,1]},"west":{"uv":[45,55],"uv_size":[1,1]},"up":{"uv":[46,56],"uv_size":[-1,-1]},"down":{"uv":[46,56],"uv_size":[-1,-1]}}},{"origin":[0.34152,5.31675,0.07859],"size":[0.44282,0.44282,0.44282],"uv":{"north":{"uv":[45,56],"uv_size":[1,1]},"east":{"uv":[45,56],"uv_size":[1,1]},"south":{"uv":[45,56],"uv_size":[1,1]},"west":{"uv":[45,56],"uv_size":[1,1]},"up":{"uv":[46,57],"uv_size":[-1,-1]},"down":{"uv":[46,57],"uv_size":[-1,-1]}}},{"origin":[0.34152,4.87394,0.07859],"size":[0.44282,0.44282,0.44282],"uv":{"north":{"uv":[45,57],"uv_size":[1,1]},"east":{"uv":[45,57],"uv_size":[1,1]},"south":{"uv":[45,57],"uv_size":[1,1]},"west":{"uv":[45,57],"uv_size":[1,1]},"up":{"uv":[46,58],"uv_size":[-1,-1]},"down":{"uv":[46,58],"uv_size":[-1,-1]}}},{"origin":[0.34152,4.43112,0.07859],"size":[0.44282,0.44282,0.44282],"uv":{"north":{"uv":[45,58],"uv_size":[1,1]},"east":{"uv":[45,58],"uv_size":[1,1]},"south":{"uv":[45,58],"uv_size":[1,1]},"west":{"uv":[45,58],"uv_size":[1,1]},"up":{"uv":[46,59],"uv_size":[-1,-1]},"down":{"uv":[46,59],"uv_size":[-1,-1]}}},{"origin":[0.78434,8.41647,0.07859],"size":[0.44282,0.44282,0.44282],"uv":{"north":{"uv":[46,49],"uv_size":[1,1]},"east":{"uv":[46,49],"uv_size":[1,1]},"south":{"uv":[46,49],"uv_size":[1,1]},"west":{"uv":[46,49],"uv_size":[1,1]},"up":{"uv":[47,50],"uv_size":[-1,-1]},"down":{"uv":[47,50],"uv_size":[-1,-1]}}},{"origin":[0.78434,7.97365,0.07859],"size":[0.44282,0.44282,0.44282],"uv":{"north":{"uv":[46,50],"uv_size":[1,1]},"east":{"uv":[46,50],"uv_size":[1,1]},"south":{"uv":[46,50],"uv_size":[1,1]},"west":{"uv":[46,50],"uv_size":[1,1]},"up":{"uv":[47,51],"uv_size":[-1,-1]},"down":{"uv":[47,51],"uv_size":[-1,-1]}}},{"origin":[0.78434,7.53083,0.07859],"size":[0.44282,0.44282,0.44282],"uv":{"north":{"uv":[46,51],"uv_size":[1,1]},"east":{"uv":[46,51],"uv_size":[1,1]},"south":{"uv":[46,51],"uv_size":[1,1]},"west":{"uv":[46,51],"uv_size":[1,1]},"up":{"uv":[47,52],"uv_size":[-1,-1]},"down":{"uv":[47,52],"uv_size":[-1,-1]}}},{"origin":[0.78434,6.6452,0.07859],"size":[0.44282,0.44282,0.44282],"uv":{"north":{"uv":[46,53],"uv_size":[1,1]},"east":{"uv":[46,53],"uv_size":[1,1]},"south":{"uv":[46,53],"uv_size":[1,1]},"west":{"uv":[46,53],"uv_size":[1,1]},"up":{"uv":[47,54],"uv_size":[-1,-1]},"down":{"uv":[47,54],"uv_size":[-1,-1]}}},{"origin":[0.78434,6.20239,0.07859],"size":[0.44282,0.44282,0.44282],"uv":{"north":{"uv":[46,54],"uv_size":[1,1]},"east":{"uv":[46,54],"uv_size":[1,1]},"south":{"uv":[46,54],"uv_size":[1,1]},"west":{"uv":[46,54],"uv_size":[1,1]},"up":{"uv":[47,55],"uv_size":[-1,-1]},"down":{"uv":[47,55],"uv_size":[-1,-1]}}},{"origin":[0.78434,5.75957,0.07859],"size":[0.44282,0.44282,0.44282],"uv":{"north":{"uv":[46,55],"uv_size":[1,1]},"east":{"uv":[46,55],"uv_size":[1,1]},"south":{"uv":[46,55],"uv_size":[1,1]},"west":{"uv":[46,55],"uv_size":[1,1]},"up":{"uv":[47,56],"uv_size":[-1,-1]},"down":{"uv":[47,56],"uv_size":[-1,-1]}}},{"origin":[0.78434,5.31675,0.07859],"size":[0.44282,0.44282,0.44282],"uv":{"north":{"uv":[46,56],"uv_size":[1,1]},"east":{"uv":[46,56],"uv_size":[1,1]},"south":{"uv":[46,56],"uv_size":[1,1]},"west":{"uv":[46,56],"uv_size":[1,1]},"up":{"uv":[47,57],"uv_size":[-1,-1]},"down":{"uv":[47,57],"uv_size":[-1,-1]}}},{"origin":[0.78434,4.87394,0.07859],"size":[0.44282,0.44282,0.44282],"uv":{"north":{"uv":[46,57],"uv_size":[1,1]},"east":{"uv":[46,57],"uv_size":[1,1]},"south":{"uv":[46,57],"uv_size":[1,1]},"west":{"uv":[46,57],"uv_size":[1,1]},"up":{"uv":[47,58],"uv_size":[-1,-1]},"down":{"uv":[47,58],"uv_size":[-1,-1]}}},{"origin":[0.78434,4.43112,0.07859],"size":[0.44282,0.44282,0.44282],"uv":{"north":{"uv":[46,58],"uv_size":[1,1]},"east":{"uv":[46,58],"uv_size":[1,1]},"south":{"uv":[46,58],"uv_size":[1,1]},"west":{"uv":[46,58],"uv_size":[1,1]},"up":{"uv":[47,59],"uv_size":[-1,-1]},"down":{"uv":[47,59],"uv_size":[-1,-1]}}},{"origin":[-0.98693,7.06302,-0.14282],"size":[0.44282,0.46782,0.88563],"uv":{"north":{"uv":[42,52],"uv_size":[1,1]},"east":{"uv":[42,52],"uv_size":[1,1]},"south":{"uv":[42,52],"uv_size":[1,1]},"west":{"uv":[42,52],"uv_size":[1,1]},"up":{"uv":[43,53],"uv_size":[-1,-1]},"down":{"uv":[43,53],"uv_size":[-1,-1]}}},{"origin":[-1.42974,7.08802,0.07859],"size":[0.44282,0.44282,0.44282],"uv":{"north":{"uv":[41,52],"uv_size":[1,1]},"east":{"uv":[41,52],"uv_size":[1,1]},"south":{"uv":[41,52],"uv_size":[1,1]},"west":{"uv":[41,52],"uv_size":[1,1]},"up":{"uv":[42,53],"uv_size":[-1,-1]},"down":{"uv":[42,53],"uv_size":[-1,-1]}}},{"origin":[-0.98693,6.6452,0.07859],"size":[0.44282,0.44282,0.44282],"uv":{"north":{"uv":[42,53],"uv_size":[1,1]},"east":{"uv":[42,53],"uv_size":[1,1]},"south":{"uv":[42,53],"uv_size":[1,1]},"west":{"uv":[42,53],"uv_size":[1,1]},"up":{"uv":[43,54],"uv_size":[-1,-1]},"down":{"uv":[43,54],"uv_size":[-1,-1]}}},{"origin":[-0.98693,5.75957,0.07859],"size":[0.44282,0.44282,0.44282],"uv":{"north":{"uv":[42,55],"uv_size":[1,1]},"east":{"uv":[42,55],"uv_size":[1,1]},"south":{"uv":[42,55],"uv_size":[1,1]},"west":{"uv":[42,55],"uv_size":[1,1]},"up":{"uv":[43,56],"uv_size":[-1,-1]},"down":{"uv":[43,56],"uv_size":[-1,-1]}}},{"origin":[-1.42974,6.20239,0.07859],"size":[0.44282,0.44282,0.44282],"uv":{"north":{"uv":[41,54],"uv_size":[1,1]},"east":{"uv":[41,54],"uv_size":[1,1]},"south":{"uv":[41,54],"uv_size":[1,1]},"west":{"uv":[41,54],"uv_size":[1,1]},"up":{"uv":[42,55],"uv_size":[-1,-1]},"down":{"uv":[42,55],"uv_size":[-1,-1]}}},{"origin":[-1.87256,6.6452,0.07859],"size":[0.44282,0.44282,0.44282],"uv":{"north":{"uv":[40,53],"uv_size":[1,1]},"east":{"uv":[40,53],"uv_size":[1,1]},"south":{"uv":[40,53],"uv_size":[1,1]},"west":{"uv":[40,53],"uv_size":[1,1]},"up":{"uv":[41,54],"uv_size":[-1,-1]},"down":{"uv":[41,54],"uv_size":[-1,-1]}}},{"origin":[-1.42974,6.6452,0.01347],"size":[0.44282,0.44282,0.57306],"uv":{"north":{"uv":[41,53],"uv_size":[1,1]},"east":{"uv":[41,53],"uv_size":[1,1]},"south":{"uv":[41,53],"uv_size":[1,1]},"west":{"uv":[41,53],"uv_size":[1,1]},"up":{"uv":[42,54],"uv_size":[-1,-1]},"down":{"uv":[42,54],"uv_size":[-1,-1]}}},{"origin":[-0.98693,6.20239,0.01347],"size":[0.44282,0.44282,0.57306],"uv":{"north":{"uv":[42,54],"uv_size":[1,1]},"east":{"uv":[42,54],"uv_size":[1,1]},"south":{"uv":[42,54],"uv_size":[1,1]},"west":{"uv":[42,54],"uv_size":[1,1]},"up":{"uv":[43,55],"uv_size":[-1,-1]},"down":{"uv":[43,55],"uv_size":[-1,-1]}}}]},{"name":"top3","parent":"actualtop","pivot":[-0.42959,7.20254,-0.3],"rotation":[0,0,-45],"cubes":[{"origin":[-3.20101,8.41647,-0.52141],"size":[0.44282,0.44282,0.44282],"uv":{"north":{"uv":[37,49],"uv_size":[1,1]},"east":{"uv":[37,49],"uv_size":[1,1]},"south":{"uv":[37,49],"uv_size":[1,1]},"west":{"uv":[37,49],"uv_size":[1,1]},"up":{"uv":[38,50],"uv_size":[-1,-1]},"down":{"uv":[38,50],"uv_size":[-1,-1]}}},{"origin":[-3.20101,7.97365,-0.52141],"size":[0.44282,0.44282,0.44282],"uv":{"north":{"uv":[37,50],"uv_size":[1,1]},"east":{"uv":[37,50],"uv_size":[1,1]},"south":{"uv":[37,50],"uv_size":[1,1]},"west":{"uv":[37,50],"uv_size":[1,1]},"up":{"uv":[38,51],"uv_size":[-1,-1]},"down":{"uv":[38,51],"uv_size":[-1,-1]}}},{"origin":[-2.75819,8.41647,-0.52141],"size":[0.44282,0.44282,0.44282],"uv":{"north":{"uv":[38,49],"uv_size":[1,1]},"east":{"uv":[38,49],"uv_size":[1,1]},"south":{"uv":[38,49],"uv_size":[1,1]},"west":{"uv":[38,49],"uv_size":[1,1]},"up":{"uv":[39,50],"uv_size":[-1,-1]},"down":{"uv":[39,50],"uv_size":[-1,-1]}}},{"origin":[-2.75819,7.97365,-0.52141],"size":[0.44282,0.44282,0.44282],"uv":{"north":{"uv":[38,50],"uv_size":[1,1]},"east":{"uv":[38,50],"uv_size":[1,1]},"south":{"uv":[38,50],"uv_size":[1,1]},"west":{"uv":[38,50],"uv_size":[1,1]},"up":{"uv":[39,51],"uv_size":[-1,-1]},"down":{"uv":[39,51],"uv_size":[-1,-1]}}},{"origin":[-2.75819,7.53083,-0.52141],"size":[0.44282,0.44282,0.44282],"uv":{"north":{"uv":[38,51],"uv_size":[1,1]},"east":{"uv":[38,51],"uv_size":[1,1]},"south":{"uv":[38,51],"uv_size":[1,1]},"west":{"uv":[38,51],"uv_size":[1,1]},"up":{"uv":[39,52],"uv_size":[-1,-1]},"down":{"uv":[39,52],"uv_size":[-1,-1]}}},{"origin":[-2.31538,8.41647,-0.52141],"size":[0.44282,0.44282,0.44282],"uv":{"north":{"uv":[39,49],"uv_size":[1,1]},"east":{"uv":[39,49],"uv_size":[1,1]},"south":{"uv":[39,49],"uv_size":[1,1]},"west":{"uv":[39,49],"uv_size":[1,1]},"up":{"uv":[40,50],"uv_size":[-1,-1]},"down":{"uv":[40,50],"uv_size":[-1,-1]}}},{"origin":[-2.31538,7.97365,-0.52141],"size":[0.44282,0.44282,0.44282],"uv":{"north":{"uv":[39,50],"uv_size":[1,1]},"east":{"uv":[39,50],"uv_size":[1,1]},"south":{"uv":[39,50],"uv_size":[1,1]},"west":{"uv":[39,50],"uv_size":[1,1]},"up":{"uv":[40,51],"uv_size":[-1,-1]},"down":{"uv":[40,51],"uv_size":[-1,-1]}}},{"origin":[-2.31538,7.53083,-0.52141],"size":[0.44282,0.44282,0.44282],"uv":{"north":{"uv":[39,51],"uv_size":[1,1]},"east":{"uv":[39,51],"uv_size":[1,1]},"south":{"uv":[39,51],"uv_size":[1,1]},"west":{"uv":[39,51],"uv_size":[1,1]},"up":{"uv":[40,52],"uv_size":[-1,-1]},"down":{"uv":[40,52],"uv_size":[-1,-1]}}},{"origin":[-1.87256,8.41647,-0.52141],"size":[0.44282,0.44282,0.44282],"uv":{"north":{"uv":[40,49],"uv_size":[1,1]},"east":{"uv":[40,49],"uv_size":[1,1]},"south":{"uv":[40,49],"uv_size":[1,1]},"west":{"uv":[40,49],"uv_size":[1,1]},"up":{"uv":[41,50],"uv_size":[-1,-1]},"down":{"uv":[41,50],"uv_size":[-1,-1]}}},{"origin":[-1.87256,7.97365,-0.52141],"size":[0.44282,0.44282,0.44282],"uv":{"north":{"uv":[40,50],"uv_size":[1,1]},"east":{"uv":[40,50],"uv_size":[1,1]},"south":{"uv":[40,50],"uv_size":[1,1]},"west":{"uv":[40,50],"uv_size":[1,1]},"up":{"uv":[41,51],"uv_size":[-1,-1]},"down":{"uv":[41,51],"uv_size":[-1,-1]}}},{"origin":[-1.87256,7.53083,-0.52141],"size":[0.44282,0.44282,0.44282],"uv":{"north":{"uv":[40,51],"uv_size":[1,1]},"east":{"uv":[40,51],"uv_size":[1,1]},"south":{"uv":[40,51],"uv_size":[1,1]},"west":{"uv":[40,51],"uv_size":[1,1]},"up":{"uv":[41,52],"uv_size":[-1,-1]},"down":{"uv":[41,52],"uv_size":[-1,-1]}}},{"origin":[-1.42974,8.41647,-0.52141],"size":[0.44282,0.44282,0.44282],"uv":{"north":{"uv":[41,49],"uv_size":[1,1]},"east":{"uv":[41,49],"uv_size":[1,1]},"south":{"uv":[41,49],"uv_size":[1,1]},"west":{"uv":[41,49],"uv_size":[1,1]},"up":{"uv":[42,50],"uv_size":[-1,-1]},"down":{"uv":[42,50],"uv_size":[-1,-1]}}},{"origin":[-1.42974,7.97365,-0.52141],"size":[0.44282,0.44282,0.44282],"uv":{"north":{"uv":[41,50],"uv_size":[1,1]},"east":{"uv":[41,50],"uv_size":[1,1]},"south":{"uv":[41,50],"uv_size":[1,1]},"west":{"uv":[41,50],"uv_size":[1,1]},"up":{"uv":[42,51],"uv_size":[-1,-1]},"down":{"uv":[42,51],"uv_size":[-1,-1]}}},{"origin":[-1.42974,7.53083,-0.52141],"size":[0.44282,0.44282,0.44282],"uv":{"north":{"uv":[41,51],"uv_size":[1,1]},"east":{"uv":[41,51],"uv_size":[1,1]},"south":{"uv":[41,51],"uv_size":[1,1]},"west":{"uv":[41,51],"uv_size":[1,1]},"up":{"uv":[42,52],"uv_size":[-1,-1]},"down":{"uv":[42,52],"uv_size":[-1,-1]}}},{"origin":[-0.98693,8.41647,-0.52141],"size":[0.44282,0.44282,0.44282],"uv":{"north":{"uv":[42,49],"uv_size":[1,1]},"east":{"uv":[42,49],"uv_size":[1,1]},"south":{"uv":[42,49],"uv_size":[1,1]},"west":{"uv":[42,49],"uv_size":[1,1]},"up":{"uv":[43,50],"uv_size":[-1,-1]},"down":{"uv":[43,50],"uv_size":[-1,-1]}}},{"origin":[-0.98693,7.97365,-0.52141],"size":[0.44282,0.44282,0.44282],"uv":{"north":{"uv":[42,50],"uv_size":[1,1]},"east":{"uv":[42,50],"uv_size":[1,1]},"south":{"uv":[42,50],"uv_size":[1,1]},"west":{"uv":[42,50],"uv_size":[1,1]},"up":{"uv":[43,51],"uv_size":[-1,-1]},"down":{"uv":[43,51],"uv_size":[-1,-1]}}},{"origin":[-0.98693,7.53083,-0.74282],"size":[0.44282,0.56782,0.88563],"uv":{"north":{"uv":[42,51],"uv_size":[1,1]},"east":{"uv":[42,51],"uv_size":[1,1]},"south":{"uv":[42,51],"uv_size":[1,1]},"west":{"uv":[42,51],"uv_size":[1,1]},"up":{"uv":[43,52],"uv_size":[-1,-1]},"down":{"uv":[43,52],"uv_size":[-1,-1]}}},{"origin":[-0.54411,7.97365,-0.74282],"size":[0.44282,0.44282,0.88563],"uv":{"north":{"uv":[43,50],"uv_size":[1,1]},"east":{"uv":[43,50],"uv_size":[1,1]},"south":{"uv":[43,50],"uv_size":[1,1]},"west":{"uv":[43,50],"uv_size":[1,1]},"up":{"uv":[44,51],"uv_size":[-1,-1]},"down":{"uv":[44,51],"uv_size":[-1,-1]}}},{"origin":[-0.54411,7.53083,-0.96422],"size":[0.44282,0.44282,1.32845],"uv":{"north":{"uv":[43,51],"uv_size":[1,1]},"east":{"uv":[43,51],"uv_size":[1,1]},"south":{"uv":[43,51],"uv_size":[1,1]},"west":{"uv":[43,51],"uv_size":[1,1]},"up":{"uv":[44,52],"uv_size":[-1,-1]},"down":{"uv":[44,52],"uv_size":[-1,-1]}}},{"origin":[-0.54411,7.08802,-0.96422],"size":[0.44282,0.44282,1.32845],"uv":{"north":{"uv":[43,52],"uv_size":[1,1]},"east":{"uv":[43,52],"uv_size":[1,1]},"south":{"uv":[43,52],"uv_size":[1,1]},"west":{"uv":[43,52],"uv_size":[1,1]},"up":{"uv":[44,53],"uv_size":[-1,-1]},"down":{"uv":[44,53],"uv_size":[-1,-1]}}},{"origin":[-0.56911,6.6452,-0.74282],"size":[0.46782,0.44282,0.88563],"uv":{"north":{"uv":[43,53],"uv_size":[1,1]},"east":{"uv":[43,53],"uv_size":[1,1]},"south":{"uv":[43,53],"uv_size":[1,1]},"west":{"uv":[43,53],"uv_size":[1,1]},"up":{"uv":[44,54],"uv_size":[-1,-1]},"down":{"uv":[44,54],"uv_size":[-1,-1]}}},{"origin":[-0.54411,6.20239,-0.52141],"size":[0.44282,0.44282,0.44282],"uv":{"north":{"uv":[43,54],"uv_size":[1,1]},"east":{"uv":[43,54],"uv_size":[1,1]},"south":{"uv":[43,54],"uv_size":[1,1]},"west":{"uv":[43,54],"uv_size":[1,1]},"up":{"uv":[44,55],"uv_size":[-1,-1]},"down":{"uv":[44,55],"uv_size":[-1,-1]}}},{"origin":[-0.1013,8.41647,-0.52141],"size":[0.44282,0.44282,0.44282],"uv":{"north":{"uv":[44,49],"uv_size":[1,1]},"east":{"uv":[44,49],"uv_size":[1,1]},"south":{"uv":[44,49],"uv_size":[1,1]},"west":{"uv":[44,49],"uv_size":[1,1]},"up":{"uv":[45,50],"uv_size":[-1,-1]},"down":{"uv":[45,50],"uv_size":[-1,-1]}}},{"origin":[-0.1013,7.97365,-0.74282],"size":[0.56782,0.44282,0.88563],"uv":{"north":{"uv":[44,50],"uv_size":[1,1]},"east":{"uv":[44,50],"uv_size":[1,1]},"south":{"uv":[44,50],"uv_size":[1,1]},"west":{"uv":[44,50],"uv_size":[1,1]},"up":{"uv":[45,51],"uv_size":[-1,-1]},"down":{"uv":[45,51],"uv_size":[-1,-1]}}},{"origin":[-0.1013,7.53083,-0.96422],"size":[0.44282,0.44282,1.32845],"uv":{"north":{"uv":[44,51],"uv_size":[1,1]},"east":{"uv":[44,51],"uv_size":[1,1]},"south":{"uv":[44,51],"uv_size":[1,1]},"west":{"uv":[44,51],"uv_size":[1,1]},"up":{"uv":[45,52],"uv_size":[-1,-1]},"down":{"uv":[45,52],"uv_size":[-1,-1]}}},{"origin":[-0.1013,7.08802,-0.96422],"size":[0.44282,0.44282,1.32845],"uv":{"north":{"uv":[44,52],"uv_size":[1,1]},"east":{"uv":[44,52],"uv_size":[1,1]},"south":{"uv":[44,52],"uv_size":[1,1]},"west":{"uv":[44,52],"uv_size":[1,1]},"up":{"uv":[45,53],"uv_size":[-1,-1]},"down":{"uv":[45,53],"uv_size":[-1,-1]}}},{"origin":[-0.1013,6.6452,-0.74282],"size":[0.56782,0.44282,0.88563],"uv":{"north":{"uv":[44,53],"uv_size":[1,1]},"east":{"uv":[44,53],"uv_size":[1,1]},"south":{"uv":[44,53],"uv_size":[1,1]},"west":{"uv":[44,53],"uv_size":[1,1]},"up":{"uv":[45,54],"uv_size":[-1,-1]},"down":{"uv":[45,54],"uv_size":[-1,-1]}}},{"origin":[-0.1013,6.20239,-0.52141],"size":[0.44282,0.44282,0.44282],"uv":{"north":{"uv":[44,54],"uv_size":[1,1]},"east":{"uv":[44,54],"uv_size":[1,1]},"south":{"uv":[44,54],"uv_size":[1,1]},"west":{"uv":[44,54],"uv_size":[1,1]},"up":{"uv":[45,55],"uv_size":[-1,-1]},"down":{"uv":[45,55],"uv_size":[-1,-1]}}},{"origin":[-0.1013,5.75957,-0.52141],"size":[0.44282,0.44282,0.44282],"uv":{"north":{"uv":[44,55],"uv_size":[1,1]},"east":{"uv":[44,55],"uv_size":[1,1]},"south":{"uv":[44,55],"uv_size":[1,1]},"west":{"uv":[44,55],"uv_size":[1,1]},"up":{"uv":[45,56],"uv_size":[-1,-1]},"down":{"uv":[45,56],"uv_size":[-1,-1]}}},{"origin":[-0.1013,5.31675,-0.52141],"size":[0.44282,0.44282,0.44282],"uv":{"north":{"uv":[44,56],"uv_size":[1,1]},"east":{"uv":[44,56],"uv_size":[1,1]},"south":{"uv":[44,56],"uv_size":[1,1]},"west":{"uv":[44,56],"uv_size":[1,1]},"up":{"uv":[45,57],"uv_size":[-1,-1]},"down":{"uv":[45,57],"uv_size":[-1,-1]}}},{"origin":[-0.1013,4.87394,-0.52141],"size":[0.44282,0.44282,0.44282],"uv":{"north":{"uv":[44,57],"uv_size":[1,1]},"east":{"uv":[44,57],"uv_size":[1,1]},"south":{"uv":[44,57],"uv_size":[1,1]},"west":{"uv":[44,57],"uv_size":[1,1]},"up":{"uv":[45,58],"uv_size":[-1,-1]},"down":{"uv":[45,58],"uv_size":[-1,-1]}}},{"origin":[0.34152,8.41647,-0.52141],"size":[0.44282,0.44282,0.44282],"uv":{"north":{"uv":[45,49],"uv_size":[1,1]},"east":{"uv":[45,49],"uv_size":[1,1]},"south":{"uv":[45,49],"uv_size":[1,1]},"west":{"uv":[45,49],"uv_size":[1,1]},"up":{"uv":[46,50],"uv_size":[-1,-1]},"down":{"uv":[46,50],"uv_size":[-1,-1]}}},{"origin":[0.34152,7.97365,-0.52141],"size":[0.44282,0.44282,0.44282],"uv":{"north":{"uv":[45,50],"uv_size":[1,1]},"east":{"uv":[45,50],"uv_size":[1,1]},"south":{"uv":[45,50],"uv_size":[1,1]},"west":{"uv":[45,50],"uv_size":[1,1]},"up":{"uv":[46,51],"uv_size":[-1,-1]},"down":{"uv":[46,51],"uv_size":[-1,-1]}}},{"origin":[0.34152,7.53083,-0.74282],"size":[0.44282,0.56782,0.88563],"uv":{"north":{"uv":[45,51],"uv_size":[1,1]},"east":{"uv":[45,51],"uv_size":[1,1]},"south":{"uv":[45,51],"uv_size":[1,1]},"west":{"uv":[45,51],"uv_size":[1,1]},"up":{"uv":[46,52],"uv_size":[-1,-1]},"down":{"uv":[46,52],"uv_size":[-1,-1]}}},{"origin":[0.34152,7.08802,-0.74282],"size":[0.44282,0.44282,0.88563],"uv":{"north":{"uv":[45,52],"uv_size":[1,1]},"east":{"uv":[45,52],"uv_size":[1,1]},"south":{"uv":[45,52],"uv_size":[1,1]},"west":{"uv":[45,52],"uv_size":[1,1]},"up":{"uv":[46,53],"uv_size":[-1,-1]},"down":{"uv":[46,53],"uv_size":[-1,-1]}}},{"origin":[0.34152,6.6452,-0.52141],"size":[0.44282,0.44282,0.44282],"uv":{"north":{"uv":[45,53],"uv_size":[1,1]},"east":{"uv":[45,53],"uv_size":[1,1]},"south":{"uv":[45,53],"uv_size":[1,1]},"west":{"uv":[45,53],"uv_size":[1,1]},"up":{"uv":[46,54],"uv_size":[-1,-1]},"down":{"uv":[46,54],"uv_size":[-1,-1]}}},{"origin":[0.34152,6.20239,-0.52141],"size":[0.44282,0.44282,0.44282],"uv":{"north":{"uv":[45,54],"uv_size":[1,1]},"east":{"uv":[45,54],"uv_size":[1,1]},"south":{"uv":[45,54],"uv_size":[1,1]},"west":{"uv":[45,54],"uv_size":[1,1]},"up":{"uv":[46,55],"uv_size":[-1,-1]},"down":{"uv":[46,55],"uv_size":[-1,-1]}}},{"origin":[0.34152,5.75957,-0.52141],"size":[0.44282,0.44282,0.44282],"uv":{"north":{"uv":[45,55],"uv_size":[1,1]},"east":{"uv":[45,55],"uv_size":[1,1]},"south":{"uv":[45,55],"uv_size":[1,1]},"west":{"uv":[45,55],"uv_size":[1,1]},"up":{"uv":[46,56],"uv_size":[-1,-1]},"down":{"uv":[46,56],"uv_size":[-1,-1]}}},{"origin":[0.34152,5.31675,-0.52141],"size":[0.44282,0.44282,0.44282],"uv":{"north":{"uv":[45,56],"uv_size":[1,1]},"east":{"uv":[45,56],"uv_size":[1,1]},"south":{"uv":[45,56],"uv_size":[1,1]},"west":{"uv":[45,56],"uv_size":[1,1]},"up":{"uv":[46,57],"uv_size":[-1,-1]},"down":{"uv":[46,57],"uv_size":[-1,-1]}}},{"origin":[0.34152,4.87394,-0.52141],"size":[0.44282,0.44282,0.44282],"uv":{"north":{"uv":[45,57],"uv_size":[1,1]},"east":{"uv":[45,57],"uv_size":[1,1]},"south":{"uv":[45,57],"uv_size":[1,1]},"west":{"uv":[45,57],"uv_size":[1,1]},"up":{"uv":[46,58],"uv_size":[-1,-1]},"down":{"uv":[46,58],"uv_size":[-1,-1]}}},{"origin":[0.34152,4.43112,-0.52141],"size":[0.44282,0.44282,0.44282],"uv":{"north":{"uv":[45,58],"uv_size":[1,1]},"east":{"uv":[45,58],"uv_size":[1,1]},"south":{"uv":[45,58],"uv_size":[1,1]},"west":{"uv":[45,58],"uv_size":[1,1]},"up":{"uv":[46,59],"uv_size":[-1,-1]},"down":{"uv":[46,59],"uv_size":[-1,-1]}}},{"origin":[0.78434,8.41647,-0.52141],"size":[0.44282,0.44282,0.44282],"uv":{"north":{"uv":[46,49],"uv_size":[1,1]},"east":{"uv":[46,49],"uv_size":[1,1]},"south":{"uv":[46,49],"uv_size":[1,1]},"west":{"uv":[46,49],"uv_size":[1,1]},"up":{"uv":[47,50],"uv_size":[-1,-1]},"down":{"uv":[47,50],"uv_size":[-1,-1]}}},{"origin":[0.78434,7.97365,-0.52141],"size":[0.44282,0.44282,0.44282],"uv":{"north":{"uv":[46,50],"uv_size":[1,1]},"east":{"uv":[46,50],"uv_size":[1,1]},"south":{"uv":[46,50],"uv_size":[1,1]},"west":{"uv":[46,50],"uv_size":[1,1]},"up":{"uv":[47,51],"uv_size":[-1,-1]},"down":{"uv":[47,51],"uv_size":[-1,-1]}}},{"origin":[0.78434,7.53083,-0.52141],"size":[0.44282,0.44282,0.44282],"uv":{"north":{"uv":[46,51],"uv_size":[1,1]},"east":{"uv":[46,51],"uv_size":[1,1]},"south":{"uv":[46,51],"uv_size":[1,1]},"west":{"uv":[46,51],"uv_size":[1,1]},"up":{"uv":[47,52],"uv_size":[-1,-1]},"down":{"uv":[47,52],"uv_size":[-1,-1]}}},{"origin":[0.78434,6.6452,-0.52141],"size":[0.44282,0.44282,0.44282],"uv":{"north":{"uv":[46,53],"uv_size":[1,1]},"east":{"uv":[46,53],"uv_size":[1,1]},"south":{"uv":[46,53],"uv_size":[1,1]},"west":{"uv":[46,53],"uv_size":[1,1]},"up":{"uv":[47,54],"uv_size":[-1,-1]},"down":{"uv":[47,54],"uv_size":[-1,-1]}}},{"origin":[0.78434,6.20239,-0.52141],"size":[0.44282,0.44282,0.44282],"uv":{"north":{"uv":[46,54],"uv_size":[1,1]},"east":{"uv":[46,54],"uv_size":[1,1]},"south":{"uv":[46,54],"uv_size":[1,1]},"west":{"uv":[46,54],"uv_size":[1,1]},"up":{"uv":[47,55],"uv_size":[-1,-1]},"down":{"uv":[47,55],"uv_size":[-1,-1]}}},{"origin":[0.78434,5.75957,-0.52141],"size":[0.44282,0.44282,0.44282],"uv":{"north":{"uv":[46,55],"uv_size":[1,1]},"east":{"uv":[46,55],"uv_size":[1,1]},"south":{"uv":[46,55],"uv_size":[1,1]},"west":{"uv":[46,55],"uv_size":[1,1]},"up":{"uv":[47,56],"uv_size":[-1,-1]},"down":{"uv":[47,56],"uv_size":[-1,-1]}}},{"origin":[0.78434,5.31675,-0.52141],"size":[0.44282,0.44282,0.44282],"uv":{"north":{"uv":[46,56],"uv_size":[1,1]},"east":{"uv":[46,56],"uv_size":[1,1]},"south":{"uv":[46,56],"uv_size":[1,1]},"west":{"uv":[46,56],"uv_size":[1,1]},"up":{"uv":[47,57],"uv_size":[-1,-1]},"down":{"uv":[47,57],"uv_size":[-1,-1]}}},{"origin":[0.78434,4.87394,-0.52141],"size":[0.44282,0.44282,0.44282],"uv":{"north":{"uv":[46,57],"uv_size":[1,1]},"east":{"uv":[46,57],"uv_size":[1,1]},"south":{"uv":[46,57],"uv_size":[1,1]},"west":{"uv":[46,57],"uv_size":[1,1]},"up":{"uv":[47,58],"uv_size":[-1,-1]},"down":{"uv":[47,58],"uv_size":[-1,-1]}}},{"origin":[0.78434,4.43112,-0.52141],"size":[0.44282,0.44282,0.44282],"uv":{"north":{"uv":[46,58],"uv_size":[1,1]},"east":{"uv":[46,58],"uv_size":[1,1]},"south":{"uv":[46,58],"uv_size":[1,1]},"west":{"uv":[46,58],"uv_size":[1,1]},"up":{"uv":[47,59],"uv_size":[-1,-1]},"down":{"uv":[47,59],"uv_size":[-1,-1]}}},{"origin":[-0.98693,7.08802,-0.74282],"size":[0.44282,0.44282,0.88563],"uv":{"north":{"uv":[42,52],"uv_size":[1,1]},"east":{"uv":[42,52],"uv_size":[1,1]},"south":{"uv":[42,52],"uv_size":[1,1]},"west":{"uv":[42,52],"uv_size":[1,1]},"up":{"uv":[43,53],"uv_size":[-1,-1]},"down":{"uv":[43,53],"uv_size":[-1,-1]}}},{"origin":[-1.42974,7.08802,-0.52141],"size":[0.44282,0.44282,0.44282],"uv":{"north":{"uv":[41,52],"uv_size":[1,1]},"east":{"uv":[41,52],"uv_size":[1,1]},"south":{"uv":[41,52],"uv_size":[1,1]},"west":{"uv":[41,52],"uv_size":[1,1]},"up":{"uv":[42,53],"uv_size":[-1,-1]},"down":{"uv":[42,53],"uv_size":[-1,-1]}}},{"origin":[-0.98693,6.6452,-0.52141],"size":[0.44282,0.44282,0.44282],"uv":{"north":{"uv":[42,53],"uv_size":[1,1]},"east":{"uv":[42,53],"uv_size":[1,1]},"south":{"uv":[42,53],"uv_size":[1,1]},"west":{"uv":[42,53],"uv_size":[1,1]},"up":{"uv":[43,54],"uv_size":[-1,-1]},"down":{"uv":[43,54],"uv_size":[-1,-1]}}},{"origin":[-0.98693,5.75957,-0.52141],"size":[0.44282,0.44282,0.44282],"uv":{"north":{"uv":[42,55],"uv_size":[1,1]},"east":{"uv":[42,55],"uv_size":[1,1]},"south":{"uv":[42,55],"uv_size":[1,1]},"west":{"uv":[42,55],"uv_size":[1,1]},"up":{"uv":[43,56],"uv_size":[-1,-1]},"down":{"uv":[43,56],"uv_size":[-1,-1]}}},{"origin":[-1.42974,6.20239,-0.52141],"size":[0.44282,0.44282,0.44282],"uv":{"north":{"uv":[41,54],"uv_size":[1,1]},"east":{"uv":[41,54],"uv_size":[1,1]},"south":{"uv":[41,54],"uv_size":[1,1]},"west":{"uv":[41,54],"uv_size":[1,1]},"up":{"uv":[42,55],"uv_size":[-1,-1]},"down":{"uv":[42,55],"uv_size":[-1,-1]}}},{"origin":[-1.87256,6.6452,-0.52141],"size":[0.44282,0.44282,0.44282],"uv":{"north":{"uv":[40,53],"uv_size":[1,1]},"east":{"uv":[40,53],"uv_size":[1,1]},"south":{"uv":[40,53],"uv_size":[1,1]},"west":{"uv":[40,53],"uv_size":[1,1]},"up":{"uv":[41,54],"uv_size":[-1,-1]},"down":{"uv":[41,54],"uv_size":[-1,-1]}}},{"origin":[-1.42974,6.6452,-0.58653],"size":[0.44282,0.44282,0.57306],"uv":{"north":{"uv":[41,53],"uv_size":[1,1]},"east":{"uv":[41,53],"uv_size":[1,1]},"south":{"uv":[41,53],"uv_size":[1,1]},"west":{"uv":[41,53],"uv_size":[1,1]},"up":{"uv":[42,54],"uv_size":[-1,-1]},"down":{"uv":[42,54],"uv_size":[-1,-1]}}},{"origin":[-0.98693,6.20239,-0.58653],"size":[0.44282,0.44282,0.57306],"uv":{"north":{"uv":[42,54],"uv_size":[1,1]},"east":{"uv":[42,54],"uv_size":[1,1]},"south":{"uv":[42,54],"uv_size":[1,1]},"west":{"uv":[42,54],"uv_size":[1,1]},"up":{"uv":[43,55],"uv_size":[-1,-1]},"down":{"uv":[43,55],"uv_size":[-1,-1]}}}]},{"name":"jacket","parent":"body","pivot":[0,24,0]},{"name":"leftLeg","parent":"root","pivot":[1.9,12,0]},{"name":"leftPants","parent":"leftLeg","pivot":[1.9,12,0]},{"name":"rightLeg","parent":"root","pivot":[-1.9,12,0]},{"name":"rightPants","parent":"rightLeg","pivot":[-1.9,12,0]}]}]}
