{"format_version":"1.12.0","minecraft:geometry":[{"description":{"identifier":"geometry.funko_item","texture_width":128,"texture_height":128,"visible_bounds_width":3,"visible_bounds_height":3,"visible_bounds_offset":[0,0.5,0]},"bones":[{"name":"root","pivot":[0,0,0]},{"name":"waist","parent":"root","pivot":[0,12,0]},{"name":"body","parent":"waist","pivot":[0,24,0]},{"name":"head","parent":"body","pivot":[0,24,0]},{"name":"hat","parent":"head","pivot":[0,24,0]},{"name":"cape","parent":"body","pivot":[0,24,3]},{"name":"leftArm","parent":"body","pivot":[5,22,0]},{"name":"leftSleeve","parent":"leftArm","pivot":[5,22,0]},{"name":"leftItem","parent":"leftArm","pivot":[6,15,1]},{"name":"rightArm","parent":"body","pivot":[-5,22,0]},{"name":"rightSleeve","parent":"rightArm","pivot":[-5,22,0]},{"name":"rightItem","parent":"rightArm","pivot":[-6,15,1]},{"name":"Funko","parent":"rightArm","pivot":[0,0,0]},{"name":"player","parent":"Funko","pivot":[0,0.19165,1.2777]},{"name":"ding","parent":"player","pivot":[0,30.85636,1.2777]},{"name":"ding2","parent":"ding","pivot":[-7.1551,34.68945,2.55539],"cubes":[{"origin":[-2.55539,2.74705,-1.2777],"size":[5.11078,5.11078,2.55539],"uv":{"north":{"uv":[20,20],"uv_size":[8,12]},"east":{"uv":[16,20],"uv_size":[4,12]},"south":{"uv":[32,20],"uv_size":[8,12]},"west":{"uv":[28,20],"uv_size":[4,12]},"up":{"uv":[20,16],"uv_size":[8,4]},"down":{"uv":[28,20],"uv_size":[8,-4]}}}]},{"name":"ding3","parent":"ding2","pivot":[1.2777,9.07164,-1.2777],"cubes":[{"origin":[-2.55539,7.79395,-2.55539],"size":[5.11078,5.11078,5.11078],"uv":{"north":{"uv":[8,8],"uv_size":[8,8]},"east":{"uv":[0,8],"uv_size":[8,8]},"south":{"uv":[24,8],"uv_size":[8,8]},"west":{"uv":[16,8],"uv_size":[8,8]},"up":{"uv":[8,0],"uv_size":[8,8]},"down":{"uv":[16,8],"uv_size":[8,-8]}}}]},{"name":"ding4","parent":"ding3","pivot":[1.2777,9.07164,-1.2777],"cubes":[{"origin":[-2.31093,8.03841,-2.31093],"size":[4.62186,4.62186,4.62186],"inflate":0.5,"uv":{"north":{"uv":[40,8],"uv_size":[8,8]},"east":{"uv":[32,8],"uv_size":[8,8]},"south":{"uv":[56,8],"uv_size":[8,8]},"west":{"uv":[48,8],"uv_size":[8,8]},"up":{"uv":[40,0],"uv_size":[8,8]},"down":{"uv":[48,8],"uv_size":[8,-8]}}}]},{"name":"ding5","parent":"ding2","pivot":[-7.1551,34.68945,10.22157]},{"name":"ding6","parent":"ding2","pivot":[-2.55539,31.1119,3.83309],"cubes":[{"origin":[2.55539,3.7692,-1.2777],"size":[1.53324,4.08863,2.55539],"uv":{"north":{"uv":[36,52],"uv_size":[4,12]},"east":{"uv":[32,52],"uv_size":[4,12]},"south":{"uv":[44,52],"uv_size":[4,12]},"west":{"uv":[40,52],"uv_size":[4,12]},"up":{"uv":[36,48],"uv_size":[4,4]},"down":{"uv":[40,52],"uv_size":[4,-4]}}}]},{"name":"ding9","parent":"ding6","pivot":[-2.55539,31.1119,3.83309],"cubes":[{"origin":[2.67762,3.89143,-1.15547],"size":[1.28877,3.84417,2.31093],"inflate":0.25,"uv":{"north":{"uv":[52,52],"uv_size":[4,12]},"east":{"uv":[48,52],"uv_size":[4,12]},"south":{"uv":[60,52],"uv_size":[4,12]},"west":{"uv":[56,52],"uv_size":[4,12]},"up":{"uv":[52,48],"uv_size":[4,4]},"down":{"uv":[56,52],"uv_size":[4,-4]}}}]},{"name":"ding7","parent":"ding2","pivot":[-5.11078,30.85636,3.83309],"cubes":[{"origin":[-4.08863,3.7692,-1.2777],"size":[1.53324,4.08863,2.55539],"uv":{"north":{"uv":[44,20],"uv_size":[4,12]},"east":{"uv":[40,20],"uv_size":[4,12]},"south":{"uv":[52,20],"uv_size":[4,12]},"west":{"uv":[48,20],"uv_size":[4,12]},"up":{"uv":[44,16],"uv_size":[4,4]},"down":{"uv":[48,20],"uv_size":[4,-4]}}}]},{"name":"ding10","parent":"ding7","pivot":[-5.11078,30.85636,3.83309],"cubes":[{"origin":[-3.9664,3.89143,-1.0483],"size":[1.28877,3.84417,2.09661],"inflate":0.25,"uv":{"north":{"uv":[44,36],"uv_size":[4,12]},"east":{"uv":[40,36],"uv_size":[4,12]},"south":{"uv":[52,36],"uv_size":[4,12]},"west":{"uv":[48,36],"uv_size":[4,12]},"up":{"uv":[44,32],"uv_size":[4,4]},"down":{"uv":[48,36],"uv_size":[4,-4]}}}]},{"name":"ding11","parent":"ding7","pivot":[-7.66618,12.96861,6.38848]},{"name":"ding8","parent":"ding2","pivot":[-7.1551,34.68945,2.55539],"cubes":[{"origin":[-2.4311,2.87134,-1.411],"size":[4.8622,4.8622,2.56647],"inflate":0.25,"uv":{"north":{"uv":[20,36],"uv_size":[8,12]},"east":{"uv":[16,36],"uv_size":[4,12]},"south":{"uv":[32,36],"uv_size":[8,12]},"west":{"uv":[28,36],"uv_size":[4,12]},"up":{"uv":[20,32],"uv_size":[8,4]},"down":{"uv":[28,36],"uv_size":[8,-4]}}}]},{"name":"pog","parent":"player","pivot":[-3.70532,30.85636,3.83309],"cubes":[{"origin":[0.12777,0.19165,-1.2777],"size":[2.04431,2.55539,2.55539],"uv":{"north":{"uv":[20,52],"uv_size":[4,12]},"east":{"uv":[16,52],"uv_size":[4,12]},"south":{"uv":[28,52],"uv_size":[4,12]},"west":{"uv":[24,52],"uv_size":[4,12]},"up":{"uv":[20,48],"uv_size":[4,4]},"down":{"uv":[24,52],"uv_size":[4,-4]}}}]},{"name":"pog69","parent":"pog","pivot":[-3.70532,30.85636,3.83309],"cubes":[{"origin":[0.25,0.31388,-1.15547],"size":[1.79985,2.31093,2.31093],"inflate":0.25,"uv":{"north":{"uv":[4,52],"uv_size":[4,12]},"east":{"uv":[0,52],"uv_size":[4,12]},"south":{"uv":[12,52],"uv_size":[4,12]},"west":{"uv":[8,52],"uv_size":[4,12]},"up":{"uv":[4,48],"uv_size":[4,4]},"down":{"uv":[8,52],"uv_size":[4,-4]}}}]},{"name":"pog2","parent":"player","pivot":[-5.23855,30.85636,3.83309],"cubes":[{"origin":[-2.17208,0.19165,-1.2777],"size":[2.04431,2.55539,2.55539],"uv":{"north":{"uv":[4,20],"uv_size":[4,12]},"east":{"uv":[0,20],"uv_size":[4,12]},"south":{"uv":[12,20],"uv_size":[4,12]},"west":{"uv":[8,20],"uv_size":[4,12]},"up":{"uv":[4,16],"uv_size":[4,4]},"down":{"uv":[8,20],"uv_size":[4,-4]}}}]},{"name":"pogggers","parent":"pog2","pivot":[-5.23855,30.85636,3.83309],"cubes":[{"origin":[-2.04985,0.31388,-1.15547],"size":[1.79985,2.31093,2.31093],"inflate":0.25,"uv":{"north":{"uv":[4,36],"uv_size":[4,12]},"east":{"uv":[0,36],"uv_size":[4,12]},"south":{"uv":[12,36],"uv_size":[4,12]},"west":{"uv":[8,36],"uv_size":[4,12]},"up":{"uv":[4,32],"uv_size":[4,4]},"down":{"uv":[8,36],"uv_size":[4,-4]}}}]},{"name":"POGPOGBOX","parent":"Funko","pivot":[0,0,0],"cubes":[{"origin":[-5.08502,0,-5.11078],"size":[10.25969,0.06388,10.22157],"uv":{"north":{"uv":[96,95],"uv_size":[31,1.025]},"east":{"uv":[96,0],"uv_size":[31,26.025]},"south":{"uv":[96,0],"uv_size":[31,26.025]},"west":{"uv":[97,94],"uv_size":[31,2.025]},"up":{"uv":[128,128],"uv_size":[-31,-32]},"down":{"uv":[127,27],"uv_size":[-31,-26]}}},{"origin":[-5.05926,14.82333,-5.08502],"size":[10.20817,0.06388,10.13192],"uv":{"north":{"uv":[96,0],"uv_size":[31,26.025]},"east":{"uv":[96,0],"uv_size":[31,26.025]},"south":{"uv":[96,0],"uv_size":[31,26.025]},"west":{"uv":[96,0],"uv_size":[31,26.025]},"up":{"uv":[127,24],"uv_size":[-31,-24]},"down":{"uv":[128,128],"uv_size":[-31,-32]}}},{"origin":[-5.11078,0,-5.11078],"size":[0.06388,14.88516,10.22157],"uv":{"north":{"uv":[96,64],"uv_size":[1,26.025]},"east":{"uv":[96,64],"uv_size":[32,32.025]},"south":{"uv":[96,0],"uv_size":[31,26.025]},"west":{"uv":[96,95.975],"uv_size":[32,32.025]},"up":{"uv":[128,62],"uv_size":[-22,-22]},"down":{"uv":[127,32],"uv_size":[-31,-32]}}},{"origin":[5.07163,0,-5.0335],"size":[0.10304,2.1082,10.14429],"uv":{"north":{"uv":[101,91],"uv_size":[18,5.025]},"east":{"uv":[97,122.975],"uv_size":[31,5.025]},"south":{"uv":[96,0],"uv_size":[31,26.025]},"west":{"uv":[108,91],"uv_size":[20,5.025]},"up":{"uv":[128,128],"uv_size":[-31,-5]},"down":{"uv":[127,32],"uv_size":[-31,-32]}}},{"origin":[-3.44978,0,-5.11078],"size":[8.59869,2.1082,0.10304],"uv":{"north":{"uv":[102,91],"uv_size":[19,5.025]},"east":{"uv":[96,0],"uv_size":[31,26.025]},"south":{"uv":[97,122.975],"uv_size":[31,5.025]},"west":{"uv":[97,64],"uv_size":[31,5]},"up":{"uv":[128,128],"uv_size":[-31,-32]},"down":{"uv":[128,96],"uv_size":[-31,-5]}}},{"origin":[5.07163,12.77696,-5.11078],"size":[0.10304,2.1082,10.22157],"uv":{"north":{"uv":[113,64],"uv_size":[6,5.025]},"east":{"uv":[97,96],"uv_size":[31,5.025]},"south":{"uv":[96,0],"uv_size":[31,26.025]},"west":{"uv":[108,64],"uv_size":[20,5.025]},"up":{"uv":[128,32],"uv_size":[-31,-32]},"down":{"uv":[128,101],"uv_size":[-31,-5]}}},{"origin":[5.07163,2.04431,2.55539],"size":[0.10304,10.73265,2.55539],"uv":{"north":{"uv":[96,96],"uv_size":[6,32]},"east":{"uv":[96,96],"uv_size":[5,32]},"south":{"uv":[96,0],"uv_size":[31,26.025]},"west":{"uv":[123,70],"uv_size":[5,22.025]},"up":{"uv":[127,32],"uv_size":[-31,-32]},"down":{"uv":[127,32],"uv_size":[-31,-32]}}},{"origin":[-5.0469,12.77696,-5.11078],"size":[10.11853,2.1082,0.10304],"uv":{"north":{"uv":[96,64],"uv_size":[27,5.025]},"east":{"uv":[97,64],"uv_size":[31,6.025]},"south":{"uv":[97,97],"uv_size":[31,5.025]},"west":{"uv":[97,28],"uv_size":[31,4.025]},"up":{"uv":[127,32],"uv_size":[-31,-32]},"down":{"uv":[128,98],"uv_size":[-31,-2]}}},{"origin":[-5.0469,0,-5.11078],"size":[1.59712,12.78932,0.10304],"uv":{"north":{"uv":[96,69],"uv_size":[5,27.025]},"east":{"uv":[96,0],"uv_size":[31,26.025]},"south":{"uv":[123,96],"uv_size":[5,32]},"west":{"uv":[97,107],"uv_size":[31,4.025]},"up":{"uv":[127,32],"uv_size":[-31,-32]},"down":{"uv":[127,32],"uv_size":[-31,-32]}}},{"origin":[-5.06182,0,5.0469],"size":[10.23393,14.88516,0.06388],"uv":{"north":{"uv":[96,96],"uv_size":[32,32]},"east":{"uv":[96,0],"uv_size":[31,26.025]},"south":{"uv":[97,5.1],"uv_size":[31,26.025]},"west":{"uv":[96,0],"uv_size":[31,26.025]},"up":{"uv":[128,56],"uv_size":[-23,-13]},"down":{"uv":[127,32],"uv_size":[-31,-32]}}}]},{"name":"boxplayer","parent":"POGPOGBOX","pivot":[-0.25554,0,0],"cubes":[{"origin":[-5.0469,2.55539,-5.14911],"size":[3.32201,3.83309,0.12777],"uv":{"north":{"uv":[12,8],"uv_size":[4,8]},"east":{"uv":[0,0],"uv_size":[0.05,1]},"south":{"uv":[0,0],"uv_size":[1,1]},"west":{"uv":[0,0],"uv_size":[0.05,1]},"up":{"uv":[1,0.05],"uv_size":[-1,-0.05]},"down":{"uv":[1,0.05],"uv_size":[-1,-0.05]}}},{"origin":[-5.0469,2.55539,-5.15423],"size":[3.32201,3.83309,0.12777],"uv":{"north":{"uv":[44,8],"uv_size":[4,8]},"east":{"uv":[0,0],"uv_size":[0.05,1]},"south":{"uv":[0,0],"uv_size":[1,1]},"west":{"uv":[0,0],"uv_size":[0.05,1]},"up":{"uv":[1,0.05],"uv_size":[-1,-0.05]},"down":{"uv":[1,0.05],"uv_size":[-1,-0.05]}}},{"origin":[-5.0469,1.02216,-5.14911],"size":[2.04431,1.53324,0.12777],"uv":{"north":{"uv":[24,20],"uv_size":[4,12]},"east":{"uv":[0,0],"uv_size":[0.05,1]},"south":{"uv":[0,0],"uv_size":[1,1]},"west":{"uv":[0,0],"uv_size":[0.05,1]},"up":{"uv":[1,0.05],"uv_size":[-1,-0.05]},"down":{"uv":[1,0.05],"uv_size":[-1,-0.05]}}},{"origin":[-5.0469,1.02216,-5.14911],"size":[2.04431,1.53324,0.12777],"uv":{"north":{"uv":[24,20],"uv_size":[4,12]},"east":{"uv":[0,0],"uv_size":[0.05,1]},"south":{"uv":[0,0],"uv_size":[1,1]},"west":{"uv":[0,0],"uv_size":[0.05,1]},"up":{"uv":[1,0.05],"uv_size":[-1,-0.05]},"down":{"uv":[1,0.05],"uv_size":[-1,-0.05]}}},{"origin":[-5.0469,0,-5.14911],"size":[2.04431,1.02216,0.12777],"uv":{"north":{"uv":[20,52],"uv_size":[4,12]},"east":{"uv":[0,0],"uv_size":[0.05,1]},"south":{"uv":[0,0],"uv_size":[1,1]},"west":{"uv":[0,0],"uv_size":[0.05,1]},"up":{"uv":[1,0.05],"uv_size":[-1,-0.05]},"down":{"uv":[1,0.05],"uv_size":[-1,-0.05]}}},{"origin":[-5.0469,0,-5.15423],"size":[2.04431,1.02216,0.12777],"uv":{"north":{"uv":[4,52],"uv_size":[4,12]},"east":{"uv":[0,0],"uv_size":[0.05,1]},"south":{"uv":[0,0],"uv_size":[1,1]},"west":{"uv":[0,0],"uv_size":[0.05,1]},"up":{"uv":[1,0.05],"uv_size":[-1,-0.05]},"down":{"uv":[1,0.05],"uv_size":[-1,-0.05]}}},{"origin":[-5.0469,1.02216,-5.15423],"size":[2.04431,1.53324,0.12777],"uv":{"north":{"uv":[24,36],"uv_size":[4,12]},"east":{"uv":[0,0],"uv_size":[0.05,1]},"south":{"uv":[0,0],"uv_size":[1,1]},"west":{"uv":[0,0],"uv_size":[0.05,1]},"up":{"uv":[1,0.05],"uv_size":[-1,-0.05]},"down":{"uv":[1,0.05],"uv_size":[-1,-0.05]}}},{"origin":[-3.00259,1.2777,-5.14911],"size":[1.2777,1.2777,0.12777],"uv":{"north":{"uv":[37,52],"uv_size":[4,12]},"east":{"uv":[0,0],"uv_size":[0.05,1]},"south":{"uv":[0,0],"uv_size":[1,1]},"west":{"uv":[0,0],"uv_size":[0.05,1]},"up":{"uv":[1,0.05],"uv_size":[-1,-0.05]},"down":{"uv":[1,0.05],"uv_size":[-1,-0.05]}}},{"origin":[-3.00259,1.2777,-5.15423],"size":[1.2777,1.2777,0.12777],"uv":{"north":{"uv":[52,52],"uv_size":[4,12]},"east":{"uv":[0,0],"uv_size":[0.05,1]},"south":{"uv":[0,0],"uv_size":[1,1]},"west":{"uv":[0,0],"uv_size":[0.05,1]},"up":{"uv":[1,0.05],"uv_size":[-1,-0.05]},"down":{"uv":[1,0.05],"uv_size":[-1,-0.05]}}}]},{"name":"name","parent":"POGPOGBOX","pivot":[0,0,0],"cubes":[{"origin":[-5.152,2.47296,-3.40032],"size":[1.0304,9.89184,6.80064],"uv":{"north":{"uv":[50,104],"uv_size":[1,9.6]},"east":{"uv":[0,64.4],"uv_size":[32,63.6]},"south":{"uv":[49,104],"uv_size":[1,9.6]},"west":{"uv":[49,102],"uv_size":[6.6,9.6]},"up":{"uv":[53,108.6],"uv_size":[-1,-6.6]},"down":{"uv":[50,113.6],"uv_size":[-1,-6.6]}}}]},{"name":"jacket","parent":"body","pivot":[0,24,0]},{"name":"leftLeg","parent":"root","pivot":[1.9,12,0]},{"name":"leftPants","parent":"leftLeg","pivot":[1.9,12,0]},{"name":"rightLeg","parent":"root","pivot":[-1.9,12,0]},{"name":"rightPants","parent":"rightLeg","pivot":[-1.9,12,0]}]}]}
