{"format_version":"1.16.0","minecraft:geometry":[{"description":{"identifier":"geometry.pistol_attachable","texture_width":32,"texture_height":32,"visible_bounds_width":7,"visible_bounds_height":6,"visible_bounds_offset":[0,2,0]},"bones":[{"name":"root","pivot":[0,0,0]},{"name":"waist","parent":"root","pivot":[0,12,0]},{"name":"body","parent":"waist","pivot":[0,24,0]},{"name":"head","parent":"body","pivot":[0,24,0]},{"name":"hat","parent":"head","pivot":[0,24,0]},{"name":"cape","parent":"body","pivot":[0,24,3]},{"name":"leftArm","parent":"body","pivot":[5,22,0]},{"name":"leftSleeve","parent":"leftArm","pivot":[5,22,0]},{"name":"leftItem","parent":"leftArm","pivot":[6,15,1]},{"name":"rightArm","parent":"body","pivot":[-5,22,0]},{"name":"rightSleeve","parent":"rightArm","pivot":[-5,22,0]},{"name":"rightItem","parent":"rightArm","pivot":[-6,15,1]},{"name":"pistol","parent":"rightItem","pivot":[0,0,0],"binding":"q.item_slot_to_bone_name(c.item_slot)"},{"name":"attachments","parent":"pistol","pivot":[0,0,0],"cubes":[{"origin":[-0.5,4,-2.5],"size":[1,5,1],"pivot":[0,0,0],"rotation":[7.5,0,0],"uv":{"north":{"uv":[22.4,0.6],"uv_size":[3,3]},"east":{"uv":[22.4,0.6],"uv_size":[3,3]},"south":{"uv":[22.4,0.6],"uv_size":[3,3]},"west":{"uv":[22.4,0.6],"uv_size":[3,3]},"up":{"uv":[25.4,3.6],"uv_size":[-3,-3]},"down":{"uv":[25.4,3.6],"uv_size":[-3,-3]}}},{"origin":[-0.5,14,-15.5],"size":[1,5,1],"pivot":[0,0,0],"rotation":[7.5,0,0],"uv":{"north":{"uv":[0,0],"uv_size":[16,16]},"east":{"uv":[0,0],"uv_size":[16,16]},"south":{"uv":[0,0],"uv_size":[16,16]},"west":{"uv":[0,0],"uv_size":[16,16]},"up":{"uv":[16,16],"uv_size":[-16,-16]},"down":{"uv":[16,16],"uv_size":[-16,-16]}}},{"origin":[-1.5,3,1.5],"size":[3,6,1],"pivot":[0,0,0],"rotation":[-7.5,0,0],"uv":{"north":{"uv":[22.4,0.6],"uv_size":[3,3]},"east":{"uv":[22.4,0.6],"uv_size":[3,3]},"south":{"uv":[22.4,0.6],"uv_size":[3,3]},"west":{"uv":[22.4,0.6],"uv_size":[3,3]},"up":{"uv":[25.4,3.6],"uv_size":[-3,-3]},"down":{"uv":[25.4,3.6],"uv_size":[-3,-3]}}},{"origin":[-1.5,-2.10774,1.51234],"size":[3,10,1],"pivot":[0,0.89226,0.01234],"rotation":[95,0,0],"uv":{"north":{"uv":[22.4,0.6],"uv_size":[3,3]},"east":{"uv":[22.4,0.6],"uv_size":[3,3]},"south":{"uv":[22.4,0.6],"uv_size":[3,3]},"west":{"uv":[22.4,0.6],"uv_size":[3,3]},"up":{"uv":[25.4,3.6],"uv_size":[-3,-3]},"down":{"uv":[25.4,3.6],"uv_size":[-3,-3]}}},{"origin":[-2.5,13,-7],"size":[5,4,15],"uv":{"north":{"uv":[16,0],"uv_size":[16,16]},"east":{"uv":[16,0],"uv_size":[16,6]},"south":{"uv":[16,0],"uv_size":[16,16]},"west":{"uv":[16,6],"uv_size":[16,6]},"up":{"uv":[32,16],"uv_size":[-16,-16]},"down":{"uv":[32,16],"uv_size":[-16,-16]}}},{"origin":[-2.5,12,17.5],"size":[5,5,6],"uv":{"north":{"uv":[16,0],"uv_size":[16,16]},"east":{"uv":[16,0],"uv_size":[16,16]},"south":{"uv":[21,0],"uv_size":[6,4]},"west":{"uv":[16,0],"uv_size":[16,16]},"up":{"uv":[32,16],"uv_size":[-16,-16]},"down":{"uv":[32,16],"uv_size":[-16,-16]}}}]},{"name":"barrell_cover","parent":"pistol","pivot":[-0.5,-0.86087,-1.30016],"cubes":[{"origin":[-1.5,18,-15.5],"size":[1,1,2],"uv":{"north":{"uv":[16,0],"uv_size":[16,4]},"east":{"uv":[16,0],"uv_size":[16,4]},"south":{"uv":[16,0],"uv_size":[16,4]},"west":{"uv":[16,0],"uv_size":[16,4]},"up":{"uv":[32,4],"uv_size":[-16,-4]},"down":{"uv":[32,4],"uv_size":[-16,-4]}}},{"origin":[0.5,18,-15.5],"size":[1,1,2],"uv":{"north":{"uv":[16,0],"uv_size":[16,4]},"east":{"uv":[16,0],"uv_size":[16,4]},"south":{"uv":[16,0],"uv_size":[16,4]},"west":{"uv":[16,0],"uv_size":[16,4]},"up":{"uv":[32,4],"uv_size":[-16,-4]},"down":{"uv":[32,4],"uv_size":[-16,-4]}}},{"origin":[-0.5,18,20.5],"size":[1,1,2],"uv":{"north":{"uv":[16,0],"uv_size":[16,4]},"east":{"uv":[16,0],"uv_size":[16,4]},"south":{"uv":[16,0],"uv_size":[16,4]},"west":{"uv":[16,0],"uv_size":[16,4]},"up":{"uv":[32,4],"uv_size":[-16,-4]},"down":{"uv":[32,4],"uv_size":[-16,-4]}}},{"origin":[-3,8,8],"size":[6,10,15],"uv":{"north":{"uv":[0,0],"uv_size":[16,16]},"east":{"uv":[0,0],"uv_size":[16,16]},"south":{"uv":[0,0],"uv_size":[16,16]},"west":{"uv":[0,0],"uv_size":[16,16]},"up":{"uv":[16,16],"uv_size":[-16,-16]},"down":{"uv":[16,16],"uv_size":[-16,-16]}}},{"origin":[-3,8,-7],"size":[6,5,15],"uv":{"north":{"uv":[0,0],"uv_size":[16,16]},"east":{"uv":[0,0],"uv_size":[16,16]},"south":{"uv":[0,0],"uv_size":[16,16]},"west":{"uv":[0,0],"uv_size":[16,16]},"up":{"uv":[16,16],"uv_size":[-16,-16]},"down":{"uv":[16,16],"uv_size":[-16,-16]}}},{"origin":[-3,8,-17],"size":[6,10,10],"uv":{"north":{"uv":[0,0],"uv_size":[16,16]},"east":{"uv":[0,0],"uv_size":[16,16]},"south":{"uv":[0,0],"uv_size":[16,16]},"west":{"uv":[0,0],"uv_size":[16,16]},"up":{"uv":[16,16],"uv_size":[-16,-16]},"down":{"uv":[16,16],"uv_size":[-16,-16]}}}]},{"name":"handle","parent":"pistol","pivot":[0,0,0],"cubes":[{"origin":[-2.5,-10.36087,-18.05016],"size":[5,15,10],"pivot":[-0.5,-0.86087,-1.30016],"rotation":[-10,0,0],"uv":{"north":{"uv":[0,0],"uv_size":[16,16]},"east":{"uv":[0,0],"uv_size":[16,16]},"south":{"uv":[0,0],"uv_size":[16,16]},"west":{"uv":[0,0],"uv_size":[16,16]},"up":{"uv":[16,16],"uv_size":[-16,-16]},"down":{"uv":[16,16],"uv_size":[-16,-16]}}},{"origin":[-2.5,-11.86087,-19.80016],"size":[5,2,12],"uv":{"north":{"uv":[0,0],"uv_size":[16,16]},"east":{"uv":[0,0],"uv_size":[16,16]},"south":{"uv":[0,0],"uv_size":[16,16]},"west":{"uv":[0,0],"uv_size":[16,16]},"up":{"uv":[16,16],"uv_size":[-16,-16]},"down":{"uv":[16,16],"uv_size":[-16,-16]}}},{"origin":[-2,-12.86087,-17.80016],"size":[4,20,11],"pivot":[-0.5,-0.86087,-1.30016],"rotation":[-10,0,0],"uv":{"north":{"uv":[20,0],"uv_size":[6,16]},"east":{"uv":[16,0],"uv_size":[16,16]},"south":{"uv":[16,0],"uv_size":[16,16]},"west":{"uv":[16,0],"uv_size":[16,16]},"up":{"uv":[32,16],"uv_size":[-16,-16]},"down":{"uv":[32,16],"uv_size":[-16,-16]}}}]},{"name":"jacket","parent":"body","pivot":[0,24,0]},{"name":"leftLeg","parent":"root","pivot":[1.9,12,0]},{"name":"leftPants","parent":"leftLeg","pivot":[1.9,12,0]},{"name":"rightLeg","parent":"root","pivot":[-1.9,12,0]},{"name":"rightPants","parent":"rightLeg","pivot":[-1.9,12,0]}]}]}
