{"format_version":"1.12.0","minecraft:geometry":[{"description":{"identifier":"geometry.item.suitcase","texture_width":128,"texture_height":128,"visible_bounds_width":4,"visible_bounds_height":4,"visible_bounds_offset":[0,1,0]},"bones":[{"name":"root","pivot":[0,0,0]},{"name":"waist","parent":"root","pivot":[0,12,0]},{"name":"body","parent":"waist","pivot":[0,24,0]},{"name":"head","parent":"body","pivot":[0,24,0]},{"name":"hat","parent":"head","pivot":[0,24,0]},{"name":"cape","parent":"body","pivot":[0,24,3]},{"name":"leftArm","parent":"body","pivot":[5,22,0]},{"name":"leftSleeve","parent":"leftArm","pivot":[5,22,0]},{"name":"leftItem","parent":"leftArm","pivot":[6,15,1]},{"name":"rightArm","parent":"body","pivot":[-5,22,0]},{"name":"rightSleeve","parent":"rightArm","pivot":[-5,22,0]},{"name":"rightItem","parent":"rightArm","pivot":[-6,15,1]},{"name":"Koffer","parent":"rightItem","pivot":[-0.5,16,0],"cubes":[{"origin":[-7.79,7.36,-2.16],"size":[14.58,9.72,4.32],"uv":{"north":{"uv":[0,110],"uv_size":[27,18]},"east":{"uv":[27,110],"uv_size":[8,18]},"south":{"uv":[0,110],"uv_size":[27,18]},"west":{"uv":[27,110],"uv_size":[8,18]},"up":{"uv":[0,102],"uv_size":[27,8]},"down":{"uv":[27,110],"uv_size":[27,-8]}}},{"origin":[-2.93,17.08,-0.54],"size":[0.54,1.08,1.08],"uv":{"north":{"uv":[44,125],"uv_size":[1,2]},"east":{"uv":[44,124],"uv_size":[2,2]},"south":{"uv":[45,122],"uv_size":[1,2]},"west":{"uv":[46,125],"uv_size":[2,2]},"up":{"uv":[44,125],"uv_size":[1,2]},"down":{"uv":[45,125],"uv_size":[1,-2]}}},{"origin":[-2.39,17.62,-0.54],"size":[0.54,1.08,1.08],"uv":{"north":{"uv":[44,125],"uv_size":[1,2]},"east":{"uv":[44,124],"uv_size":[2,2]},"south":{"uv":[45,122],"uv_size":[1,2]},"west":{"uv":[46,125],"uv_size":[2,2]},"up":{"uv":[44,125],"uv_size":[1,2]},"down":{"uv":[45,125],"uv_size":[1,-2]}}},{"origin":[1.39,17.08,-0.54],"size":[0.54,1.08,1.08],"uv":{"north":{"uv":[44,125],"uv_size":[1,2]},"east":{"uv":[44,124],"uv_size":[2,2]},"south":{"uv":[45,122],"uv_size":[1,2]},"west":{"uv":[46,125],"uv_size":[2,2]},"up":{"uv":[44,125],"uv_size":[1,2]},"down":{"uv":[45,125],"uv_size":[1,-2]}}},{"origin":[0.85,17.62,-0.54],"size":[0.54,1.08,1.08],"uv":{"north":{"uv":[44,125],"uv_size":[1,2]},"east":{"uv":[44,124],"uv_size":[2,2]},"south":{"uv":[45,122],"uv_size":[1,2]},"west":{"uv":[46,125],"uv_size":[2,2]},"up":{"uv":[44,125],"uv_size":[1,2]},"down":{"uv":[45,125],"uv_size":[1,-2]}}},{"origin":[-1.85,18.16,-0.54],"size":[2.7,0.54,1.08],"uv":{"north":{"uv":[43,125],"uv_size":[5,1]},"east":{"uv":[43,124],"uv_size":[2,1]},"south":{"uv":[42,125],"uv_size":[5,1]},"west":{"uv":[42,125],"uv_size":[2,1]},"up":{"uv":[43,125],"uv_size":[5,2]},"down":{"uv":[43,125],"uv_size":[5,-2]}}},{"origin":[-1.04,17.08,-0.27],"size":[1.08,0.54,0.54],"uv":{"north":{"uv":[45,119],"uv_size":[2,1]},"east":{"uv":[45,119],"uv_size":[1,1]},"south":{"uv":[45,119],"uv_size":[2,1]},"west":{"uv":[46,119],"uv_size":[1,1]},"up":{"uv":[45,119],"uv_size":[2,1]},"down":{"uv":[45,120],"uv_size":[2,-1]}}},{"origin":[-8.33,7.9,-1.62],"size":[0.54,8.64,3.24],"uv":{"north":{"uv":[55,112],"uv_size":[1,16]},"east":{"uv":[49,112],"uv_size":[6,16]},"south":{"uv":[63,112],"uv_size":[1,16]},"west":{"uv":[56,112],"uv_size":[6,16]},"up":{"uv":[62,106],"uv_size":[1,6]},"down":{"uv":[63,112],"uv_size":[1,-6]}}},{"origin":[6.79,7.9,-1.62],"size":[0.54,8.64,3.24],"uv":{"north":{"uv":[55,112],"uv_size":[1,16]},"east":{"uv":[49,112],"uv_size":[6,16]},"south":{"uv":[63,112],"uv_size":[1,16]},"west":{"uv":[56,112],"uv_size":[6,16]},"up":{"uv":[62,106],"uv_size":[1,6]},"down":{"uv":[63,112],"uv_size":[1,-6]}}}]},{"name":"jacket","parent":"body","pivot":[0,24,0]},{"name":"leftLeg","parent":"root","pivot":[1.9,12,0]},{"name":"leftPants","parent":"leftLeg","pivot":[1.9,12,0]},{"name":"rightLeg","parent":"root","pivot":[-1.9,12,0]},{"name":"rightPants","parent":"rightLeg","pivot":[-1.9,12,0]}]}]}
