{"format_version":"1.12.0","minecraft:geometry":[{"description":{"identifier":"geometry.teddybeer_attachable","texture_width":128,"texture_height":128,"visible_bounds_width":7,"visible_bounds_height":7,"visible_bounds_offset":[0,-0.5,0]},"bones":[{"name":"root","pivot":[0,0,0]},{"name":"waist","parent":"root","pivot":[0,11,0]},{"name":"body","parent":"waist","pivot":[0,23,0]},{"name":"head","parent":"body","pivot":[0,23,0]},{"name":"hat","parent":"head","pivot":[0,23,0]},{"name":"cape","parent":"body","pivot":[0,23,3]},{"name":"leftArm","parent":"body","pivot":[5,21,0]},{"name":"leftSleeve","parent":"leftArm","pivot":[5,21,0]},{"name":"leftItem","parent":"leftArm","pivot":[6,14,1]},{"name":"rightArm","parent":"body","pivot":[-5,21,0]},{"name":"rightSleeve","parent":"rightArm","pivot":[-5,21,0]},{"name":"rightItem","parent":"rightArm","pivot":[0,-20,0]},{"name":"TeddyBear","parent":"rightItem","pivot":[-0.5,-5,0.5],"cubes":[{"origin":[-5.5,-11,-2],"size":[10,12,5],"uv":{"north":{"uv":[0,0],"uv_size":[44,48]},"east":{"uv":[108,0],"uv_size":[20,48]},"south":{"uv":[44,0],"uv_size":[44,48]},"west":{"uv":[88,0],"uv_size":[20,48]},"up":{"uv":[0,48],"uv_size":[44,20]},"down":{"uv":[44,68],"uv_size":[44,-20]}}}]},{"name":"teddyhead","parent":"TeddyBear","pivot":[0,-21,0],"cubes":[{"origin":[-6,1,-3],"size":[11,8,7],"uv":{"north":{"uv":[0,49],"uv_size":[45,20]},"east":{"uv":[0,49],"uv_size":[45,20]},"south":{"uv":[0,49],"uv_size":[45,20]},"west":{"uv":[0,49],"uv_size":[45,20]},"up":{"uv":[45,69],"uv_size":[-45,-20]},"down":{"uv":[45,69],"uv_size":[-45,-20]}}},{"origin":[-4,1.3,-4],"size":[7,4,1],"uv":{"north":{"uv":[0,110],"uv_size":[30,18]},"east":{"uv":[0,110],"uv_size":[4,18]},"south":{"uv":[0,110],"uv_size":[4,18]},"west":{"uv":[0,110],"uv_size":[4,18]},"up":{"uv":[4,128],"uv_size":[-4,-18]},"down":{"uv":[4,128],"uv_size":[-4,-18]}}}]},{"name":"ears","parent":"teddyhead","pivot":[0,9,0],"cubes":[{"origin":[-6.5,8.1,-2.6],"size":[3,3,1],"pivot":[-4.5,8.8,-2.1],"rotation":[0,0,-32.5],"uv":{"north":{"uv":[0,89],"uv_size":[8,12]},"east":{"uv":[0,89],"uv_size":[4,12]},"south":{"uv":[0,89],"uv_size":[4,12]},"west":{"uv":[6,89],"uv_size":[-4,12]},"up":{"uv":[8,93],"uv_size":[-8,-4]},"down":{"uv":[4,97],"uv_size":[-4,-4]}}},{"origin":[5.71508,11.48549,-2.6],"size":[3,3,1],"pivot":[-0.58492,15.98549,-2.1],"rotation":[0,0,32.5],"uv":{"north":{"uv":[9,89],"uv_size":[8,12]},"east":{"uv":[9,89],"uv_size":[4,12]},"south":{"uv":[13,89],"uv_size":[4,12]},"west":{"uv":[17,89],"uv_size":[-4,12]},"up":{"uv":[17,93],"uv_size":[-8,-4]},"down":{"uv":[13,97],"uv_size":[-4,-4]}}}]},{"name":"eyes","parent":"teddyhead","pivot":[0,-21,0],"cubes":[{"origin":[-3.5,5.4,-4],"size":[2,2,1],"uv":{"north":{"uv":[0,102],"uv_size":[8,8]},"east":{"uv":[0,102],"uv_size":[4,8]},"south":{"uv":[0,102],"uv_size":[4,8]},"west":{"uv":[4,102],"uv_size":[4,8]},"up":{"uv":[0,106],"uv_size":[8,-4]},"down":{"uv":[8,110],"uv_size":[-8,-4]}}},{"origin":[0.5,5.4,-4],"size":[2,2,1],"uv":{"north":{"uv":[22,102],"uv_size":[8,8]},"east":{"uv":[22,102],"uv_size":[4,8]},"south":{"uv":[22,102],"uv_size":[4,8]},"west":{"uv":[26,102],"uv_size":[4,8]},"up":{"uv":[22,106],"uv_size":[8,-4]},"down":{"uv":[30,110],"uv_size":[-8,-4]}}}]},{"name":"arms","parent":"TeddyBear","pivot":[-0.5,-5,0.5],"cubes":[{"origin":[0.5,-7.90516,-0.54061],"size":[4,7,4],"pivot":[1.5,0.56446,-0.19331],"rotation":[-80,-87.5,0],"uv":{"north":{"uv":[38,70],"uv_size":[20,45]},"east":{"uv":[100.8,70.2],"uv_size":[20,45]},"south":{"uv":[59,70],"uv_size":[20,45]},"west":{"uv":[80.8,70.2],"uv_size":[19,45]},"up":{"uv":[19,69],"uv_size":[19,19]},"down":{"uv":[0,88],"uv_size":[19,-19]}}},{"origin":[-5.5,-7.90516,-0.54061],"size":[4,7,4],"pivot":[-2.5,0.56446,-0.19331],"rotation":[-80,87.5,0],"uv":{"north":{"uv":[38,70],"uv_size":[20,45]},"east":{"uv":[100.8,70.2],"uv_size":[20,45]},"south":{"uv":[59,70],"uv_size":[20,45]},"west":{"uv":[80.8,70.2],"uv_size":[19,45]},"up":{"uv":[19,69],"uv_size":[19,19]},"down":{"uv":[0,88],"uv_size":[19,-19]}}}]},{"name":"legs","parent":"TeddyBear","pivot":[-0.5,-5,0.5],"cubes":[{"origin":[-5.5,-14.90516,-2.54061],"size":[4,7,4],"pivot":[-2.5,-9.43554,-0.19331],"rotation":[-80,27.5,0],"uv":{"north":{"uv":[38,70],"uv_size":[20,45]},"east":{"uv":[100.8,70.2],"uv_size":[20,45]},"south":{"uv":[59,70],"uv_size":[20,45]},"west":{"uv":[80.8,70.2],"uv_size":[19,45]},"up":{"uv":[19,69],"uv_size":[19,19]},"down":{"uv":[0,88],"uv_size":[19,-19]}}},{"origin":[0.5,-14.90516,-2.54061],"size":[4,7,4],"pivot":[1.5,-9.43554,-0.19331],"rotation":[-80,-27.5,0],"uv":{"north":{"uv":[38,70],"uv_size":[20,45]},"east":{"uv":[100.8,70.2],"uv_size":[20,45]},"south":{"uv":[59,70],"uv_size":[20,45]},"west":{"uv":[80.8,70.2],"uv_size":[19,45]},"up":{"uv":[19,69],"uv_size":[19,19]},"down":{"uv":[0,88],"uv_size":[19,-19]}}}]},{"name":"jacket","parent":"body","pivot":[0,23,0]},{"name":"leftLeg","parent":"root","pivot":[1.9,11,0]},{"name":"leftPants","parent":"leftLeg","pivot":[1.9,11,0]},{"name":"rightLeg","parent":"root","pivot":[-1.9,11,0]},{"name":"rightPants","parent":"rightLeg","pivot":[-1.9,11,0]}]}]}
