{"format_version":"1.12.0","minecraft:geometry":[{"description":{"identifier":"geometry.wapenstok_attachable","texture_width":16,"texture_height":16,"visible_bounds_width":3,"visible_bounds_height":6,"visible_bounds_offset":[0,2,0]},"bones":[{"name":"root","pivot":[0,0,0]},{"name":"waist","parent":"root","pivot":[0,12,0]},{"name":"body","parent":"waist","pivot":[0,24,0]},{"name":"head","parent":"body","pivot":[0,24,0]},{"name":"hat","parent":"head","pivot":[0,24,0]},{"name":"cape","parent":"body","pivot":[0,24,3]},{"name":"leftArm","parent":"body","pivot":[5,22,0]},{"name":"leftSleeve","parent":"leftArm","pivot":[5,22,0]},{"name":"leftItem","parent":"leftArm","pivot":[6,15,1]},{"name":"rightArm","parent":"body","pivot":[-5,22,0]},{"name":"rightSleeve","parent":"rightArm","pivot":[-5,22,0]},{"name":"rightItem","parent":"rightArm","pivot":[-6,15,1]},{"name":"wapenstok","parent":"rightItem","pivot":[0.16883,19.64909,-0.02258],"cubes":[{"origin":[-0.72,17.14,-1.385],"size":[2.72,42.16,2.72],"uv":{"north":{"uv":[7,0],"uv_size":[2,16]},"east":{"uv":[7,0],"uv_size":[2,16]},"south":{"uv":[7,0],"uv_size":[2,16]},"west":{"uv":[7,0],"uv_size":[2,16]},"up":{"uv":[11,4],"uv_size":[-4,-4]},"down":{"uv":[9,16],"uv_size":[-2,-16]}}},{"origin":[-0.5083,57.8888,-1.03904],"size":[2.32,2.56,2.12],"uv":{"north":{"uv":[9,0],"uv_size":[4,3]},"east":{"uv":[9,0],"uv_size":[4,3]},"south":{"uv":[9,0],"uv_size":[4,3]},"west":{"uv":[9,0],"uv_size":[4,3]},"up":{"uv":[7,5],"uv_size":[-4,-4]},"down":{"uv":[13,3],"uv_size":[-4,-3]}}},{"origin":[-0.04,17.14,-2.065],"size":[1.36,42.16,2.04],"uv":{"north":{"uv":[7,0],"uv_size":[2,16]},"east":{"uv":[7,0],"uv_size":[2,16]},"south":{"uv":[7,0],"uv_size":[2,16]},"west":{"uv":[7,0],"uv_size":[2,16]},"up":{"uv":[11,4],"uv_size":[-4,-4]},"down":{"uv":[9,16],"uv_size":[-2,-16]}}},{"origin":[-0.04,17.14,-0.025],"size":[1.36,42.16,2.04],"uv":{"north":{"uv":[7,0],"uv_size":[2,16]},"east":{"uv":[7,0],"uv_size":[2,16]},"south":{"uv":[7,0],"uv_size":[2,16]},"west":{"uv":[7,0],"uv_size":[2,16]},"up":{"uv":[11,4],"uv_size":[-4,-4]},"down":{"uv":[9,16],"uv_size":[-2,-16]}}},{"origin":[0.64,17.14,-0.705],"size":[2.04,42.16,1.36],"uv":{"north":{"uv":[7,0],"uv_size":[2,16]},"east":{"uv":[7,0],"uv_size":[2,16]},"south":{"uv":[7,0],"uv_size":[2,16]},"west":{"uv":[7,0],"uv_size":[2,16]},"up":{"uv":[11,4],"uv_size":[-4,-4]},"down":{"uv":[9,16],"uv_size":[-2,-16]}}},{"origin":[2,17.548,-0.705],"size":[9.112,1.36,1.36],"uv":{"north":{"uv":[4,0],"uv_size":[3,2]},"east":{"uv":[4,0],"uv_size":[3,2]},"south":{"uv":[4,0],"uv_size":[3,2]},"west":{"uv":[0,0],"uv_size":[3,3]},"up":{"uv":[6,2],"uv_size":[4,-2]},"down":{"uv":[6,2],"uv_size":[4,-2]}}},{"origin":[2,17.548,-1.113],"size":[8.89,1.36,1.36],"uv":{"north":{"uv":[0,5],"uv_size":[16,4]},"east":{"uv":[7,0],"uv_size":[3,3]},"south":{"uv":[7,0],"uv_size":[3,3]},"west":{"uv":[7,0],"uv_size":[3,3]},"up":{"uv":[9,3],"uv_size":[3,-3]},"down":{"uv":[9,3],"uv_size":[3,-3]}}},{"origin":[2,17.548,-0.297],"size":[8.915,1.36,1.36],"uv":{"north":{"uv":[3,0],"uv_size":[7,3]},"east":{"uv":[3,0],"uv_size":[7,3]},"south":{"uv":[0,12],"uv_size":[16,4]},"west":{"uv":[3,0],"uv_size":[7,3]},"up":{"uv":[9,11],"uv_size":[7,-3]},"down":{"uv":[5,3],"uv_size":[7,-3]}}},{"origin":[2.65,17.956,-0.705],"size":[8.19,1.36,1.36],"uv":{"north":{"uv":[5,12],"uv_size":[3,4]},"east":{"uv":[5,12],"uv_size":[3,4]},"south":{"uv":[5,12],"uv_size":[3,4]},"west":{"uv":[5,12],"uv_size":[3,4]},"up":{"uv":[0,4],"uv_size":[16,-4]},"down":{"uv":[7,16],"uv_size":[3,-4]}}},{"origin":[2.025,17.004,-0.755],"size":[8.815,1.36,1.51],"uv":{"north":{"uv":[5,0],"uv_size":[7,2]},"east":{"uv":[5,0],"uv_size":[7,2]},"south":{"uv":[5,0],"uv_size":[7,2]},"west":{"uv":[5,0],"uv_size":[7,2]},"up":{"uv":[1,2],"uv_size":[8,-2]},"down":{"uv":[0,16],"uv_size":[16,-4]}}},{"origin":[-1.4,17.14,-0.705],"size":[2.04,42.16,1.36],"uv":{"north":{"uv":[7,0],"uv_size":[2,16]},"east":{"uv":[7,0],"uv_size":[2,16]},"south":{"uv":[7,0],"uv_size":[2,16]},"west":{"uv":[7,0],"uv_size":[2,16]},"up":{"uv":[11,4],"uv_size":[-4,-4]},"down":{"uv":[9,16],"uv_size":[-2,-16]}}},{"origin":[-0.72,1.5,-0.705],"size":[2.72,15.64,1.36],"uv":{"north":{"uv":[7,0],"uv_size":[2,16]},"east":{"uv":[7,0],"uv_size":[2,16]},"south":{"uv":[7,0],"uv_size":[2,16]},"west":{"uv":[7,0],"uv_size":[2,16]},"up":{"uv":[9,16],"uv_size":[-2,-16]},"down":{"uv":[9,16],"uv_size":[-2,-16]}}},{"origin":[-0.04,1.5,0.655],"size":[1.36,15.64,0.68],"uv":{"north":{"uv":[7,0],"uv_size":[2,16]},"east":{"uv":[7,0],"uv_size":[2,16]},"south":{"uv":[7,0],"uv_size":[2,16]},"west":{"uv":[7,0],"uv_size":[2,16]},"up":{"uv":[9,16],"uv_size":[-2,-16]},"down":{"uv":[9,16],"uv_size":[-2,-16]}}},{"origin":[-0.04,1.5,-1.385],"size":[1.36,15.64,0.68],"uv":{"north":{"uv":[7,0],"uv_size":[2,16]},"east":{"uv":[7,0],"uv_size":[2,16]},"south":{"uv":[7,0],"uv_size":[2,16]},"west":{"uv":[7,0],"uv_size":[2,16]},"up":{"uv":[9,16],"uv_size":[-2,-16]},"down":{"uv":[9,16],"uv_size":[-2,-16]}}},{"origin":[-0.72,0.14,-1.385],"size":[2.72,1.36,2.72],"uv":{"north":{"uv":[7,0],"uv_size":[2,16]},"east":{"uv":[7,0],"uv_size":[2,16]},"south":{"uv":[7,0],"uv_size":[2,16]},"west":{"uv":[7,0],"uv_size":[2,16]},"up":{"uv":[9,16],"uv_size":[-2,-16]},"down":{"uv":[9,16],"uv_size":[-2,-16]}}},{"origin":[-0.04,0.14,-0.025],"size":[1.36,1.36,2.04],"uv":{"north":{"uv":[7,0],"uv_size":[2,16]},"east":{"uv":[7,0],"uv_size":[2,16]},"south":{"uv":[7,0],"uv_size":[2,16]},"west":{"uv":[7,0],"uv_size":[2,16]},"up":{"uv":[9,16],"uv_size":[-2,-16]},"down":{"uv":[9,16],"uv_size":[-2,-16]}}},{"origin":[-0.04,0.14,-2.065],"size":[1.36,1.36,2.04],"uv":{"north":{"uv":[7,0],"uv_size":[2,16]},"east":{"uv":[7,0],"uv_size":[2,16]},"south":{"uv":[7,0],"uv_size":[2,16]},"west":{"uv":[7,0],"uv_size":[2,16]},"up":{"uv":[9,16],"uv_size":[-2,-16]},"down":{"uv":[9,16],"uv_size":[-2,-16]}}},{"origin":[0.64,0.14,-0.705],"size":[2.04,1.36,1.36],"uv":{"north":{"uv":[7,0],"uv_size":[2,16]},"east":{"uv":[7,0],"uv_size":[2,16]},"south":{"uv":[7,0],"uv_size":[2,16]},"west":{"uv":[7,0],"uv_size":[2,16]},"up":{"uv":[9,16],"uv_size":[-2,-16]},"down":{"uv":[9,16],"uv_size":[-2,-16]}}},{"origin":[-1.4,0.14,-0.705],"size":[2.04,1.36,1.36],"uv":{"north":{"uv":[7,0],"uv_size":[2,16]},"east":{"uv":[7,0],"uv_size":[2,16]},"south":{"uv":[7,0],"uv_size":[2,16]},"west":{"uv":[7,0],"uv_size":[2,16]},"up":{"uv":[9,16],"uv_size":[-2,-16]},"down":{"uv":[9,16],"uv_size":[-2,-16]}}}]},{"name":"jacket","parent":"body","pivot":[0,24,0]},{"name":"leftLeg","parent":"root","pivot":[1.9,12,0]},{"name":"leftPants","parent":"leftLeg","pivot":[1.9,12,0]},{"name":"rightLeg","parent":"root","pivot":[-1.9,12,0]},{"name":"rightPants","parent":"rightLeg","pivot":[-1.9,12,0]}]}]}
