{"format_version":"1.8.0","animations":{"animation.car.drive.loop":{"loop":true,"animation_length":1,"bones":{"wheel1":{"rotation":[0,"math.clamp(query.yaw_speed * 0.5, -45, 45)",0]},"wheel2":{"rotation":[0,"math.clamp(query.yaw_speed * 0.5, -45, 45)",0]},"wheel3":{"rotation":{"0.0":["this",0,0],"1.0":["360 * (query.ground_speed / 2)",0,0]}},"wheel4":{"rotation":{"0.0":["this",0,0],"1.0":["360 * (query.ground_speed / 2)",0,0]}},"base":{"position":{"0.0":[0,0,0],"0.5":[0,"query.ground_speed > 0 ? 0.5 : 0",0],"0.9167":[0,0,0]}},"gearswitch":{"position":[0,0,"Math.ceil(3-((query.ground_speed < 10 ? query.ground_speed : 10)/2))"]},"rotatingWheel1":{"rotation":{"0.0":["this",0,0],"1.0":["360 * (query.ground_speed / 2)",0,0]}},"rotatingWheel2":{"rotation":{"0.0":["this",0,0],"1.0":["360 * (query.ground_speed / 2)",0,0]}},"steeringWheel":{"rotation":[0,0,"-math.clamp(query.yaw_speed * 0.5, -45, 45)"]}}},"animation.car.siren":{"loop":true,"animation_length":2.456,"sound_effects":{"0.0":{"effect":"siren"}}}}}
