{"format_version":"1.8.0","animations":{"animation.ore_golem.growl":{"animation_length":2.16667,"bones":{"bone6":{"scale":1},"bone7":{"scale":1},"beak":{"rotation":{"0.0":[0,0,0],"0.5":[37.5,0,0],"0.5833":[37.5,0,7.5],"0.6667":[37.5,0,-7.5],"0.75":[37.5,0,7.5],"0.8333":[37.5,0,-7.5],"0.9167":[37.5,0,7.5],"1.0":[37.5,0,-7.5],"1.0833":[37.5,0,0],"1.1667":[37.5,0,0],"1.25":[37.5,0,7.5],"1.3333":[37.5,0,-7.5],"1.4167":[37.5,0,7.5],"1.5":[37.5,0,-7.5],"1.5833":[37.5,0,7.5],"1.6667":[37.5,0,-7.5],"1.75":[37.5,0,0],"2.0":[0,0,0]},"position":{"0.0":[0,0,0],"2.0":[0,0,0]},"scale":{"0.0":[1,1,1],"2.0":[1,1,1]}},"eyebrow":{"rotation":{"0.0":[0,0,0],"0.5":[2.5,0,7.5]},"position":{"0.0":[0,0,0],"0.5":[0,1,0]},"scale":1},"eyebrow2":{"rotation":{"0.0":[0,0,0],"0.5":[0,0,-7.5]},"position":{"0.0":[0,0,0],"0.5":[0,1,0]},"scale":1},"Body":{"rotation":{"0.0":[0,0,0],"0.5":[-55,0,0],"1.5":[-55,0,0],"2.0":[0,0,0]},"position":{"0.0":[0,0,0],"2.0":[0,0,0]},"scale":{"0.0":[1,1,1],"2.0":[1,1,1]}},"bone3":{"rotation":{"0.0":[0,0,0],"0.5":[-60,17.5,0],"0.6667":[-60,10,0],"0.8333":[-60,17.5,0],"1.0":[-60,10,0],"1.1667":[-60,17.5,0],"1.3333":[-60,10,0],"1.75":[-60,17.5,0],"2.0":[0,0,0]},"position":{"0.0":[0,0,0],"2.0":[0,0,0]},"scale":{"0.0":[1,1,1],"2.0":[1,1,1]}},"bone5":{"rotation":{"0.0":[0,0,0],"0.5":[-60,-17.5,0],"0.6667":[-60,-10,0],"0.8333":[-60,-17.5,0],"1.0":[-60,-10,0],"1.1667":[-60,-17.5,0],"1.3333":[-60,-10,0],"1.75":[-60,-17.5,0],"2.0":[0,0,0]},"position":{"0.0":[0,0,0],"2.0":[0,0,0]},"scale":{"0.0":[1,1,1],"2.0":[1,1,1]}},"eyebrowL":{"rotation":{"0.0":[0,0,0],"0.1667":[0,0,-22.5],"1.5":[0,0,-22.5],"2.0":[0,0,0]},"position":{"0.0":[0,0,0],"0.1667":[-0.2,0.6,0],"1.5":[-0.2,0.6,0],"2.0":[0,0,0]},"scale":{"0.0":[1,1,1],"2.0":[1,1,1]}},"eyebrowR":{"rotation":{"0.0":[0,0,0],"0.1667":[0,0,22.5],"1.5":[0,0,22.5],"2.0":[0,0,0]},"position":{"0.0":[0,0,0],"0.1667":[0,0.7,0],"1.5":[0,0.7,0],"2.0":[0,0,0]},"scale":{"0.0":[1,1,1],"2.0":[1,1,1]}}}}}}
