{"format_version":"1.8.0","animations":{"animation.pickaxe_upgrader.loop":{"loop":true,"bones":{"pickaxe":{"rotation":{"1.7083":[0,0,0],"1.75":[0,0,-2.5],"1.7917":[0,0,-2.5],"1.8333":[0,0,0]},"position":[0,0,0],"scale":1},"hammer":{"rotation":{"0.0":[0,0,0],"1.0":[0,0,-40],"1.4167":[0,0,0],"1.7083":[0,0,87.5],"1.7917":[0,0,80],"1.875":[0,0,87.5],"3.0":[0,0,87.5],"4.0":[0,0,0]},"position":{"0.0":[0,8,0],"1.0":[-3,10,0],"1.4167":[3,14,0],"1.7083":[9,10,0],"1.7917":[9,11,0],"1.875":[9,10,0],"3.0":[9,10,0],"4.0":[0,8,0]},"scale":1}}}}}
