{"format_version":"1.8.0","animations":{"animation.pouchentity.loop":{"loop":true,"animation_length":2,"bones":{"root":{"rotation":{"0.0":{"post":[0,0,15],"lerp_mode":"catmullrom"},"1.0":{"post":[0,0,-15],"lerp_mode":"catmullrom"},"2.0":{"post":[0,0,15],"lerp_mode":"catmullrom"}},"position":{"0.0":[0,0,0],"0.5":[0,5,0],"1.0":[0,0,0],"1.5":[0,5,0],"2.0":[0,0,0]},"scale":{"0.0":{"post":[1,0.7,1],"lerp_mode":"catmullrom"},"0.5":{"post":[1,1,1],"lerp_mode":"catmullrom"},"1.0":{"post":[1,0.8,1],"lerp_mode":"catmullrom"},"1.5":{"post":[1,1,1],"lerp_mode":"catmullrom"},"2.0":{"post":[1,0.7,1],"lerp_mode":"catmullrom"}}},"mark":{"scale":{"0.0":[1,0.75,1],"0.5":[1,1,1],"1.0":[1,0.75,1],"1.5":[1,1,1],"2.0":[1,0.75,1]}},"point":{"rotation":{"0.0":{"post":[0,0,0],"lerp_mode":"catmullrom"},"1.9583":{"post":[0,720,0],"lerp_mode":"catmullrom"}}}}}}}
