{"format_version":"1.8.0","animations":{"animation.shoot_target.hit":{"animation_length":5,"bones":{"board_not_hit":{"scale":{"0.0":[1,1,1],"0.0417":[0,0,0],"4.9583":[0,0,0],"5.0":[1,1,1]}},"board_hit":{"rotation":{"0.0":[0,0,0],"0.0417":[0,0,0],"0.25":{"post":[-10,0,0],"lerp_mode":"catmullrom"},"0.5":{"post":[8,0,0],"lerp_mode":"catmullrom"},"0.75":{"post":[-6,0,0],"lerp_mode":"catmullrom"},"1.0":{"post":[4,0,0],"lerp_mode":"catmullrom"},"1.25":{"post":[-2,0,0],"lerp_mode":"catmullrom"},"1.5":{"post":[0,0,0],"lerp_mode":"catmullrom"},"1.75":[0,0,0],"1.7917":[0,0,0],"4.9583":[0,0,0],"5.0":[0,0,0]},"position":{"0.0":[0,0,0],"0.0417":[0,0,0],"0.25":{"post":[0,0,2],"lerp_mode":"catmullrom"},"0.5":{"post":[0,0,-1.5],"lerp_mode":"catmullrom"},"0.75":{"post":[0,0,1],"lerp_mode":"catmullrom"},"1.0":{"post":[0,0,0.5],"lerp_mode":"catmullrom"},"1.25":{"post":[0,0,-0.25],"lerp_mode":"catmullrom"},"1.5":{"post":[0,0,0],"lerp_mode":"catmullrom"},"1.75":[0,0,0],"1.7917":[0,0,0],"4.9583":[0,0,0],"5.0":[0,0,0]},"scale":{"0.0":[1,1,1],"0.0417":[2,2,2],"4.9583":[2,2,2],"5.0":[1,1,1]}}}}}}
