{"format_version":"1.10.0","animation_controllers":{"controller.animation.cat":{"states":{"default":{"animations":["idle"],"transitions":[{"sit_start":"query.is_sitting"},{"sleep_start":"query.is_sleeping"},{"walking":"query.ground_speed > 0"}],"blend_transition":0.2},"sit_start":{"animations":["sit_start"],"transitions":[{"sit_loop":"query.all_animations_finished"}]},"sit_loop":{"animations":["sit_loop"],"transitions":[{"sit_end":"!query.is_sitting && query.all_animations_finished"}]},"sit_end":{"animations":["sit_end"],"transitions":[{"default":"query.all_animations_finished"}],"blend_transition":0.2},"sleep_start":{"animations":["sleep_start"],"transitions":[{"sleep_loop":"query.all_animations_finished"}]},"sleep_loop":{"animations":["sleep_loop","awake_loop"],"transitions":[{"sleep_end":"!query.is_sleeping && query.all_animations_finished"}]},"sleep_end":{"animations":["sleep_end"],"transitions":[{"default":"query.all_animations_finished"}],"blend_transition":0.2},"walking":{"animations":["walk"],"transitions":[{"default":"query.ground_speed <= 0 && query.all_animations_finished"}],"blend_transition":0.2}}}}}
