{"namespace":"custom_close","galactixpe_close_button@common.close_button":{"$default_button_alpha":1,"anchor_from":"top_right","anchor_to":"top_right","offset":[3,3],"layer":6,"controls":[{"default":{"layer":2,"type":"image","texture":"textures/ui/inkoop/whitetransparency","color":"black","keep_ratio":false,"size":["100%c","100%c"],"alpha":0.5,"controls":[{"close@common.close_button_panel":{"$close_button_texture":"textures/ui/inkoop/shop_close_button_default"}}]}},{"hover":{"layer":2,"type":"image","texture":"textures/ui/inkoop/whitetransparency","keep_ratio":false,"size":["100%c","100%c"],"alpha":0.5,"color":[0.2,0.2,0.2],"controls":[{"close@common.close_button_panel":{"$close_button_texture":"textures/ui/inkoop/shop_close_button_default"}}]}},{"pressed":{"layer":2,"type":"image","texture":"textures/ui/inkoop/whitetransparency","keep_ratio":false,"size":["100%c","100%c"],"alpha":0.5,"color":[0.2,0.2,0.2],"controls":[{"close@common.close_button_panel":{"$close_button_texture":"textures/ui/inkoop/shop_close_button_default"}}]}}]},"galactixpe_atm_close@common.close_button":{"$default_button_alpha":1,"anchor_from":"top_right","anchor_to":"top_right","offset":["10%",-3],"layer":6,"controls":[{"default":{"layer":2,"type":"image","texture":"textures/ui/atm/exit","keep_ratio":true,"size":["100%c","100%c"],"alpha":0.5,"controls":[{"close@common.close_button_panel":{"$close_button_texture":"textures/ui/atm/exit"}}]}},{"hover":{"layer":2,"type":"image","texture":"textures/ui/atm/exit","keep_ratio":false,"size":["100%c","100%c"],"alpha":0.5,"color":[0.2,0.2,0.2],"controls":[{"close@common.close_button_panel":{"$close_button_texture":"textures/ui/atm/exit"}}]}},{"pressed":{"layer":2,"type":"image","texture":"textures/ui/atm/exit","keep_ratio":false,"size":["100%c","100%c"],"alpha":0.5,"color":[0.2,0.2,0.2],"controls":[{"close@common.close_button_panel":{"$close_button_texture":"textures/ui/atm/exit"}}]}}]}}
