{"blood_conditional_image":{"type":"image","texture":"textures/ui/blood_effect","alpha":"@anim_time","uv":[0,0],"layer":50,"fill":true,"keep_ratio":true,"bindings":[{"binding_name":"#hud_title_text_string"},{"binding_type":"view","source_property_name":"(#hud_title_text_string = '§d§a§m§a§g§e')","target_property_name":"#visible"}]},"blood_conditional_image_factory":{"type":"panel","factory":{"name":"hud_title_text_factory","control_ids":{"hud_title_text":"blood_conditional_image@hud.blood_conditional_image"}}},"root_panel":{"size":["100%","100%"],"modifications":[{"array_name":"controls","operation":"insert_front","value":{"blood_conditional_image_factory@hud.blood_conditional_image_factory":{}}}]},"anim_time":{"anim_type":"alpha","easing":"out_circ","from":1,"to":0,"duration":5}}
