{"blood_conditional_image":{"type":"image","texture":"textures/ui/blood_effect","alpha":"@anim_time","uv":[0,0],"layer":50,"fill":true,"keep_ratio":true},"anim_time":{"anim_type":"alpha","easing":"out_circ","from":1,"to":0,"duration":5},"kill_screen":{"type":"image","texture":"textures/ui/flash_screen","alpha":"@anim_thingy","uv":[0,0],"layer":50,"fill":true,"keep_ratio":true},"anim_thingy":{"anim_type":"alpha","easing":"out_circ","from":1,"to":0,"duration":3},"hud_conditional_renderer":{"type":"panel","controls":[{"kill_screen@hud.kill_screen":{"bindings":[{"binding_name":"#hud_title_text_string"},{"binding_type":"view","source_property_name":"(#hud_title_text_string = '§f§l§a§s§h')","target_property_name":"#visible"}]}},{"blood_conditional_image@hud.blood_conditional_image":{"bindings":[{"binding_name":"#hud_title_text_string"},{"binding_type":"view","source_property_name":"(#hud_title_text_string = '§d§a§m§a§g§e')","target_property_name":"#visible"}]}}]},"hud_title_factory":{"type":"panel","factory":{"name":"hud_title_text_factory","control_ids":{"hud_title_text":"hud_conditional_renderer@hud.hud_conditional_renderer"}}},"root_panel":{"size":["100%","100%"],"modifications":[{"array_name":"controls","operation":"insert_front","value":{"hud_title_factory@hud.hud_title_factory":{}}}]}}
