{"blood_conditional_image":{"type":"image","texture":"textures/ui/blood_effect","alpha":"@anim_time","uv":[0,0],"layer":50,"fill":true,"keep_ratio":true,"bindings":[{"binding_name":"#hud_title_text_string"},{"binding_type":"view","source_property_name":"(#hud_title_text_string = '§d§a§m§a§g§e')","target_property_name":"#visible"}]},"blood_conditional_image_factory":{"type":"panel","factory":{"name":"hud_title_text_factory","control_ids":{"hud_title_text":"blood_conditional_image@hud.blood_conditional_image"}}},"root_panel":{"size":["100%","100%"],"modifications":[{"array_name":"controls","operation":"insert_front","value":{"blood_conditional_image_factory@hud.blood_conditional_image_factory":{}}}]},"anim_time":{"anim_type":"alpha","easing":"out_circ","from":1,"to":0,"duration":5},"hud_actionbar_text":{"controls":[{"normal_action_bar@normal_action_bar":{}},{"friend_paneltje":{"type":"panel","anchor_to":"top_right","anchor_from":"top_right","size":["50%","50%"],"controls":[{"friend_notification@friend_notification":{}}]}}]},"anim_move":{"anim_type":"offset","easing":"out_elastic","from":[0,"-64px"],"to":[0,"0px"],"duration":1,"next":"anim_move_idle"},"anim_move_idle":{"anim_type":"offset","easing":"linear","from":[0,"0px"],"to":[0,"0px"],"duration":1,"next":"anim_move_out"},"anim_move_out":{"anim_type":"offset","easing":"in_cubic","from":[0,"0px"],"to":[0,"-64px"],"duration":1},"friend_notification":{"$flag_friend_notification":"§f§r§i§e§n§d","$is_visible|default":false,"visible":"$is_visible","anchor_from":"top_left","anchor_to":"top_left","type":"image","texture":"textures/gui/gui","uv_size":[120,32],"keep_ratio":false,"uv":[130,106],"offset":"@anim_move","layer":31,"size":["160px","40px"],"variables":[{"$is_visible":true,"requires":"(not(($actionbar_text - $flag_friend_notification) = $actionbar_text))"}],"controls":[{"actual_panel":{"type":"stack_panel","orientation":"horizontal","anchor_from":"center","anchor_to":"center","offset":["20px","10px"],"controls":[{"margin_panel":{"type":"panel","size":["10px","16px"]}},{"player_joined":{"type":"image","size":["20px","20px"],"offset":["0px","10px"],"texture":"textures/ui/dressing_room_skins","keep_ratio":true}},{"actionbar_friend_message_panel":{"type":"panel","anchor_from":"top_middle","anchor_to":"top_middle","controls":[{"friend_popup_message":{"type":"label","anchor_from":"top_middle","anchor_to":"top_middle","color":"$tool_tip_text","font_scale_factor":1,"font_type":"MinecraftTen","layer":31,"text":"$actionbar_text","localize":false}}]}}]}}]},"normal_action_bar":{"type":"image","size":["100%c + 12px","100%c + 5px"],"offset":[0,"50%-68px"],"texture":"textures/ui/hud_tip_text_background","$flag_friend_notification":"§f§r§i§e§n§d","alpha":"@anim_time","$is_visible|default":true,"ignored":"!$is_visible","visible":"$is_visible","variables":[{"$is_visible":false,"requires":"(not(($actionbar_text - $flag_friend_notification) = $actionbar_text))"}],"controls":[{"actionbar_message":{"type":"label","anchor_from":"center","anchor_to":"center","color":"$tool_tip_text","layer":31,"text":"$actionbar_text","localize":false,"alpha":"@anim_time"}}]}}
