{"namespace":"server_form","third_party_server_screen@common.base_screen":{"$screen_content":"server_form.galactixpe_main_screen_content","button_mappings":[{"from_button_id":"button.menu_cancel","to_button_id":"button.menu_exit","mapping_type":"global"}]},"galactixpe_main_screen_content":{"type":"panel","size":["100%","100%"],"controls":[{"server_form_factory":{"type":"factory","control_ids":{"long_form":"@server_form.galactixpe_long_form_selection","custom_form":"@server_form.custom_form"}}}]},"galactixpe_long_form_selection":{"type":"panel","$flag_atm_main":"§0§0§1","$flag_atm_options":"§0§0§2","$flag_inkoop":"§0§0§3","$flag_uurloon":"§0§0§4","size":["80%","80%"],"controls":[{"long_form@long_form":{"bindings":[{"binding_type":"global","binding_condition":"none","binding_name":"#title_text","binding_name_override":"#title_text"},{"source_property_name":"((#title_text - $flag_atm_options - $flag_atm_main - $flag_inkoop - $flag_uurloon) = #title_text))","binding_type":"view","target_property_name":"#visible"}]}},{"galactixpe_inkoop@galactixpe_inkoop":{"bindings":[{"binding_type":"global","binding_condition":"none","binding_name":"#title_text","binding_name_override":"#title_text"},{"source_property_name":"(not ((#title_text - $flag_inkoop) = #title_text)) and ((#title_text - $flag_atm_options - $flag_atm_main - $flag_uurloon) = #title_text)))","binding_type":"view","target_property_name":"#visible"}]}},{"galactixpe_atm_main@galactixpe_atm_main":{"bindings":[{"binding_type":"global","binding_condition":"none","binding_name":"#title_text","binding_name_override":"#title_text"},{"source_property_name":"(not ((#title_text - $flag_atm_main) = #title_text)) and ((#title_text - $flag_atm_options - $flag_inkoop - $flag_uurloon) = #title_text)))","binding_type":"view","target_property_name":"#visible"}]}},{"galactixpe_atm_option@galactixpe_atm_option":{"bindings":[{"binding_type":"global","binding_condition":"none","binding_name":"#title_text","binding_name_override":"#title_text"},{"source_property_name":"(not ((#title_text - $flag_atm_options) = #title_text)) and ((#title_text - $flag_atm_main - $flag_inkoop - $flag_uurloon) = #title_text)))","binding_type":"view","target_property_name":"#visible"}]}},{"galactixpe_uurloon_menu@galactixpe_uurloon_menu":{"bindings":[{"binding_type":"global","binding_condition":"none","binding_name":"#title_text","binding_name_override":"#title_text"},{"source_property_name":"(not ((#title_text - $flag_uurloon) = #title_text)) and ((#title_text - $flag_atm_main - $flag_inkoop - $flag_atm_options) = #title_text)))","binding_type":"view","target_property_name":"#visible"}]}}]},"galactixpe_uurloon_menu":{"type":"image","keep_ratio":false,"size":["200%","200%"],"texture":"textures/ui/uurloon/pinktransparency","layer":0,"alpha":0.5,"color":"pink","controls":[{"menu@galactixpe_uurloon_show_menu":{}}]},"galactixpe_uurloon_show_menu":{"type":"stack_panel","anchor_from":"center","anchor_to":"center","size":["50%","50% - 70px"],"orientation":"vertical","controls":[{"title":{"type":"panel","anchor_from":"top_left","anchor_to":"top_left","size":["100%",21],"controls":[{"modal_title":{"type":"label","font_type":"MinecraftTen","localize":false,"text":"#title_text","color":"yellow","text_alignment":"center","font_scale_factor":2,"anchor_from":"top_center","anchor_to":"top_center","size":["default",20],"offset":[0,0],"layer":53,"shadow":false,"bindings":[{"binding_name":"#title_text","binding_type":"global"}]}},{"close_button@server_form.galactixpe_inkoop_close_button":{}}]}},{"padding":{"type":"panel","size":["100%c",5],"anchor_from":"top_left","anchor_to":"top_left"}},{"modal_description":{"type":"panel","anchor_from":"top_center","anchor_to":"top_center","size":["default",20],"controls":[{"description_label":{"type":"label","font_type":"default","localize":false,"text":"#form_text","color":"yellow","text_alignment":"center","font_scale_factor":1,"anchor_from":"top_center","anchor_to":"top_center","offset":[0,0],"layer":53,"shadow":true,"bindings":[{"binding_name":"#form_text","binding_type":"global"}]}}]}},{"contents":{"size":["100%","100%"],"layer":2,"type":"panel","controls":[{"galactixpe_uurloon_scroll_panel@galactixpe_uurloon_scroll_panel":{}}]}}]},"galactixpe_uurloon_scroll_panel@common.scrolling_panel":{"anchor_to":"top_left","anchor_from":"top_left","$show_background":false,"size":["100%","100%"],"$scrolling_content":"server_form.galactixpe_uurloon_grid_wrapper","$scroll_size":[5,"100% - 4px"],"$scrolling_pane_size":["100%","100%"],"$scrolling_pane_offset":[0,0],"$scroll_bar_right_padding_size":[2,0]},"galactixpe_uurloon_grid_wrapper":{"type":"panel","anchor_from":"top_middle","anchor_to":"top_middle","offset":[5,5],"size":["100% - 5px","100%c"],"controls":[{"galactixpe_uurloon_grid@server_form.galactixpe_uurloon_grid":{}}]},"galactixpe_uurloon_grid":{"type":"grid","size":["100%","100%c"],"anchor_from":"top_middle","anchor_to":"top_middle","grid_item_template":"server_form.galactixpe_uurloon_entry","grid_rescaling_type":"horizontal","collection_name":"form_buttons","bindings":[{"binding_name":"#form_button_length","binding_name_override":"#maximum_grid_items"}]},"galactixpe_uurloon_entry":{"size":["16%",80],"type":"stack_panel","controls":[{"button_please_work@common.button":{"size":["100%","100%"],"layer":1,"$pressed_button_name":"button.form_button_click","controls":[{"default@server_form.galactixpe_uurloon_entry_inside":{"$state":"default"}},{"hover@server_form.galactixpe_uurloon_entry_inside":{"$state":"hover"}},{"pressed@server_form.galactixpe_uurloon_entry_inside":{"$state":"pressed"}}],"bindings":[{"binding_type":"collection_details","binding_collection_name":"form_buttons"},{"binding_name":"#form_button_text","binding_type":"collection","binding_collection_name":"form_buttons"},{"binding_type":"view","source_property_name":"(not ((#form_button_text = '') or (#form_button_text = 'loading')))","target_property_name":"#visible"}]}}],"bindings":[{"binding_name":"#form_button_text","binding_type":"collection","binding_collection_name":"form_buttons"}]},"galactixpe_uurloon_entry_inside":{"type":"stack_panel","anchor_from":"top_left","anchor_to":"top_left","size":["100% - 10px","100% - 10px"],"orientation":"vertical","$color|default":"purple","controls":[{"entry_icon":{"$image_uv|default":[0,0],"size":["100%","fill"],"layer":10,"type":"image","uv_size":[128,128],"uv":"$image_uv","keep_ratio":true,"controls":[{"background_thingy":{"type":"image","texture":"textures/ui/inkoop/whitetransparency","color":"$color","keep_ratio":false,"alpha":0.5,"layer":-1}}],"variables":[{"requires":"($state = 'hover')","$image_uv":[0,128]}],"bindings":[{"binding_name":"#form_button_texture","binding_name_override":"#texture","binding_type":"collection","binding_collection_name":"form_buttons"},{"binding_name":"#form_button_texture_file_system","binding_name_override":"#texture_file_system","binding_type":"collection","binding_collection_name":"form_buttons"},{"binding_type":"view","source_property_name":"(not ((#texture = '') or (#texture = 'loading')))","target_property_name":"#visible"}]}},{"entry_description":{"size":["100%","100%c + 12px"],"layer":2,"type":"image","texture":"textures/ui/inkoop/whitetransparency","color":"$color","keep_ratio":false,"alpha":0.5,"controls":[{"entry_description_label":{"type":"label","font_type":"MinecraftTen","text":"#form_button_text","line_padding":2,"color":"white","font_scale_factor":1,"anchor_from":"top_left","anchor_to":"top_left","offset":[6,6],"size":["100% - 8px","default"],"layer":5,"shadow":false,"bindings":[{"binding_type":"collection","binding_collection_name":"form_buttons","binding_condition":"none","binding_name":"#form_button_text","binding_name_override":"#form_button_text"}]}}]}}],"variables":[{"requires":"(($state = 'hover')","$color":[0.2,0.2,0.2]}]},"galactixpe_inkoop":{"type":"stack_panel","anchor_from":"top_left","anchor_to":"top_left","size":["100%","100% - 70px"],"offset":[25,20],"orientation":"vertical","controls":[{"title":{"type":"panel","anchor_from":"top_left","anchor_to":"top_left","size":["100%",21],"controls":[{"modal_title":{"type":"label","font_type":"MinecraftTen","localize":false,"text":"#title_text","color":"yellow","text_alignment":"left","font_scale_factor":2,"anchor_from":"top_left","anchor_to":"top_left","size":["default",20],"offset":[0,0],"layer":53,"shadow":false,"bindings":[{"binding_name":"#title_text","binding_type":"global"}]}},{"close_button@server_form.galactixpe_inkoop_close_button":{}}]}},{"padding":{"type":"panel","size":["100%c",5],"anchor_from":"top_left","anchor_to":"top_left"}},{"contents":{"size":["100%","100%"],"layer":2,"type":"image","texture":"textures/ui/inkoop/whitetransparency","color":"black","keep_ratio":false,"alpha":0.5,"controls":[{"galactixpe_inkoop_scroll_panel@galactixpe_inkoop_scroll_panel":{}}]}}]},"galactixpe_inkoop_close_button@common.close_button":{"$default_button_alpha":1,"anchor_from":"top_right","anchor_to":"top_right","offset":[3,3],"layer":6,"controls":[{"default":{"layer":2,"type":"image","texture":"textures/ui/inkoop/whitetransparency","color":"black","keep_ratio":false,"size":["100%c","100%c"],"alpha":0.5,"controls":[{"close@common.close_button_panel":{"$close_button_texture":"textures/ui/inkoop/shop_close_button_default"}}]}},{"hover":{"layer":2,"type":"image","texture":"textures/ui/inkoop/whitetransparency","keep_ratio":false,"size":["100%c","100%c"],"alpha":0.5,"color":[0.2,0.2,0.2],"controls":[{"close@common.close_button_panel":{"$close_button_texture":"textures/ui/inkoop/shop_close_button_default"}}]}},{"pressed":{"layer":2,"type":"image","texture":"textures/ui/inkoop/whitetransparency","keep_ratio":false,"size":["100%c","100%c"],"alpha":0.5,"color":[0.2,0.2,0.2],"controls":[{"close@common.close_button_panel":{"$close_button_texture":"textures/ui/inkoop/shop_close_button_default"}}]}}]},"galactixpe_inkoop_scroll_panel@common.scrolling_panel":{"anchor_to":"top_left","anchor_from":"top_left","$show_background":false,"size":["100%","100%"],"$scrolling_content":"server_form.galactixpe_inkoop_grid_wrapper","$scroll_size":[5,"100% - 4px"],"$scrolling_pane_size":["100%","100%"],"$scrolling_pane_offset":[0,0],"$scroll_bar_right_padding_size":[2,0]},"galactixpe_inkoop_grid_wrapper":{"type":"panel","anchor_from":"top_middle","anchor_to":"top_middle","offset":[5,5],"size":["100% - 5px","100%c"],"controls":[{"modal_description":{"type":"label","font_type":"Mojangles","localize":false,"text":"#form_text","color":"yellow","text_alignment":"center","font_scale_factor":1,"anchor_from":"top_middle","anchor_to":"top_middle","size":["default",20],"offset":[0,0],"layer":53,"shadow":true,"bindings":[{"binding_name":"#form_text","binding_type":"global"}]}},{"galactixpe_inkoop_grid@server_form.galactixpe_inkoop_grid":{"offset":[0,20]}}]},"galactixpe_inkoop_grid":{"type":"grid","size":["100%","100%c"],"anchor_from":"top_middle","anchor_to":"top_middle","grid_item_template":"server_form.galactixpe_inkoop_entry","grid_rescaling_type":"horizontal","collection_name":"form_buttons","bindings":[{"binding_name":"#form_button_length","binding_name_override":"#maximum_grid_items"}]},"galactixpe_inkoop_entry":{"size":"$el_size","$full_width_flag":"§f§w","$el_size|default":["33%",140],"type":"panel","controls":[{"button_please_work@common.button":{"size":["100%","100%"],"layer":1,"$pressed_button_name":"button.form_button_click","controls":[{"default@server_form.galactixpe_inkoop_entry_inside":{"$state":"default"}},{"hover@server_form.galactixpe_inkoop_entry_inside":{"$state":"hover"}},{"pressed@server_form.galactixpe_inkoop_entry_inside":{"$state":"pressed"}}],"bindings":[{"binding_type":"collection_details","binding_collection_name":"form_buttons"},{"binding_name":"#form_button_text","binding_type":"collection","binding_collection_name":"form_buttons"},{"binding_type":"view","source_property_name":"(not ((#form_button_text = '') or (#form_button_text = 'loading')))","target_property_name":"#visible"}]}}],"bindings":[{"binding_name":"#form_button_text","binding_type":"collection","binding_collection_name":"form_buttons"}],"variables":{"requires":"( not((#form_button_text - $full_width_flag) = #form_button_text) )","$el_size":["100%",140]}},"galactixpe_inkoop_entry_inside":{"type":"stack_panel","anchor_from":"top_left","anchor_to":"top_left","offset":[5,5],"size":["100% - 10px","100% - 10px"],"orientation":"vertical","$color|default":"black","variables":[{"requires":"($state = 'hover')","$color":[0.2,0.2,0.2]}],"controls":[{"entry_icon":{"size":["100%","fill"],"layer":10,"type":"image","keep_ratio":true,"bindings":[{"binding_name":"#form_button_texture","binding_name_override":"#texture","binding_type":"collection","binding_collection_name":"form_buttons"},{"binding_name":"#form_button_texture_file_system","binding_name_override":"#texture_file_system","binding_type":"collection","binding_collection_name":"form_buttons"},{"binding_type":"view","source_property_name":"(not ((#texture = '') or (#texture = 'loading')))","target_property_name":"#visible"}]}},{"entry_description":{"size":["100%","100%c + 12px"],"layer":2,"type":"image","texture":"textures/ui/inkoop/whitetransparency","color":"$color","keep_ratio":false,"alpha":0.9,"controls":[{"entry_description_label":{"type":"label","font_type":"default","text":"#form_button_text","line_padding":2,"color":"white","font_scale_factor":1,"anchor_from":"top_left","anchor_to":"top_left","offset":[6,6],"size":["100% - 8px","default"],"layer":5,"shadow":true,"bindings":[{"binding_type":"collection","binding_collection_name":"form_buttons","binding_condition":"none","binding_name":"#form_button_text","binding_name_override":"#form_button_text"}]}}]}}]},"galactixpe_atm_main":{"type":"image","texture":"textures/ui/atm/bg_white","layer":1,"keep_ratio":true,"fill":true,"anchor_from":"center","anchor_to":"center","size":["500%","500%"],"alpha":0.9,"controls":[{"page":{"type":"stack_panel","anchor_from":"center","anchor_to":"center","size":["20%","20%"],"orientation":"vertical","controls":[{"title":{"type":"panel","anchor_from":"top_left","anchor_to":"top_left","size":["90%",21],"controls":[{"modal_title":{"type":"label","font_type":"MinecraftTen","localize":false,"text":"COSMIC BANK","color":"black","text_alignment":"left","font_scale_factor":1,"anchor_from":"top_left","anchor_to":"top_left","size":["90%",20],"offset":["10%",0],"controls":[{"logo":{"type":"image","texture":"textures/ui/atm/logo","layer":1,"keep_ratio":true,"size":["20%",20],"offset":["-14%","-25%"],"anchor_from":"top_left","anchor_to":"top_left"}}],"layer":53,"shadow":false}},{"close_button@server_form.galactixpe_atm_close":{}}]}},{"line":{"type":"image","texture":"textures/ui/atm/stripe_bar","layer":1,"keep_ratio":false,"size":["100%","20px"],"offset":["-100%",0],"anchor_from":"center","anchor_to":"center","controls":[{"username_label":{"type":"label","layer":2,"offset":[5,-1],"font_type":"MinecraftTen","text_alignment":"left","color":"black","size":["100%","default"],"anchor_from":"left_middle","anchor_to":"left_middle","text":"#title_text"}},{"balance_label":{"type":"label","layer":2,"offset":[-5,-1],"font_type":"MinecraftTen","text_alignment":"right","color":"black","size":["100%","default"],"anchor_from":"right_middle","anchor_to":"right_middle","text":"#form_text"}}]}},{"padding1":{"type":"panel","size":["100%c",5],"anchor_from":"top_left","anchor_to":"top_left"}},{"optie_kies_ding":{"type":"label","$option_flag":"§a§t§m§o","$main_flag":"§a§t§m§m","offset":[3,"0%"],"font_type":"MinecraftTen","text_alignment":"center","color":"black","size":["100%","default"],"anchor_from":"top_middle","anchor_to":"top_middle","text":"Kies een optie:"}},{"contents":{"size":["100%","100%"],"layer":2,"type":"panel","alpha":0.5,"controls":[{"galactixpe_scroll_panel@galactixpe_atm_main_scroll_panel":{}}]}}]}}]},"galactixpe_atm_main_scroll_panel@common.scrolling_panel":{"anchor_to":"top_left","anchor_from":"top_left","$show_background":false,"size":["100%","100%"],"$scrolling_content":"server_form.galactixpe_atm_main_grid_wrapper","$scroll_size":[5,"100% - 4px"],"$scrolling_pane_size":["100%","100%"],"$scrolling_pane_offset":[0,0],"$scroll_bar_right_padding_size":[2,0]},"galactixpe_atm_main_grid_wrapper":{"type":"panel","anchor_from":"top_middle","anchor_to":"top_middle","offset":[0,5],"size":["100% - 5px","100%c"],"controls":[{"galactixpe_atm_grid@server_form.galactixpe_atm_main_grid":{}}]},"galactixpe_atm_main_grid":{"type":"grid","size":["100%","75%c"],"anchor_from":"top_middle","anchor_to":"top_middle","grid_item_template":"server_form.galactixpe_atm_main_button","grid_rescaling_type":"horizontal","collection_name":"form_buttons","bindings":[{"binding_name":"#form_button_length","binding_name_override":"#maximum_grid_items"}]},"galactixpe_atm_main_button":{"type":"panel","size":["25%",32],"controls":[{"button@common.button":{"size":["80%","50%"],"anchor_from":"top_middle","anchor_to":"top_middle","layer":1,"$pressed_button_name":"button.form_button_click","controls":[{"default@server_form.galactixpe_atm_main_button_inside":{"$state":"default"}},{"hover@server_form.galactixpe_atm_main_button_inside":{"$state":"hover"}}],"bindings":[{"binding_type":"collection_details","binding_collection_name":"form_buttons"},{"binding_type":"collection","binding_collection_name":"form_buttons","binding_condition":"none","binding_name":"#form_button_text","binding_name_override":"#form_button_text"},{"binding_type":"view","source_property_name":"(not ((#form_button_text = '') or (#form_button_text = 'loading')))","target_property_name":"#visible"}]}}],"bindings":[{"binding_type":"collection","binding_collection_name":"form_buttons","binding_condition":"none","binding_name":"#form_button_text","binding_name_override":"#form_button_text"}]},"galactixpe_atm_main_button_inside":{"type":"stack_panel","anchor_from":"top_left","anchor_to":"top_left","size":["100%","100%"],"orientation":"vertical","$color|default":"default","variables":[{"requires":"($state = 'hover')","$color":[0.5,0.5,0.5]}],"controls":[{"entry_description":{"size":["100%","100%"],"layer":2,"type":"image","texture":"textures/ui/atm/button","color":"$color","keep_ratio":false,"alpha":0.4,"controls":[{"entry_description_label":{"type":"label","text":"#form_button_text","line_padding":2,"color":"white","font_type":"MinecraftTen","text_alignment":"center","font_scale_factor":1,"anchor_from":"center","anchor_to":"center","offset":[0,"-10%"],"size":["100% - 8px","default"],"layer":5,"shadow":false,"bindings":[{"binding_type":"collection","binding_collection_name":"form_buttons","binding_condition":"none","binding_name":"#form_button_text","binding_name_override":"#form_button_text"}]}}]}}]},"galactixpe_atm_option":{"type":"image","texture":"textures/ui/atm/bg_white","layer":1,"keep_ratio":true,"fill":true,"anchor_from":"center","anchor_to":"center","size":["500%","500%"],"alpha":0.9,"controls":[{"page":{"type":"stack_panel","anchor_from":"center","anchor_to":"center","size":["20%","20%"],"orientation":"vertical","controls":[{"title":{"type":"panel","anchor_from":"top_left","anchor_to":"top_left","size":["90%",21],"controls":[{"modal_title":{"type":"label","font_type":"MinecraftTen","localize":false,"text":"COSMIC BANK","color":"black","text_alignment":"left","font_scale_factor":1,"anchor_from":"top_left","anchor_to":"top_left","size":["90%",20],"offset":["10%",0],"controls":[{"logo":{"type":"image","texture":"textures/ui/atm/logo","layer":1,"keep_ratio":true,"size":["20%",20],"offset":["-14%","-25%"],"anchor_from":"top_left","anchor_to":"top_left"}}],"layer":53,"shadow":false}},{"close_button@server_form.galactixpe_atm_close":{}}]}},{"line":{"type":"image","texture":"textures/ui/atm/stripe_bar","layer":1,"keep_ratio":false,"size":["100%","20px"],"offset":["-100%",0],"anchor_from":"center","anchor_to":"center","controls":[{"username_label":{"type":"label","layer":2,"offset":[5,-1],"font_type":"MinecraftTen","text_alignment":"left","color":"black","size":["100%","default"],"anchor_from":"left_middle","anchor_to":"left_middle","text":"#title_text"}},{"balance_label":{"type":"label","layer":2,"offset":[-5,-1],"font_type":"MinecraftTen","text_alignment":"right","color":"black","size":["100%","default"],"anchor_from":"right_middle","anchor_to":"right_middle","text":"#form_text"}}]}},{"padding2":{"type":"panel","size":["100%c",5],"anchor_from":"top_left","anchor_to":"top_left"}},{"player_model":{"type":"custom","$flag_no_player_render":"§1§0§0","renderer":"live_player_renderer","property_bag":{"#look_at_cursor":true},"layer":100,"size":["100%","10%"],"anchor_from":"top_middle","anchor_to":"top_middle","bindings":[{"binding_type":"global","binding_condition":"none","binding_name":"#title_text","binding_name_override":"#title_text"},{"source_property_name":"((#title_text - $flag_no_player_render) = #title_text)","binding_type":"view","target_property_name":"#visible"}]}},{"padding3":{"type":"panel","size":["100%c",25],"anchor_from":"top_left","anchor_to":"top_left"}},{"optie_kies_ding":{"type":"label","$option_flag":"§a§t§m§o","$main_flag":"§a§t§m§m","offset":["10%","100%"],"font_type":"MinecraftTen","text_alignment":"center","color":"black","size":["100%","10%"],"anchor_from":"top_middle","anchor_to":"top_middle","text":"Kies een optie:"}},{"contents":{"size":["100%","100%"],"offset":[-5,0],"layer":2,"type":"panel","alpha":0.5,"controls":[{"galactixpe_scroll_panel@galactixpe_atm_option_scroll_panel":{}}]}}]}}]},"galactixpe_atm_option_scroll_panel@common.scrolling_panel":{"anchor_to":"top_left","anchor_from":"top_left","$show_background":false,"size":["100%","100%"],"$scrolling_content":"server_form.galactixpe_atm_option_grid_wrapper","$scroll_size":[5,"100% - 4px"],"$scrolling_pane_size":["100%","100%"],"$scrolling_pane_offset":[0,0],"$scroll_bar_right_padding_size":[2,0]},"galactixpe_atm_option_grid_wrapper":{"type":"panel","anchor_from":"top_middle","anchor_to":"top_middle","offset":[0,5],"size":["100% - 5px","100%c"],"controls":[{"galactixpe_atm_grid@server_form.galactixpe_atm_option_grid":{}}]},"galactixpe_atm_option_grid":{"type":"grid","size":["100%","75%c"],"anchor_from":"top_middle","anchor_to":"top_middle","grid_item_template":"server_form.galactixpe_atm_option_button","grid_rescaling_type":"horizontal","collection_name":"form_buttons","bindings":[{"binding_name":"#form_button_length","binding_name_override":"#maximum_grid_items"}]},"galactixpe_atm_option_button":{"type":"panel","size":["33%",32],"controls":[{"button@common.button":{"size":["90%","75%"],"anchor_from":"top_middle","anchor_to":"top_middle","layer":1,"$pressed_button_name":"button.form_button_click","controls":[{"default@server_form.galactixpe_atm_option_button_inside":{"$state":"default"}},{"hover@server_form.galactixpe_atm_option_button_inside":{"$state":"hover"}}],"bindings":[{"binding_type":"collection_details","binding_collection_name":"form_buttons"},{"binding_type":"collection","binding_collection_name":"form_buttons","binding_condition":"none","binding_name":"#form_button_text","binding_name_override":"#form_button_text"},{"binding_type":"view","source_property_name":"(not ((#form_button_text = '') or (#form_button_text = 'loading')))","target_property_name":"#visible"}]}}]},"galactixpe_atm_option_button_inside":{"type":"stack_panel","anchor_from":"top_left","anchor_to":"top_left","size":["100%","100%"],"orientation":"vertical","$color|default":"default","variables":[{"requires":"($state = 'hover')","$color":[0.5,0.5,0.5]}],"controls":[{"entry_description":{"size":["100%","100%"],"layer":2,"type":"image","texture":"textures/ui/atm/button","color":"$color","keep_ratio":false,"alpha":0.4,"controls":[{"entry_description_label":{"type":"label","text":"#form_button_text","line_padding":2,"color":"white","font_type":"MinecraftTen","text_alignment":"center","font_scale_factor":1,"anchor_from":"center","anchor_to":"center","offset":[0,"-10%"],"size":["100% - 8px","default"],"layer":5,"shadow":true,"bindings":[{"binding_type":"collection","binding_collection_name":"form_buttons","binding_condition":"none","binding_name":"#form_button_text","binding_name_override":"#form_button_text"}]}}]}}]},"galactixpe_atm_close@common.close_button":{"$default_button_alpha":1,"anchor_from":"top_right","anchor_to":"top_right","offset":["10%",-3],"layer":6,"controls":[{"default":{"layer":2,"type":"image","texture":"textures/ui/atm/exit","keep_ratio":true,"size":["100%c","100%c"],"alpha":0.5,"controls":[{"close@common.close_button_panel":{"$close_button_texture":"textures/ui/atm/exit"}}]}},{"hover":{"layer":2,"type":"image","texture":"textures/ui/atm/exit","keep_ratio":false,"size":["100%c","100%c"],"alpha":0.5,"color":[0.2,0.2,0.2],"controls":[{"close@common.close_button_panel":{"$close_button_texture":"textures/ui/atm/exit"}}]}},{"pressed":{"layer":2,"type":"image","texture":"textures/ui/atm/exit","keep_ratio":false,"size":["100%c","100%c"],"alpha":0.5,"color":[0.2,0.2,0.2],"controls":[{"close@common.close_button_panel":{"$close_button_texture":"textures/ui/atm/exit"}}]}}]},"custom_input@settings_common.option_text_edit":{"$option_label":"#custom_text","$option_place_holder_text":"#custom_placeholder_text","$text_edit_box_placeholder_content_binding_name":"$option_place_holder_text","$text_edit_box_placeholder_content_binding_type":"collection","$text_edit_box_grid_collection_name":"custom_form","$max_text_edit_length":500,"$text_edit_box_content_binding_type":"collection","$text_edit_box_content_binding_name":"#custom_input_text","$option_binding_name":"#custom_input_text","$text_box_enabled_binding_name":"#custom_input_enabled","$text_box_name":"custom_input","$label_bindings":[{"binding_name":"#custom_text","binding_type":"collection","binding_collection_name":"custom_form"}]}}
