{"namespace":"server_form","third_party_server_screen@common.base_screen":{"$screen_content":"server_form.galactixpe_main_screen_content","button_mappings":[{"from_button_id":"button.menu_cancel","to_button_id":"button.menu_exit","mapping_type":"global"}]},"galactixpe_main_screen_content":{"type":"panel","size":["100%","100%"],"controls":[{"server_form_factory":{"type":"factory","control_ids":{"long_form":"@server_form.galactixpe_long_form_selection","custom_form":"@server_form.custom_form"}}}]},"galactixpe_long_form_selection":{"type":"panel","$flag_atm_main":"§0§0§1","$flag_atm_options":"§0§0§2","$flag_inkoop":"§0§0§3","$flag_uurloon":"§0§0§4","$flag_camera":"§0§0§5","size":["80%","80%"],"controls":[{"long_form@long_form":{"bindings":[{"binding_type":"global","binding_condition":"none","binding_name":"#title_text","binding_name_override":"#title_text"},{"source_property_name":"((#title_text - $flag_atm_options - $flag_atm_main - $flag_inkoop - $flag_uurloon - $flag_camera) = #title_text))","binding_type":"view","target_property_name":"#visible"}]}},{"galactixpe_inkoop@inkoop.galactixpe_inkoop":{"bindings":[{"binding_type":"global","binding_condition":"none","binding_name":"#title_text","binding_name_override":"#title_text"},{"source_property_name":"(not ((#title_text - $flag_inkoop) = #title_text)) and ((#title_text - $flag_atm_options - $flag_atm_main - $flag_uurloon - $flag_camera) = #title_text)))","binding_type":"view","target_property_name":"#visible"}]}},{"galactixpe_atm_main@atm.galactixpe_atm_main":{"bindings":[{"binding_type":"global","binding_condition":"none","binding_name":"#title_text","binding_name_override":"#title_text"},{"source_property_name":"(not ((#title_text - $flag_atm_main) = #title_text)) and ((#title_text - $flag_atm_options - $flag_inkoop - $flag_uurloon - $flag_camera) = #title_text)))","binding_type":"view","target_property_name":"#visible"}]}},{"galactixpe_atm_option@atm_option.galactixpe_atm_option":{"bindings":[{"binding_type":"global","binding_condition":"none","binding_name":"#title_text","binding_name_override":"#title_text"},{"source_property_name":"(not ((#title_text - $flag_atm_options) = #title_text)) and ((#title_text - $flag_atm_main - $flag_inkoop - $flag_uurloon - $flag_camera) = #title_text)))","binding_type":"view","target_property_name":"#visible"}]}},{"galactixpe_uurloon_menu@uurloon.galactixpe_uurloon_menu":{"bindings":[{"binding_type":"global","binding_condition":"none","binding_name":"#title_text","binding_name_override":"#title_text"},{"source_property_name":"(not ((#title_text - $flag_uurloon) = #title_text)) and ((#title_text - $flag_atm_main - $flag_inkoop - $flag_atm_options - $flag_camera) = #title_text)))","binding_type":"view","target_property_name":"#visible"}]}},{"galactixepe_security_camera_menu@security_camera.galactixepe_security_camera_menu":{"bindings":[{"binding_type":"global","binding_condition":"none","binding_name":"#title_text","binding_name_override":"#title_text"},{"source_property_name":"(not ((#title_text - $flag_camera) = #title_text)) and ((#title_text - $flag_atm_main - $flag_inkoop - $flag_atm_options - $flag_uurloon) = #title_text)))","binding_type":"view","target_property_name":"#visible"}]}}]},"custom_input@settings_common.option_text_edit":{"$option_label":"#custom_text","$option_place_holder_text":"#custom_placeholder_text","$text_edit_box_placeholder_content_binding_name":"$option_place_holder_text","$text_edit_box_placeholder_content_binding_type":"collection","$text_edit_box_grid_collection_name":"custom_form","$max_text_edit_length":500,"$text_edit_box_content_binding_type":"collection","$text_edit_box_content_binding_name":"#custom_input_text","$option_binding_name":"#custom_input_text","$text_box_enabled_binding_name":"#custom_input_enabled","$text_box_name":"custom_input","$label_bindings":[{"binding_name":"#custom_text","binding_type":"collection","binding_collection_name":"custom_form"}]}}
