{"namespace":"atm_option","galactixpe_atm_option":{"type":"image","texture":"textures/ui/atm/bg_white","layer":1,"keep_ratio":true,"fill":true,"anchor_from":"center","anchor_to":"center","size":["500%","500%"],"alpha":0.9,"controls":[{"page":{"type":"stack_panel","anchor_from":"center","anchor_to":"center","size":["20%","20%"],"orientation":"vertical","controls":[{"title":{"type":"panel","anchor_from":"top_left","anchor_to":"top_left","size":["90%",21],"controls":[{"modal_title":{"type":"label","font_type":"MinecraftTen","localize":false,"text":"COSMIC BANK","color":"black","text_alignment":"left","font_scale_factor":1,"anchor_from":"top_left","anchor_to":"top_left","size":["90%",20],"offset":["10%",0],"controls":[{"logo":{"type":"image","texture":"textures/ui/atm/logo","layer":1,"keep_ratio":true,"size":["20%",20],"offset":["-14%","-25%"],"anchor_from":"top_left","anchor_to":"top_left"}}],"layer":53,"shadow":false}},{"close_button@custom_close.galactixpe_atm_close":{}}]}},{"line":{"type":"image","texture":"textures/ui/atm/stripe_bar","layer":1,"keep_ratio":false,"size":["100%","20px"],"offset":["-100%",0],"anchor_from":"center","anchor_to":"center","controls":[{"username_label":{"type":"label","layer":2,"offset":[5,-1],"font_type":"MinecraftTen","text_alignment":"left","color":"black","size":["100%","default"],"anchor_from":"left_middle","anchor_to":"left_middle","text":"#title_text"}},{"balance_label":{"type":"label","layer":2,"offset":[-5,-1],"font_type":"MinecraftTen","text_alignment":"right","color":"black","size":["100%","default"],"anchor_from":"right_middle","anchor_to":"right_middle","text":"#form_text"}}]}},{"padding2":{"type":"panel","size":["100%c",5],"anchor_from":"top_left","anchor_to":"top_left"}},{"player_model":{"type":"custom","$flag_no_player_render":"§1§0§0","renderer":"live_player_renderer","property_bag":{"#look_at_cursor":true},"layer":100,"size":["100%","10%"],"anchor_from":"top_middle","anchor_to":"top_middle","bindings":[{"binding_type":"global","binding_condition":"none","binding_name":"#title_text","binding_name_override":"#title_text"},{"source_property_name":"((#title_text - $flag_no_player_render) = #title_text)","binding_type":"view","target_property_name":"#visible"}]}},{"padding3":{"type":"panel","size":["100%c",25],"anchor_from":"top_left","anchor_to":"top_left"}},{"optie_kies_ding":{"type":"label","$option_flag":"§a§t§m§o","$main_flag":"§a§t§m§m","offset":["10%","100%"],"font_type":"MinecraftTen","text_alignment":"center","color":"black","size":["100%","10%"],"anchor_from":"top_middle","anchor_to":"top_middle","text":"Kies een optie:"}},{"contents":{"size":["100%","100%"],"offset":[-5,0],"layer":2,"type":"panel","alpha":0.5,"controls":[{"galactixpe_scroll_panel@atm_option.galactixpe_atm_option_scroll_panel":{}}]}}]}}]},"galactixpe_atm_option_scroll_panel@common.scrolling_panel":{"anchor_to":"top_left","anchor_from":"top_left","$show_background":false,"size":["100%","100%"],"$scrolling_content":"atm_option.galactixpe_atm_option_grid_wrapper","$scroll_size":[5,"100% - 4px"],"$scrolling_pane_size":["100%","100%"],"$scrolling_pane_offset":[0,0],"$scroll_bar_right_padding_size":[2,0]},"galactixpe_atm_option_grid_wrapper":{"type":"panel","anchor_from":"top_middle","anchor_to":"top_middle","offset":[0,5],"size":["100% - 5px","100%c"],"controls":[{"galactixpe_atm_grid@atm_option.galactixpe_atm_option_grid":{}}]},"galactixpe_atm_option_grid":{"type":"grid","size":["100%","75%c"],"anchor_from":"top_middle","anchor_to":"top_middle","grid_item_template":"atm_option.galactixpe_atm_option_button","grid_rescaling_type":"horizontal","collection_name":"form_buttons","bindings":[{"binding_name":"#form_button_length","binding_name_override":"#maximum_grid_items"}]},"galactixpe_atm_option_button":{"type":"panel","size":["33%",32],"controls":[{"button@common.button":{"size":["90%","75%"],"anchor_from":"top_middle","anchor_to":"top_middle","layer":1,"$pressed_button_name":"button.form_button_click","controls":[{"default@atm_option.galactixpe_atm_option_button_inside":{"$state":"default"}},{"hover@atm_option.galactixpe_atm_option_button_inside":{"$state":"hover"}}],"bindings":[{"binding_type":"collection_details","binding_collection_name":"form_buttons"},{"binding_type":"collection","binding_collection_name":"form_buttons","binding_condition":"none","binding_name":"#form_button_text","binding_name_override":"#form_button_text"},{"binding_type":"view","source_property_name":"(not ((#form_button_text = '') or (#form_button_text = 'loading')))","target_property_name":"#visible"}]}}]},"galactixpe_atm_option_button_inside":{"type":"stack_panel","anchor_from":"top_left","anchor_to":"top_left","size":["100%","100%"],"orientation":"vertical","$color|default":"default","variables":[{"requires":"($state = 'hover')","$color":[0.5,0.5,0.5]}],"controls":[{"entry_description":{"size":["100%","100%"],"layer":2,"type":"image","texture":"textures/ui/atm/button","color":"$color","keep_ratio":false,"alpha":0.4,"controls":[{"entry_description_label":{"type":"label","text":"#form_button_text","line_padding":2,"color":"white","font_type":"MinecraftTen","text_alignment":"center","font_scale_factor":1,"anchor_from":"center","anchor_to":"center","offset":[0,"-10%"],"size":["100% - 8px","default"],"layer":5,"shadow":true,"bindings":[{"binding_type":"collection","binding_collection_name":"form_buttons","binding_condition":"none","binding_name":"#form_button_text","binding_name_override":"#form_button_text"}]}}]}}]}}
