{"namespace":"security_camera","galactixepe_security_camera_menu":{"type":"image","texture":"textures/ui/atm/bg_white","layer":1,"keep_ratio":true,"fill":true,"anchor_from":"center","anchor_to":"center","color":"gray","alpha":0.5,"size":["500%","500%"],"controls":[{"galactixepe_security_camera_menu_visuals":{"type":"panel","anchor_from":"center","anchor_to":"center","size":["20%","20%"],"controls":[{"close_button@custom_close.galactixpe_close_button":{"controls":[{"exit_text":{"type":"label","text":"Exit ->","font_type":"MinecraftTen"}}]}},{"galactixepe_security_camera_menu_visuals_panel":{"type":"panel","anchor_from":"center","anchor_to":"center","size":["100%","100%"],"controls":[{"galactixepe_security_camera_menu_visuals_layout":{"type":"image","texture":"textures/ui/camera/camera_layout","keep_ratio":false,"size":["75%","75%"],"controls":[{"galactixpe_security_camera_menu_visual_content_panel":{"type":"panel","size":["90%","90%"],"anchor_from":"center","anchor_to":"center","controls":[{"galactixpe_security_camera_menu_visual_rec_stack":{"type":"stack_panel","anchor_from":"top_left","anchor_to":"top_left","orientation":"horizontal","size":["50%","50%"],"controls":[{"galactixepe_security_camera_menu_visuals_dot":{"type":"label","text":"REC","color":"white","font_scale_factor":1.6,"size":["32px","16px"],"font_type":"MinecraftTen"}},{"galactixepe_security_camera_menu_visuals_dot":{"type":"image","texture":"textures/ui/camera/camera_dot","keep_ratio":true,"size":["16px","16px"],"alpha":"@security_camera.camera_dot_out"}}]}}]}}]}}]}}]}}]},"camera_dot_out":{"anim_type":"alpha","easing":"linear","from":1,"to":0,"duration":1,"next":"security_camera.camera_dot_in"},"camera_dot_in":{"anim_type":"alpha","easing":"linear","from":0,"to":1,"duration":1,"next":"security_camera.camera_dot_out"}}
