{"namespace":"uurloon","galactixpe_uurloon_menu":{"type":"image","keep_ratio":false,"size":["200%","200%"],"texture":"textures/ui/uurloon/pinktransparency","layer":0,"alpha":0.5,"color":"pink","controls":[{"menu@uurloon.galactixpe_uurloon_show_menu":{}}]},"galactixpe_uurloon_show_menu":{"type":"stack_panel","anchor_from":"center","anchor_to":"center","size":["50%","50% - 70px"],"orientation":"vertical","controls":[{"title":{"type":"panel","anchor_from":"top_left","anchor_to":"top_left","size":["100%",21],"controls":[{"modal_title":{"type":"label","font_type":"MinecraftTen","localize":false,"text":"#title_text","color":"yellow","text_alignment":"center","font_scale_factor":2,"anchor_from":"top_center","anchor_to":"top_center","size":["default",20],"offset":[0,0],"layer":53,"shadow":false,"bindings":[{"binding_name":"#title_text","binding_type":"global"}]}},{"close_button@custom_close.galactixpe_close_button":{}}]}},{"padding":{"type":"panel","size":["100%c",5],"anchor_from":"top_left","anchor_to":"top_left"}},{"modal_description":{"type":"panel","anchor_from":"top_center","anchor_to":"top_center","size":["default",20],"controls":[{"description_label":{"type":"label","font_type":"default","localize":false,"text":"#form_text","color":"yellow","text_alignment":"center","font_scale_factor":1,"anchor_from":"top_center","anchor_to":"top_center","offset":[0,0],"layer":53,"shadow":true,"bindings":[{"binding_name":"#form_text","binding_type":"global"}]}}]}},{"contents":{"size":["100%","100%"],"layer":2,"type":"panel","controls":[{"galactixpe_uurloon_scroll_panel@uurloon.galactixpe_uurloon_scroll_panel":{}}]}}]},"galactixpe_uurloon_scroll_panel@common.scrolling_panel":{"anchor_to":"top_left","anchor_from":"top_left","$show_background":false,"size":["100%","100%"],"$scrolling_content":"uurloon.galactixpe_uurloon_grid_wrapper","$scroll_size":[5,"100% - 4px"],"$scrolling_pane_size":["100%","100%"],"$scrolling_pane_offset":[0,0],"$scroll_bar_right_padding_size":[2,0]},"galactixpe_uurloon_grid_wrapper":{"type":"panel","anchor_from":"top_middle","anchor_to":"top_middle","offset":[5,5],"size":["100% - 5px","100%c"],"controls":[{"galactixpe_uurloon_grid@uurloon.galactixpe_uurloon_grid":{}}]},"galactixpe_uurloon_grid":{"type":"grid","size":["100%","100%c"],"anchor_from":"top_middle","anchor_to":"top_middle","grid_item_template":"uurloon.galactixpe_uurloon_entry","grid_rescaling_type":"horizontal","collection_name":"form_buttons","bindings":[{"binding_name":"#form_button_length","binding_name_override":"#maximum_grid_items"}]},"galactixpe_uurloon_entry":{"size":["16%",80],"type":"stack_panel","controls":[{"button_please_work@common.button":{"size":["100%","100%"],"layer":1,"$pressed_button_name":"button.form_button_click","controls":[{"default@uurloon.galactixpe_uurloon_entry_inside":{"$state":"default"}},{"hover@uurloon.galactixpe_uurloon_entry_inside":{"$state":"hover"}},{"pressed@uurloon.galactixpe_uurloon_entry_inside":{"$state":"pressed"}}],"bindings":[{"binding_type":"collection_details","binding_collection_name":"form_buttons"},{"binding_name":"#form_button_text","binding_type":"collection","binding_collection_name":"form_buttons"},{"binding_type":"view","source_property_name":"(not ((#form_button_text = '') or (#form_button_text = 'loading')))","target_property_name":"#visible"}]}}],"bindings":[{"binding_name":"#form_button_text","binding_type":"collection","binding_collection_name":"form_buttons"}]},"galactixpe_uurloon_entry_inside":{"type":"stack_panel","anchor_from":"top_left","anchor_to":"top_left","size":["100% - 10px","100% - 10px"],"orientation":"vertical","$color|default":"purple","controls":[{"entry_icon":{"$image_uv|default":[0,0],"size":["100%","fill"],"layer":10,"type":"image","uv_size":[128,128],"uv":"$image_uv","keep_ratio":true,"controls":[{"background_thingy":{"type":"image","texture":"textures/ui/inkoop/whitetransparency","color":"$color","keep_ratio":false,"alpha":0.5,"layer":-1}}],"variables":[{"requires":"($state = 'hover')","$image_uv":[0,128]}],"bindings":[{"binding_name":"#form_button_texture","binding_name_override":"#texture","binding_type":"collection","binding_collection_name":"form_buttons"},{"binding_name":"#form_button_texture_file_system","binding_name_override":"#texture_file_system","binding_type":"collection","binding_collection_name":"form_buttons"},{"binding_type":"view","source_property_name":"(not ((#texture = '') or (#texture = 'loading')))","target_property_name":"#visible"}]}},{"entry_description":{"size":["100%","100%c + 12px"],"layer":2,"type":"image","texture":"textures/ui/inkoop/whitetransparency","color":"$color","keep_ratio":false,"alpha":0.5,"controls":[{"entry_description_label":{"type":"label","font_type":"MinecraftTen","text":"#form_button_text","line_padding":2,"color":"white","font_scale_factor":1,"anchor_from":"top_left","anchor_to":"top_left","offset":[6,6],"size":["100% - 8px","default"],"layer":5,"shadow":false,"bindings":[{"binding_type":"collection","binding_collection_name":"form_buttons","binding_condition":"none","binding_name":"#form_button_text","binding_name_override":"#form_button_text"}]}}]}}],"variables":[{"requires":"(($state = 'hover')","$color":[0.2,0.2,0.2]}]}}
