{"format_version":"1.12.0","minecraft:geometry":[{"description":{"identifier":"geometry.normal_chevy_camaro","texture_width":256,"texture_height":256,"visible_bounds_width":5,"visible_bounds_height":2.5,"visible_bounds_offset":[0,0.75,0]},"bones":[{"name":"root","pivot":[0,0,0]},{"name":"base","parent":"root","pivot":[0,0,0],"cubes":[{"origin":[13.5,3.425,-11.25],"size":[0.5,1,22.5],"uv":{"north":{"uv":[52,107],"uv_size":[-1,1]},"east":{"uv":[52,105],"uv_size":[-23,1]},"south":{"uv":[110,23],"uv_size":[-1,1]},"west":{"uv":[29,105],"uv_size":[-23,1]},"up":{"uv":[59,117],"uv_size":[-1,23]},"down":{"uv":[92,141],"uv_size":[-1,-23]}}},{"origin":[11,10.25,14.88873],"size":[3.25,1,5.21714],"uv":{"north":{"uv":[129,107],"uv_size":[4,1]},"east":{"uv":[125,60],"uv_size":[5,1]},"south":{"uv":[129,108],"uv_size":[4,1]},"west":{"uv":[125,61],"uv_size":[5,1]},"up":{"uv":[109,55],"uv_size":[4,5]},"down":{"uv":[109,96],"uv_size":[4,-5]}}},{"origin":[11,9.00018,19.38107],"size":[3.25,1,5.21714],"inflate":0.002,"pivot":[12.625,9.75018,21.25214],"rotation":[-45,0,0],"uv":{"north":{"uv":[129,100],"uv_size":[4,1]},"east":{"uv":[125,51],"uv_size":[5,1]},"south":{"uv":[129,101],"uv_size":[4,1]},"west":{"uv":[125,59],"uv_size":[5,1]},"up":{"uv":[55,108],"uv_size":[4,5]},"down":{"uv":[108,111],"uv_size":[4,-5]}}},{"origin":[11,10.18986,14.92387],"size":[3.25,1,5.44214],"pivot":[12.5,4.93986,17.54494],"rotation":[-90,0,0],"uv":{"north":{"uv":[129,98],"uv_size":[4,1]},"east":{"uv":[123,123],"uv_size":[6,1]},"south":{"uv":[129,99],"uv_size":[4,1]},"west":{"uv":[124,52],"uv_size":[6,1]},"up":{"uv":[14,106],"uv_size":[4,6]},"down":{"uv":[18,112],"uv_size":[4,-6]}}},{"origin":[11,9.00018,10.4018],"size":[3.25,1,5.21714],"inflate":0.002,"pivot":[12.625,9.75018,13.74786],"rotation":[45,0,0],"uv":{"north":{"uv":[129,89],"uv_size":[4,1]},"east":{"uv":[125,50],"uv_size":[5,1]},"south":{"uv":[129,90],"uv_size":[4,1]},"west":{"uv":[51,125],"uv_size":[5,1]},"up":{"uv":[94,107],"uv_size":[4,5]},"down":{"uv":[51,113],"uv_size":[4,-5]}}},{"origin":[11,10.18986,3.33399],"size":[3.25,1,5.44214],"pivot":[12.5,4.93986,5.95506],"rotation":[-90,0,0],"uv":{"north":{"uv":[129,42],"uv_size":[4,1]},"east":{"uv":[123,121],"uv_size":[6,1]},"south":{"uv":[129,43],"uv_size":[4,1]},"west":{"uv":[123,122],"uv_size":[6,1]},"up":{"uv":[6,106],"uv_size":[4,6]},"down":{"uv":[10,112],"uv_size":[4,-6]}}},{"origin":[-14.25,9.00018,10.4018],"size":[3.25,1,5.21714],"inflate":0.002,"pivot":[-12.625,9.75018,13.74786],"rotation":[45,0,0],"uv":{"north":{"uv":[133,89],"uv_size":[-4,1]},"east":{"uv":[56,125],"uv_size":[-5,1]},"south":{"uv":[133,90],"uv_size":[-4,1]},"west":{"uv":[130,50],"uv_size":[-5,1]},"up":{"uv":[98,107],"uv_size":[-4,5]},"down":{"uv":[55,113],"uv_size":[-4,-5]}}},{"origin":[-14.25,10.18986,3.33399],"size":[3.25,1,5.44214],"pivot":[-12.5,4.93986,5.95506],"rotation":[-90,0,0],"uv":{"north":{"uv":[133,42],"uv_size":[-4,1]},"east":{"uv":[129,122],"uv_size":[-6,1]},"south":{"uv":[133,43],"uv_size":[-4,1]},"west":{"uv":[129,121],"uv_size":[-6,1]},"up":{"uv":[10,106],"uv_size":[-4,6]},"down":{"uv":[14,112],"uv_size":[-4,-6]}}},{"origin":[-14.25,10.25,14.88873],"size":[3.25,1,5.21714],"uv":{"north":{"uv":[133,107],"uv_size":[-4,1]},"east":{"uv":[130,61],"uv_size":[-5,1]},"south":{"uv":[133,108],"uv_size":[-4,1]},"west":{"uv":[130,60],"uv_size":[-5,1]},"up":{"uv":[113,55],"uv_size":[-4,5]},"down":{"uv":[113,96],"uv_size":[-4,-5]}}},{"origin":[-14.25,9.00018,19.38107],"size":[3.25,1,5.21714],"inflate":0.002,"pivot":[-12.625,9.75018,21.25214],"rotation":[-45,0,0],"uv":{"north":{"uv":[133,100],"uv_size":[-4,1]},"east":{"uv":[130,59],"uv_size":[-5,1]},"south":{"uv":[133,101],"uv_size":[-4,1]},"west":{"uv":[130,51],"uv_size":[-5,1]},"up":{"uv":[59,108],"uv_size":[-4,5]},"down":{"uv":[112,111],"uv_size":[-4,-5]}}},{"origin":[-14.25,10.18986,14.92387],"size":[3.25,1,5.44214],"pivot":[-12.5,4.93986,17.54494],"rotation":[-90,0,0],"uv":{"north":{"uv":[133,98],"uv_size":[-4,1]},"east":{"uv":[130,52],"uv_size":[-6,1]},"south":{"uv":[133,99],"uv_size":[-4,1]},"west":{"uv":[129,123],"uv_size":[-6,1]},"up":{"uv":[18,106],"uv_size":[-4,6]},"down":{"uv":[22,112],"uv_size":[-4,-6]}}},{"origin":[11,9.00018,-15.61893],"size":[3.25,1,5.21714],"inflate":0.002,"pivot":[12.625,9.75018,-13.74786],"rotation":[-45,0,0],"uv":{"north":{"uv":[129,100],"uv_size":[4,1]},"east":{"uv":[125,51],"uv_size":[5,1]},"south":{"uv":[129,101],"uv_size":[4,1]},"west":{"uv":[125,59],"uv_size":[5,1]},"up":{"uv":[55,108],"uv_size":[4,5]},"down":{"uv":[108,111],"uv_size":[4,-5]}}},{"origin":[11,10.18986,-20.07613],"size":[3.25,1,5.44214],"pivot":[12.5,4.93986,-17.45506],"rotation":[-90,0,0],"uv":{"north":{"uv":[129,98],"uv_size":[4,1]},"east":{"uv":[123,123],"uv_size":[6,1]},"south":{"uv":[129,99],"uv_size":[4,1]},"west":{"uv":[124,52],"uv_size":[6,1]},"up":{"uv":[14,106],"uv_size":[4,6]},"down":{"uv":[18,112],"uv_size":[4,-6]}}},{"origin":[11,10.25,-20.11127],"size":[3.25,1,5.21714],"uv":{"north":{"uv":[129,107],"uv_size":[4,1]},"east":{"uv":[125,60],"uv_size":[5,1]},"south":{"uv":[129,108],"uv_size":[4,1]},"west":{"uv":[125,61],"uv_size":[5,1]},"up":{"uv":[109,55],"uv_size":[4,5]},"down":{"uv":[109,96],"uv_size":[4,-5]}}},{"origin":[11,9.00018,-24.5982],"size":[3.25,1,5.21714],"inflate":0.002,"pivot":[12.625,9.75018,-21.25214],"rotation":[45,0,0],"uv":{"north":{"uv":[129,89],"uv_size":[4,1]},"east":{"uv":[125,50],"uv_size":[5,1]},"south":{"uv":[129,90],"uv_size":[4,1]},"west":{"uv":[51,125],"uv_size":[5,1]},"up":{"uv":[94,107],"uv_size":[4,5]},"down":{"uv":[51,113],"uv_size":[4,-5]}}},{"origin":[11,10.18986,-31.66601],"size":[3.25,1,5.44214],"pivot":[12.5,4.93986,-29.04494],"rotation":[-90,0,0],"uv":{"north":{"uv":[129,42],"uv_size":[4,1]},"east":{"uv":[123,121],"uv_size":[6,1]},"south":{"uv":[129,43],"uv_size":[4,1]},"west":{"uv":[123,122],"uv_size":[6,1]},"up":{"uv":[6,106],"uv_size":[4,6]},"down":{"uv":[10,112],"uv_size":[4,-6]}}},{"origin":[-14.25,9.00018,-15.61893],"size":[3.25,1,5.21714],"inflate":0.002,"pivot":[-12.625,9.75018,-13.74786],"rotation":[-45,0,0],"uv":{"north":{"uv":[133,100],"uv_size":[-4,1]},"east":{"uv":[130,59],"uv_size":[-5,1]},"south":{"uv":[133,101],"uv_size":[-4,1]},"west":{"uv":[130,51],"uv_size":[-5,1]},"up":{"uv":[59,108],"uv_size":[-4,5]},"down":{"uv":[112,111],"uv_size":[-4,-5]}}},{"origin":[-14.25,10.18986,-20.07613],"size":[3.25,1,5.44214],"pivot":[-12.5,4.93986,-17.45506],"rotation":[-90,0,0],"uv":{"north":{"uv":[133,98],"uv_size":[-4,1]},"east":{"uv":[130,52],"uv_size":[-6,1]},"south":{"uv":[133,99],"uv_size":[-4,1]},"west":{"uv":[129,123],"uv_size":[-6,1]},"up":{"uv":[18,106],"uv_size":[-4,6]},"down":{"uv":[22,112],"uv_size":[-4,-6]}}},{"origin":[-14.25,10.25,-20.11127],"size":[3.25,1,5.21714],"uv":{"north":{"uv":[133,107],"uv_size":[-4,1]},"east":{"uv":[130,61],"uv_size":[-5,1]},"south":{"uv":[133,108],"uv_size":[-4,1]},"west":{"uv":[130,60],"uv_size":[-5,1]},"up":{"uv":[113,55],"uv_size":[-4,5]},"down":{"uv":[113,96],"uv_size":[-4,-5]}}},{"origin":[-14.25,9.00018,-24.5982],"size":[3.25,1,5.21714],"inflate":0.002,"pivot":[-12.625,9.75018,-21.25214],"rotation":[45,0,0],"uv":{"north":{"uv":[133,89],"uv_size":[-4,1]},"east":{"uv":[56,125],"uv_size":[-5,1]},"south":{"uv":[133,90],"uv_size":[-4,1]},"west":{"uv":[130,50],"uv_size":[-5,1]},"up":{"uv":[98,107],"uv_size":[-4,5]},"down":{"uv":[55,113],"uv_size":[-4,-5]}}},{"origin":[-14.25,10.18986,-31.66601],"size":[3.25,1,5.44214],"pivot":[-12.5,4.93986,-29.04494],"rotation":[-90,0,0],"uv":{"north":{"uv":[133,42],"uv_size":[-4,1]},"east":{"uv":[129,122],"uv_size":[-6,1]},"south":{"uv":[133,43],"uv_size":[-4,1]},"west":{"uv":[129,121],"uv_size":[-6,1]},"up":{"uv":[10,106],"uv_size":[-4,6]},"down":{"uv":[14,112],"uv_size":[-4,-6]}}},{"origin":[-13,2.175,-11.25],"size":[0.5,8.75,22.5],"pivot":[-12.75,6.175,0],"rotation":[0,0,12.5],"uv":{"north":{"uv":[30,125],"uv_size":[1,9]},"east":{"uv":[0,63],"uv_size":[23,9]},"south":{"uv":[31,125],"uv_size":[1,9]},"west":{"uv":[23,68],"uv_size":[23,9]},"up":{"uv":[97,116],"uv_size":[1,23]},"down":{"uv":[57,140],"uv_size":[1,-23]}}},{"origin":[-12.83767,7.40722,-14.75],"size":[0.5,3.5,3.5],"pivot":[-12.58767,6.90722,-3],"rotation":[0,0,12.5],"uv":{"north":{"uv":[14,131],"uv_size":[1,4]},"east":{"uv":[94,112],"uv_size":[4,4]},"south":{"uv":[131,47],"uv_size":[1,4]},"west":{"uv":[112,109],"uv_size":[4,4]},"up":{"uv":[131,51],"uv_size":[1,4]},"down":{"uv":[131,59],"uv_size":[1,-4]}}},{"origin":[-11.96599,10.7583,-8.975],"size":[0.48815,3.10822,35.725],"uv":{"north":{"uv":[131,67],"uv_size":[1,3]},"east":{"uv":[80,63],"uv_size":[36,3]},"south":{"uv":[131,73],"uv_size":[1,3]},"west":{"uv":[80,79],"uv_size":[36,3]},"up":{"uv":[59,105],"uv_size":[1,36]},"down":{"uv":[92,141],"uv_size":[1,-36]}}},{"origin":[11.47784,20.08498,-14.42225],"size":[0.48815,1,8.725],"inflate":0.002,"pivot":[11.71599,22.1932,-5.44725],"rotation":[60,0,0],"uv":{"north":{"uv":[132,92],"uv_size":[1,1]},"east":{"uv":[117,108],"uv_size":[9,1]},"south":{"uv":[132,93],"uv_size":[1,1]},"west":{"uv":[119,79],"uv_size":[9,1]},"up":{"uv":[117,126],"uv_size":[1,9]},"down":{"uv":[43,136],"uv_size":[1,-9]}}},{"origin":[-11.96599,20.08498,-14.42225],"size":[0.48815,1,8.725],"inflate":0.002,"pivot":[-11.71599,22.1932,-5.44725],"rotation":[60,0,0],"uv":{"north":{"uv":[133,92],"uv_size":[-1,1]},"east":{"uv":[128,79],"uv_size":[-9,1]},"south":{"uv":[133,93],"uv_size":[-1,1]},"west":{"uv":[126,108],"uv_size":[-9,1]},"up":{"uv":[118,126],"uv_size":[-1,9]},"down":{"uv":[44,136],"uv_size":[-1,-9]}}},{"origin":[-11.47784,13.0058,-25.35622],"size":[22.95568,0.5,16.4],"pivot":[0,13.2558,-17.23122],"rotation":[2.5,0,0],"uv":{"north":{"uv":[114,28],"uv_size":[23,1]},"east":{"uv":[119,80],"uv_size":[17,1]},"south":{"uv":[114,29],"uv_size":[23,1]},"west":{"uv":[119,81],"uv_size":[17,1]},"up":{"uv":[27,0],"uv_size":[23,17]},"down":{"uv":[27,34],"uv_size":[23,-17]}}},{"origin":[-11.47784,13.36652,10.5],"size":[22.95568,0.5,16.25],"uv":{"north":{"uv":[115,14],"uv_size":[23,1]},"east":{"uv":[119,82],"uv_size":[17,1]},"south":{"uv":[115,15],"uv_size":[23,1]},"west":{"uv":[119,83],"uv_size":[17,1]},"up":{"uv":[27,34],"uv_size":[23,17]},"down":{"uv":[0,63],"uv_size":[23,-17]}}},{"origin":[-9.47784,2.36652,11.5],"size":[18.95568,7.5,11.5],"uv":{"north":{"uv":[18,77],"uv_size":[19,8]},"east":{"uv":[36,85],"uv_size":[12,8]},"south":{"uv":[77,22],"uv_size":[19,8]},"west":{"uv":[48,85],"uv_size":[12,8]},"up":{"uv":[50,44],"uv_size":[19,12]},"down":{"uv":[61,56],"uv_size":[19,12]}}},{"origin":[-9.47784,2.36652,-23],"size":[18.95568,7.5,11.5],"uv":{"north":{"uv":[77,30],"uv_size":[19,8]},"east":{"uv":[60,85],"uv_size":[12,8]},"south":{"uv":[37,77],"uv_size":[19,8]},"west":{"uv":[72,85],"uv_size":[12,8]},"up":{"uv":[42,56],"uv_size":[19,12]},"down":{"uv":[61,68],"uv_size":[19,-12]}}},{"origin":[-11.47784,6.86652,-11.5],"size":[22.95568,6.5,0.75],"uv":{"north":{"uv":[77,11],"uv_size":[-27,11]},"east":{"uv":[49,119],"uv_size":[1,11]},"south":{"uv":[51.5,11],"uv_size":[23.7,6]},"west":{"uv":[66,119],"uv_size":[1,11]},"up":{"uv":[96,36],"uv_size":[27,1]},"down":{"uv":[96,38],"uv_size":[27,-1]}}},{"origin":[-12.47784,2.46652,-11.5],"size":[24.95568,4.5,0.75],"uv":{"north":{"uv":[77,11],"uv_size":[-27,11]},"east":{"uv":[49,119],"uv_size":[1,11]},"south":{"uv":[50,16],"uv_size":[27,6]},"west":{"uv":[66,119],"uv_size":[1,11]},"up":{"uv":[96,36],"uv_size":[27,1]},"down":{"uv":[96,38],"uv_size":[27,-1]}}},{"origin":[-12.47784,2.46652,-11.5],"size":[24.95568,4.5,0.75],"pivot":[0,0,0],"rotation":[0,180,0],"uv":{"north":{"uv":[77,11],"uv_size":[-27,11]},"east":{"uv":[49,119],"uv_size":[1,11]},"south":{"uv":[50,16],"uv_size":[27,6]},"west":{"uv":[66,119],"uv_size":[1,11]},"up":{"uv":[96,36],"uv_size":[27,1]},"down":{"uv":[96,38],"uv_size":[27,-1]}}},{"origin":[-11.47784,6.86652,-11.5],"size":[22.95568,6.5,0.75],"pivot":[0,0,0],"rotation":[0,180,0],"uv":{"north":{"uv":[77,11],"uv_size":[-27,11]},"east":{"uv":[49,119],"uv_size":[1,11]},"south":{"uv":[51.5,11],"uv_size":[23.7,6]},"west":{"uv":[66,119],"uv_size":[1,11]},"up":{"uv":[96,36],"uv_size":[27,1]},"down":{"uv":[96,38],"uv_size":[27,-1]}}},{"origin":[-12.47784,5.11652,-17.75],"size":[24.95568,0.5,0.75],"uv":{"north":{"uv":[107,31],"uv_size":[25,1]},"east":{"uv":[132,116],"uv_size":[1,1]},"south":{"uv":[109,41],"uv_size":[25,1]},"west":{"uv":[120,132],"uv_size":[1,1]},"up":{"uv":[101,42],"uv_size":[25,1]},"down":{"uv":[101,44],"uv_size":[25,-1]}}},{"origin":[-12.47784,5.11652,17],"size":[24.95568,0.5,0.75],"uv":{"north":{"uv":[109,88],"uv_size":[25,1]},"east":{"uv":[121,132],"uv_size":[1,1]},"south":{"uv":[110,17],"uv_size":[25,1]},"west":{"uv":[122,132],"uv_size":[1,1]},"up":{"uv":[102,18],"uv_size":[25,1]},"down":{"uv":[102,20],"uv_size":[25,-1]}}},{"origin":[-13.47784,2.36652,-11.5],"size":[26.95568,0.5,23],"uv":{"north":{"uv":[105,78],"uv_size":[27,1]},"east":{"uv":[115,39],"uv_size":[23,1]},"south":{"uv":[107,30],"uv_size":[27,1]},"west":{"uv":[115,40],"uv_size":[23,1]},"up":{"uv":[0,0],"uv_size":[27,23]},"down":{"uv":[0,46],"uv_size":[27,-23]}}},{"origin":[-11.72784,2.36652,-30],"size":[23.45568,0.5,7],"uv":{"north":{"uv":[31,162],"uv_size":[27,1]},"east":{"uv":[32,156],"uv_size":[23,1]},"south":{"uv":[107,30],"uv_size":[27,1]},"west":{"uv":[32,156],"uv_size":[23,1]},"up":{"uv":[0,142],"uv_size":[27,23]},"down":{"uv":[0,165],"uv_size":[27,-23]}}},{"origin":[-11.96599,20.92259,-4.6125],"size":[23.93197,0.5,0.86603],"uv":{"north":{"uv":[112,12],"uv_size":[24,1]},"east":{"uv":[132,94],"uv_size":[1,1]},"south":{"uv":[112,13],"uv_size":[24,1]},"west":{"uv":[132,113],"uv_size":[1,1]},"up":{"uv":[102,89],"uv_size":[24,1]},"down":{"uv":[102,91],"uv_size":[24,-1]}}},{"origin":[-11.47784,14.61652,24.25],"size":[22.95568,0.5,2.75],"pivot":[0,14.86652,25.625],"rotation":[7.5,0,0],"uv":{"north":{"uv":[115,16],"uv_size":[23,1]},"east":{"uv":[131,129],"uv_size":[3,1]},"south":{"uv":[115,38],"uv_size":[23,1]},"west":{"uv":[17,132],"uv_size":[3,1]},"up":{"uv":[92,44],"uv_size":[23,3]},"down":{"uv":[92,47],"uv_size":[23,-3]}}},{"origin":[-0.47784,13.86652,24.5],"size":[0.95568,1,2.25],"uv":{"north":{"uv":[95,21],"uv_size":[1,1]},"east":{"uv":[15,104],"uv_size":[3,1]},"south":{"uv":[101,14],"uv_size":[1,1]},"west":{"uv":[115,70],"uv_size":[3,1]},"up":{"uv":[98,130],"uv_size":[1,3]},"down":{"uv":[99,133],"uv_size":[1,-3]}}},{"origin":[7.52216,13.86652,24.5],"size":[1.95568,1,2.25],"uv":{"north":{"uv":[98,114],"uv_size":[2,1]},"east":{"uv":[130,84],"uv_size":[3,1]},"south":{"uv":[115,4],"uv_size":[2,1]},"west":{"uv":[130,85],"uv_size":[3,1]},"up":{"uv":[89,124],"uv_size":[2,3]},"down":{"uv":[0,128],"uv_size":[2,-3]}}},{"origin":[-9.47784,13.86652,24.5],"size":[1.95568,1,2.25],"uv":{"north":{"uv":[100,114],"uv_size":[-2,1]},"east":{"uv":[133,85],"uv_size":[-3,1]},"south":{"uv":[117,4],"uv_size":[-2,1]},"west":{"uv":[133,84],"uv_size":[-3,1]},"up":{"uv":[91,124],"uv_size":[-2,3]},"down":{"uv":[2,128],"uv_size":[-2,-3]}}},{"origin":[-4.47784,13.5058,-25.35622],"size":[8.95568,0.5,8.25],"pivot":[0,13.2558,-17.23122],"rotation":[2.5,0,0],"uv":{"north":{"uv":[120,125],"uv_size":[9,1]},"east":{"uv":[127,4],"uv_size":[9,1]},"south":{"uv":[10,126],"uv_size":[9,1]},"west":{"uv":[127,11],"uv_size":[9,1]},"up":{"uv":[0,88],"uv_size":[9,9]},"down":{"uv":[9,97],"uv_size":[9,-9]}}},{"origin":[-4.97784,13.5058,-17.35622],"size":[9.95568,1,8.25],"pivot":[0,13.2558,-17.23122],"rotation":[2.5,0,0],"uv":{"north":{"uv":[0,84],"uv_size":[10,1]},"east":{"uv":[6,104],"uv_size":[9,1]},"south":{"uv":[70,93],"uv_size":[10,1]},"west":{"uv":[115,52],"uv_size":[9,1]},"up":{"uv":[84,85],"uv_size":[10,9]},"down":{"uv":[87,75],"uv_size":[10,-9]}}},{"origin":[11.46599,2.11652,-25.25],"size":[0.5,8.64178,4.75],"inflate":0.002,"uv":{"north":{"uv":[30,126],"uv_size":[-1,9]},"east":{"uv":[40,96],"uv_size":[5,9]},"south":{"uv":[55,126],"uv_size":[-1,9]},"west":{"uv":[45,96],"uv_size":[-5,9]},"up":{"uv":[52,130],"uv_size":[-1,5]},"down":{"uv":[53,135],"uv_size":[-1,-5]}}},{"origin":[12.33767,7.40722,-14.75],"size":[0.5,3.5,3.5],"pivot":[12.58767,6.90722,-3],"rotation":[0,0,-12.5],"uv":{"north":{"uv":[15,131],"uv_size":[-1,4]},"east":{"uv":[116,109],"uv_size":[-4,4]},"south":{"uv":[132,47],"uv_size":[-1,4]},"west":{"uv":[98,112],"uv_size":[-4,4]},"up":{"uv":[132,51],"uv_size":[-1,4]},"down":{"uv":[132,59],"uv_size":[-1,-4]}}},{"origin":[11.47784,10.10603,-25.29295],"size":[0.48815,3.10822,16.4],"pivot":[11.72191,11.66014,-23.88045],"rotation":[2.5,0,0],"uv":{"north":{"uv":[8,132],"uv_size":[-1,3]},"east":{"uv":[53,93],"uv_size":[-17,3]},"south":{"uv":[9,132],"uv_size":[-1,3]},"west":{"uv":[109,50],"uv_size":[-17,3]},"up":{"uv":[70,119],"uv_size":[-1,17]},"down":{"uv":[71,136],"uv_size":[-1,-17]}}},{"origin":[-11.96599,10.10603,-25.29295],"size":[0.48815,3.10822,16.4],"pivot":[-11.72191,11.66014,-23.88045],"rotation":[2.5,0,0],"uv":{"north":{"uv":[7,132],"uv_size":[1,3]},"east":{"uv":[92,50],"uv_size":[17,3]},"south":{"uv":[8,132],"uv_size":[1,3]},"west":{"uv":[36,93],"uv_size":[17,3]},"up":{"uv":[69,119],"uv_size":[1,17]},"down":{"uv":[70,136],"uv_size":[1,-17]}}},{"origin":[-11.96599,2.11652,-25.25],"size":[0.5,8.64178,4.75],"inflate":0.002,"uv":{"north":{"uv":[29,126],"uv_size":[1,9]},"east":{"uv":[40,96],"uv_size":[5,9]},"south":{"uv":[54,126],"uv_size":[1,9]},"west":{"uv":[45,96],"uv_size":[-5,9]},"up":{"uv":[51,130],"uv_size":[1,5]},"down":{"uv":[52,135],"uv_size":[1,-5]}}},{"origin":[12.5,2.175,-11.25],"size":[0.5,8.75,22.5],"pivot":[12.75,6.175,0],"rotation":[0,0,-12.5],"uv":{"north":{"uv":[31,125],"uv_size":[-1,9]},"east":{"uv":[46,68],"uv_size":[-23,9]},"south":{"uv":[32,125],"uv_size":[-1,9]},"west":{"uv":[23,63],"uv_size":[-23,9]},"up":{"uv":[98,116],"uv_size":[-1,23]},"down":{"uv":[58,140],"uv_size":[-1,-23]}}},{"origin":[11.47784,3.7583,20.525],"size":[0.48815,7,5.725],"uv":{"north":{"uv":[65,129],"uv_size":[-1,7]},"east":{"uv":[66,97],"uv_size":[6,7]},"south":{"uv":[66,129],"uv_size":[-1,7]},"west":{"uv":[72,97],"uv_size":[-6,7]},"up":{"uv":[131,44],"uv_size":[-1,6]},"down":{"uv":[50,136],"uv_size":[-1,-6]}}},{"origin":[-11.96599,3.7583,20.525],"size":[0.48815,7,5.725],"uv":{"north":{"uv":[64,129],"uv_size":[1,7]},"east":{"uv":[66,97],"uv_size":[6,7]},"south":{"uv":[65,129],"uv_size":[1,7]},"west":{"uv":[72,97],"uv_size":[-6,7]},"up":{"uv":[130,44],"uv_size":[1,6]},"down":{"uv":[49,136],"uv_size":[1,-6]}}},{"origin":[12.66953,4.37707,11.25],"size":[0.5,3.5,3.25],"pivot":[-1.08047,3.87707,3],"rotation":[0,0,-12.5],"uv":{"north":{"uv":[132,59],"uv_size":[-1,4]},"east":{"uv":[51,113],"uv_size":[4,4]},"south":{"uv":[132,63],"uv_size":[-1,4]},"west":{"uv":[55,113],"uv_size":[-4,4]},"up":{"uv":[132,91],"uv_size":[-1,4]},"down":{"uv":[101,135],"uv_size":[-1,-4]}}},{"origin":[-13.16953,4.37707,11.25],"size":[0.5,3.5,3.25],"pivot":[1.08047,3.87707,3],"rotation":[0,0,12.5],"uv":{"north":{"uv":[131,59],"uv_size":[1,4]},"east":{"uv":[51,113],"uv_size":[4,4]},"south":{"uv":[131,63],"uv_size":[1,4]},"west":{"uv":[55,113],"uv_size":[-4,4]},"up":{"uv":[131,91],"uv_size":[1,4]},"down":{"uv":[100,135],"uv_size":[1,-4]}}},{"origin":[11.47784,10.7583,-8.975],"size":[0.48815,3.10822,35.725],"uv":{"north":{"uv":[132,67],"uv_size":[-1,3]},"east":{"uv":[116,79],"uv_size":[-36,3]},"south":{"uv":[132,73],"uv_size":[-1,3]},"west":{"uv":[116,63],"uv_size":[-36,3]},"up":{"uv":[60,105],"uv_size":[-1,36]},"down":{"uv":[93,141],"uv_size":[-1,-36]}}},{"origin":[5.46599,3.61652,26],"size":[6.5,5.14178,1],"uv":{"north":{"uv":[18,100],"uv_size":[7,5]},"east":{"uv":[95,16],"uv_size":[1,5]},"south":{"uv":[25,100],"uv_size":[7,5]},"west":{"uv":[100,107],"uv_size":[1,5]},"up":{"uv":[120,106],"uv_size":[7,1]},"down":{"uv":[119,121],"uv_size":[7,-1]}}},{"origin":[-11.96599,8.86652,26.32435],"size":[23.93197,5.52835,0.67565],"pivot":[-8.71599,12.18741,24.125],"rotation":[-12.5,0,0],"uv":{"north":{"uv":[77,38],"uv_size":[24,6]},"east":{"uv":[36,130],"uv_size":[1,6]},"south":{"uv":[56,79],"uv_size":[24,6]},"west":{"uv":[37,130],"uv_size":[1,6]},"up":{"uv":[111,71],"uv_size":[24,1]},"down":{"uv":[111,73],"uv_size":[24,-1]}}},{"origin":[-12.21599,2.11652,23],"size":[24.43197,1.64178,4.25],"uv":{"north":{"uv":[96,32],"uv_size":[25,2]},"east":{"uv":[120,93],"uv_size":[5,2]},"south":{"uv":[96,34],"uv_size":[25,2]},"west":{"uv":[104,120],"uv_size":[5,2]},"up":{"uv":[80,53],"uv_size":[25,5]},"down":{"uv":[80,63],"uv_size":[25,-5]}}},{"origin":[-5.46599,6.11652,26],"size":[10.93197,2.64178,1],"uv":{"north":{"uv":[69,53],"uv_size":[11,3]},"east":{"uv":[94,91],"uv_size":[1,3]},"south":{"uv":[101,5],"uv_size":[11,3]},"west":{"uv":[109,20],"uv_size":[1,3]},"up":{"uv":[23,67],"uv_size":[11,1]},"down":{"uv":[56,78],"uv_size":[11,-1]}}},{"origin":[5.27696,5.68975,26],"size":[4.93197,2.64178,1],"inflate":-0.002,"pivot":[4.74294,8.01064,24.125],"rotation":[0,0,60],"uv":{"north":{"uv":[100,112],"uv_size":[5,3]},"east":{"uv":[130,73],"uv_size":[1,3]},"south":{"uv":[112,106],"uv_size":[5,3]},"west":{"uv":[94,130],"uv_size":[1,3]},"up":{"uv":[125,48],"uv_size":[5,1]},"down":{"uv":[125,50],"uv_size":[5,-1]}}},{"origin":[-10.20893,5.68975,26],"size":[4.93197,2.64178,1],"inflate":-0.002,"pivot":[-4.74294,8.01064,24.125],"rotation":[0,0,-60],"uv":{"north":{"uv":[105,112],"uv_size":[-5,3]},"east":{"uv":[95,130],"uv_size":[-1,3]},"south":{"uv":[117,106],"uv_size":[-5,3]},"west":{"uv":[131,73],"uv_size":[-1,3]},"up":{"uv":[130,48],"uv_size":[-5,1]},"down":{"uv":[130,50],"uv_size":[-5,-1]}}},{"origin":[-11.96599,3.61652,26],"size":[6.5,5.14178,1],"uv":{"north":{"uv":[25,100],"uv_size":[-7,5]},"east":{"uv":[101,107],"uv_size":[-1,5]},"south":{"uv":[32,100],"uv_size":[-7,5]},"west":{"uv":[96,16],"uv_size":[-1,5]},"up":{"uv":[127,106],"uv_size":[-7,1]},"down":{"uv":[126,121],"uv_size":[-7,-1]}}},{"origin":[-5.46599,3.61652,25.25],"size":[10.93197,2.5,0.75],"uv":{"north":{"uv":[101,8],"uv_size":[11,3]},"east":{"uv":[110,66],"uv_size":[1,3]},"south":{"uv":[101,11],"uv_size":[11,3]},"west":{"uv":[108,122],"uv_size":[1,3]},"up":{"uv":[56,78],"uv_size":[11,1]},"down":{"uv":[0,84],"uv_size":[11,-1]}}},{"origin":[-4.34467,11.86652,-24.00626],"size":[0.5,1,8.175],"pivot":[0.00154,12.68768,-27.14088],"rotation":[0,-60,0],"uv":{"north":{"uv":[132,60],"uv_size":[1,1]},"east":{"uv":[119,84],"uv_size":[8,1]},"south":{"uv":[132,61],"uv_size":[1,1]},"west":{"uv":[119,85],"uv_size":[8,1]},"up":{"uv":[1,128],"uv_size":[1,8]},"down":{"uv":[32,136],"uv_size":[1,-8]}}},{"origin":[-9.2764,6.36652,-30.15849],"size":[0.5,3.25,6.75],"pivot":[-9.0264,9.61652,-26.65849],"rotation":[0,-60,0],"uv":{"north":{"uv":[127,131],"uv_size":[1,3]},"east":{"uv":[66,104],"uv_size":[7,3]},"south":{"uv":[128,131],"uv_size":[1,3]},"west":{"uv":[73,104],"uv_size":[7,3]},"up":{"uv":[2,129],"uv_size":[1,7]},"down":{"uv":[3,136],"uv_size":[1,-7]}}},{"origin":[-9.88671,7.87358,-31.68113],"size":[0.5,3.025,1.25],"inflate":-0.002,"pivot":[-9.63671,9.99858,-26.30613],"rotation":[17.5,-60,0],"uv":{"north":{"uv":[129,131],"uv_size":[1,3]},"east":{"uv":[32,125],"uv_size":[2,3]},"south":{"uv":[130,131],"uv_size":[1,3]},"west":{"uv":[85,125],"uv_size":[2,3]},"up":{"uv":[115,85],"uv_size":[1,2]},"down":{"uv":[63,118],"uv_size":[1,-2]}}},{"origin":[-6.24531,2.21652,-29.15849],"size":[0.5,4.4,1.5],"inflate":-0.004,"pivot":[-5.99531,5.24152,-28.40849],"rotation":[-15,-60,0],"uv":{"north":{"uv":[110,130],"uv_size":[1,5]},"east":{"uv":[38,100],"uv_size":[2,5]},"south":{"uv":[111,130],"uv_size":[1,5]},"west":{"uv":[85,120],"uv_size":[2,5]},"up":{"uv":[109,101],"uv_size":[1,2]},"down":{"uv":[113,101],"uv_size":[1,-2]}}},{"origin":[-9.2764,2.11652,-31.58349],"size":[0.5,1,8.175],"pivot":[-9.0264,4.11652,-26.65849],"rotation":[0,-60,0],"uv":{"north":{"uv":[110,69],"uv_size":[1,1]},"east":{"uv":[34,67],"uv_size":[8,1]},"south":{"uv":[104,115],"uv_size":[1,1]},"west":{"uv":[10,84],"uv_size":[8,1]},"up":{"uv":[90,127],"uv_size":[1,8]},"down":{"uv":[0,136],"uv_size":[1,-8]}}},{"origin":[-9.2764,8.61652,-31.58349],"size":[0.5,1,1.425],"pivot":[-9.0264,4.11652,-26.65849],"rotation":[0,-60,0],"uv":{"north":{"uv":[109,120],"uv_size":[1,1]},"east":{"uv":[131,95],"uv_size":[2,1]},"south":{"uv":[82,126],"uv_size":[1,1]},"west":{"uv":[131,102],"uv_size":[2,1]},"up":{"uv":[3,117],"uv_size":[1,2]},"down":{"uv":[87,122],"uv_size":[1,-2]}}},{"origin":[0.36655,8.61652,-29.48934],"size":[0.5,1,4.979],"pivot":[0.61655,9.11652,-30.05393],"rotation":[0,-80,0],"uv":{"north":{"uv":[132,31],"uv_size":[1,1]},"east":{"uv":[125,10],"uv_size":[5,1]},"south":{"uv":[132,55],"uv_size":[1,1]},"west":{"uv":[15,125],"uv_size":[5,1]},"up":{"uv":[53,130],"uv_size":[1,5]},"down":{"uv":[130,60],"uv_size":[1,-5]}}},{"origin":[0.36655,2.11652,-29.48934],"size":[0.5,1,4.979],"pivot":[0.61655,2.61652,-30.05393],"rotation":[0,-80,0],"uv":{"north":{"uv":[132,56],"uv_size":[1,1]},"east":{"uv":[20,125],"uv_size":[5,1]},"south":{"uv":[132,57],"uv_size":[1,1]},"west":{"uv":[125,24],"uv_size":[5,1]},"up":{"uv":[130,60],"uv_size":[1,5]},"down":{"uv":[130,70],"uv_size":[1,-5]}}},{"origin":[-3.01046,11.86652,-27.68781],"size":[0.5,1,4.979],"pivot":[0.00154,12.68768,-27.14088],"rotation":[0,-80,0],"uv":{"north":{"uv":[132,58],"uv_size":[1,1]},"east":{"uv":[25,125],"uv_size":[5,1]},"south":{"uv":[132,59],"uv_size":[1,1]},"west":{"uv":[125,25],"uv_size":[5,1]},"up":{"uv":[66,130],"uv_size":[1,5]},"down":{"uv":[67,135],"uv_size":[1,-5]}}},{"origin":[3.84467,11.86652,-24.00626],"size":[0.5,1,8.175],"pivot":[-0.00154,12.68768,-27.14088],"rotation":[0,60,0],"uv":{"north":{"uv":[133,60],"uv_size":[-1,1]},"east":{"uv":[127,85],"uv_size":[-8,1]},"south":{"uv":[133,61],"uv_size":[-1,1]},"west":{"uv":[127,84],"uv_size":[-8,1]},"up":{"uv":[2,128],"uv_size":[-1,8]},"down":{"uv":[33,136],"uv_size":[-1,-8]}}},{"origin":[2.51046,11.86652,-27.68781],"size":[0.5,1,4.979],"pivot":[-0.00154,12.68768,-27.14088],"rotation":[0,80,0],"uv":{"north":{"uv":[133,58],"uv_size":[-1,1]},"east":{"uv":[130,25],"uv_size":[-5,1]},"south":{"uv":[133,59],"uv_size":[-1,1]},"west":{"uv":[30,125],"uv_size":[-5,1]},"up":{"uv":[67,130],"uv_size":[-1,5]},"down":{"uv":[68,135],"uv_size":[-1,-5]}}},{"origin":[-0.86655,8.61652,-29.48934],"size":[0.5,1,4.979],"pivot":[-0.61655,9.11652,-30.05393],"rotation":[0,80,0],"uv":{"north":{"uv":[133,31],"uv_size":[-1,1]},"east":{"uv":[20,125],"uv_size":[-5,1]},"south":{"uv":[133,55],"uv_size":[-1,1]},"west":{"uv":[130,10],"uv_size":[-5,1]},"up":{"uv":[54,130],"uv_size":[-1,5]},"down":{"uv":[131,60],"uv_size":[-1,-5]}}},{"origin":[8.7764,6.36652,-30.15849],"size":[0.5,3.25,6.75],"pivot":[9.0264,9.61652,-26.65849],"rotation":[0,60,0],"uv":{"north":{"uv":[128,131],"uv_size":[-1,3]},"east":{"uv":[80,104],"uv_size":[-7,3]},"south":{"uv":[129,131],"uv_size":[-1,3]},"west":{"uv":[73,104],"uv_size":[-7,3]},"up":{"uv":[3,129],"uv_size":[-1,7]},"down":{"uv":[4,136],"uv_size":[-1,-7]}}},{"origin":[9.38671,7.87358,-31.68113],"size":[0.5,3.025,1.25],"inflate":-0.002,"pivot":[9.63671,9.99858,-26.30613],"rotation":[17.5,60,0],"uv":{"north":{"uv":[130,131],"uv_size":[-1,3]},"east":{"uv":[87,125],"uv_size":[-2,3]},"south":{"uv":[131,131],"uv_size":[-1,3]},"west":{"uv":[34,125],"uv_size":[-2,3]},"up":{"uv":[116,85],"uv_size":[-1,2]},"down":{"uv":[64,118],"uv_size":[-1,-2]}}},{"origin":[5.74531,2.21652,-29.15849],"size":[0.5,4.4,1.5],"inflate":-0.004,"pivot":[5.99531,5.24152,-28.40849],"rotation":[-15,60,0],"uv":{"north":{"uv":[111,130],"uv_size":[-1,5]},"east":{"uv":[87,120],"uv_size":[-2,5]},"south":{"uv":[112,130],"uv_size":[-1,5]},"west":{"uv":[40,100],"uv_size":[-2,5]},"up":{"uv":[110,101],"uv_size":[-1,2]},"down":{"uv":[114,101],"uv_size":[-1,-2]}}},{"origin":[-0.86655,2.11652,-29.48934],"size":[0.5,1,4.979],"pivot":[-0.61655,2.61652,-30.05393],"rotation":[0,80,0],"uv":{"north":{"uv":[133,56],"uv_size":[-1,1]},"east":{"uv":[130,24],"uv_size":[-5,1]},"south":{"uv":[133,57],"uv_size":[-1,1]},"west":{"uv":[25,125],"uv_size":[-5,1]},"up":{"uv":[131,60],"uv_size":[-1,5]},"down":{"uv":[131,70],"uv_size":[-1,-5]}}},{"origin":[8.7764,2.11652,-31.58349],"size":[0.5,1,8.175],"pivot":[9.0264,4.11652,-26.65849],"rotation":[0,60,0],"uv":{"north":{"uv":[111,69],"uv_size":[-1,1]},"east":{"uv":[18,84],"uv_size":[-8,1]},"south":{"uv":[105,115],"uv_size":[-1,1]},"west":{"uv":[42,67],"uv_size":[-8,1]},"up":{"uv":[91,127],"uv_size":[-1,8]},"down":{"uv":[1,136],"uv_size":[-1,-8]}}},{"origin":[8.7764,8.61652,-31.58349],"size":[0.5,1,1.425],"pivot":[9.0264,4.11652,-26.65849],"rotation":[0,60,0],"uv":{"north":{"uv":[110,120],"uv_size":[-1,1]},"east":{"uv":[133,102],"uv_size":[-2,1]},"south":{"uv":[83,126],"uv_size":[-1,1]},"west":{"uv":[133,95],"uv_size":[-2,1]},"up":{"uv":[4,117],"uv_size":[-1,2]},"down":{"uv":[88,122],"uv_size":[-1,-2]}}},{"origin":[0.61655,2.36652,-29.21434],"size":[0.25,7,5.954],"pivot":[0.61655,2.86652,-29.80393],"rotation":[0,-80,0],"uv":{"north":{"uv":[41,129],"uv_size":[1,7]},"east":{"uv":[6,97],"uv_size":[6,7]},"south":{"uv":[42,129],"uv_size":[1,7]},"west":{"uv":[12,97],"uv_size":[6,7]},"up":{"uv":[88,129],"uv_size":[1,6]},"down":{"uv":[89,135],"uv_size":[1,-6]}}},{"origin":[-9.0264,3.11652,-30.40849],"size":[0.25,3.25,7],"pivot":[-9.0264,6.36652,-26.65849],"rotation":[0,-60,0],"uv":{"north":{"uv":[107,131],"uv_size":[1,4]},"east":{"uv":[102,99],"uv_size":[7,4]},"south":{"uv":[108,131],"uv_size":[1,4]},"west":{"uv":[103,66],"uv_size":[7,4]},"up":{"uv":[62,129],"uv_size":[1,7]},"down":{"uv":[63,136],"uv_size":[1,-7]}}},{"origin":[0.61655,9.61652,-29.21434],"size":[0.25,2.5,5.454],"pivot":[0.61655,2.61652,-29.80393],"rotation":[0,-80,0],"uv":{"north":{"uv":[27,132],"uv_size":[1,3]},"east":{"uv":[109,60],"uv_size":[6,3]},"south":{"uv":[28,132],"uv_size":[1,3]},"west":{"uv":[109,85],"uv_size":[6,3]},"up":{"uv":[34,130],"uv_size":[1,6]},"down":{"uv":[35,136],"uv_size":[1,-6]}}},{"origin":[-9.0264,8.61652,-30.90849],"size":[0.25,3.25,7.5],"pivot":[-9.0264,11.86652,-26.65849],"rotation":[0,-60,0],"uv":{"north":{"uv":[103,131],"uv_size":[1,4]},"east":{"uv":[101,95],"uv_size":[8,4]},"south":{"uv":[104,131],"uv_size":[1,4]},"west":{"uv":[102,14],"uv_size":[8,4]},"up":{"uv":[115,128],"uv_size":[1,8]},"down":{"uv":[118,136],"uv_size":[1,-8]}}},{"origin":[-0.86655,9.61652,-29.21434],"size":[0.25,2.5,5.454],"pivot":[-0.61655,2.61652,-29.80393],"rotation":[0,80,0],"uv":{"north":{"uv":[28,132],"uv_size":[-1,3]},"east":{"uv":[115,85],"uv_size":[-6,3]},"south":{"uv":[29,132],"uv_size":[-1,3]},"west":{"uv":[115,60],"uv_size":[-6,3]},"up":{"uv":[35,130],"uv_size":[-1,6]},"down":{"uv":[36,136],"uv_size":[-1,-6]}}},{"origin":[8.7764,8.61652,-30.90849],"size":[0.25,3.25,7.5],"pivot":[9.0264,11.86652,-26.65849],"rotation":[0,60,0],"uv":{"north":{"uv":[104,131],"uv_size":[-1,4]},"east":{"uv":[110,14],"uv_size":[-8,4]},"south":{"uv":[105,131],"uv_size":[-1,4]},"west":{"uv":[109,95],"uv_size":[-8,4]},"up":{"uv":[116,128],"uv_size":[-1,8]},"down":{"uv":[119,136],"uv_size":[-1,-8]}}},{"origin":[-0.86655,2.36652,-29.21434],"size":[0.25,7,5.954],"pivot":[-0.61655,2.86652,-29.80393],"rotation":[0,80,0],"uv":{"north":{"uv":[42,129],"uv_size":[-1,7]},"east":{"uv":[18,97],"uv_size":[-6,7]},"south":{"uv":[43,129],"uv_size":[-1,7]},"west":{"uv":[12,97],"uv_size":[-6,7]},"up":{"uv":[89,129],"uv_size":[-1,6]},"down":{"uv":[90,135],"uv_size":[-1,-6]}}},{"origin":[8.7764,3.11652,-30.40849],"size":[0.25,3.25,7],"pivot":[9.0264,6.36652,-26.65849],"rotation":[0,60,0],"uv":{"north":{"uv":[108,131],"uv_size":[-1,4]},"east":{"uv":[110,66],"uv_size":[-7,4]},"south":{"uv":[109,131],"uv_size":[-1,4]},"west":{"uv":[109,99],"uv_size":[-7,4]},"up":{"uv":[63,129],"uv_size":[-1,7]},"down":{"uv":[64,136],"uv_size":[-1,-7]}}},{"origin":[-3.01046,12.86652,-27.66281],"size":[5.5,0.28464,4.954],"pivot":[0.00154,12.68768,-27.14088],"rotation":[0,-80,0],"uv":{"north":{"uv":[23,130],"uv_size":[6,1]},"east":{"uv":[130,26],"uv_size":[5,1]},"south":{"uv":[130,23],"uv_size":[6,1]},"west":{"uv":[130,27],"uv_size":[5,1]},"up":{"uv":[82,100],"uv_size":[6,5]},"down":{"uv":[101,5],"uv_size":[6,-5]}}},{"origin":[-4.34467,12.86652,-24.00626],"size":[5.64934,0.28464,7.94756],"inflate":-0.002,"pivot":[0.00154,12.68768,-27.14088],"rotation":[0,-60,0],"uv":{"north":{"uv":[130,21],"uv_size":[6,1]},"east":{"uv":[127,97],"uv_size":[8,1]},"south":{"uv":[130,22],"uv_size":[6,1]},"west":{"uv":[127,106],"uv_size":[8,1]},"up":{"uv":[95,91],"uv_size":[6.475,7.5]},"down":{"uv":[96,24],"uv_size":[6,-8]}}},{"origin":[-2.48954,12.86652,-27.66281],"size":[5.5,0.28464,4.954],"inflate":0.002,"pivot":[-0.00154,12.68768,-27.14088],"rotation":[0,80,0],"uv":{"north":{"uv":[29,130],"uv_size":[-6,1]},"east":{"uv":[135,27],"uv_size":[-5,1]},"south":{"uv":[136,23],"uv_size":[-6,1]},"west":{"uv":[135,26],"uv_size":[-5,1]},"up":{"uv":[94,100],"uv_size":[-6,5]},"down":{"uv":[107,5],"uv_size":[-6,-5]}}},{"origin":[-1.30467,12.86652,-24.00626],"size":[5.64934,0.28464,7.94756],"inflate":-0.002,"pivot":[-0.00154,12.68768,-27.14088],"rotation":[0,60,0],"uv":{"north":{"uv":[136,21],"uv_size":[-6,1]},"east":{"uv":[135,106],"uv_size":[-8,1]},"south":{"uv":[136,22],"uv_size":[-6,1]},"west":{"uv":[135,97],"uv_size":[-8,1]},"up":{"uv":[101,91],"uv_size":[-6,8]},"down":{"uv":[102,24],"uv_size":[-6,-8]}}},{"origin":[-14,3.425,-11.25],"size":[0.5,1,22.5],"uv":{"north":{"uv":[51,107],"uv_size":[1,1]},"east":{"uv":[6,105],"uv_size":[23,1]},"south":{"uv":[109,23],"uv_size":[1,1]},"west":{"uv":[29,105],"uv_size":[23,1]},"up":{"uv":[58,117],"uv_size":[1,23]},"down":{"uv":[91,141],"uv_size":[1,-23]}}}]},{"name":"bone","parent":"base","pivot":[1.5,13.49704,-5.02705],"cubes":[{"origin":[-7.5,10.03889,2.65274],"size":[18,4,11],"pivot":[4.5,12.03889,8.15274],"rotation":[82.5,0,0],"uv":{"north":{"uv":[18,88],"uv_size":[18,4]},"east":{"uv":[96,28],"uv_size":[11,4]},"south":{"uv":[18,92],"uv_size":[18,4]},"west":{"uv":[29,96],"uv_size":[11,4]},"up":{"uv":[77,0],"uv_size":[18,11]},"down":{"uv":[77,22],"uv_size":[18,-11]}}},{"origin":[-7.5,3,-2],"size":[18,4,11],"uv":{"north":{"uv":[23,63],"uv_size":[18,4]},"east":{"uv":[18,96],"uv_size":[11,4]},"south":{"uv":[87,75],"uv_size":[18,4]},"west":{"uv":[96,24],"uv_size":[11,4]},"up":{"uv":[69,68],"uv_size":[18,11]},"down":{"uv":[0,83],"uv_size":[18,-11]}}},{"origin":[-10.5,3,1.25],"size":[3,6,8],"uv":{"north":{"uv":[105,106],"uv_size":[3,6]},"east":{"uv":[94,85],"uv_size":[8,6]},"south":{"uv":[107,24],"uv_size":[3,6]},"west":{"uv":[87,94],"uv_size":[8,6]},"up":{"uv":[0,104],"uv_size":[3,8]},"down":{"uv":[3,112],"uv_size":[3,-8]}}},{"origin":[-10.5,3,-6.75],"size":[3,3,8],"uv":{"north":{"uv":[115,75],"uv_size":[3,3]},"east":{"uv":[103,70],"uv_size":[8,3]},"south":{"uv":[118,75],"uv_size":[3,3]},"west":{"uv":[102,103],"uv_size":[8,3]},"up":{"uv":[60,103],"uv_size":[3,8]},"down":{"uv":[63,111],"uv_size":[3,-8]}}},{"origin":[2,13.99704,-11.02705],"size":[1,1,5.75],"pivot":[2.5,13.49704,-5.02705],"rotation":[0,12.5,-90],"uv":{"north":{"uv":[101,15],"uv_size":[1,1]},"east":{"uv":[130,9],"uv_size":[4,1]},"south":{"uv":[101,104],"uv_size":[1,1]},"west":{"uv":[130,10],"uv_size":[4,1]},"up":{"uv":[41,63],"uv_size":[1,4]},"down":{"uv":[94,104],"uv_size":[1,-4]}}}]},{"name":"gearswitch","parent":"bone","pivot":[-9,10.125,-2.75],"cubes":[{"origin":[-9.5,6,-3.25],"size":[1,5,1],"uv":{"north":{"uv":[96,120],"uv_size":[1,5]},"east":{"uv":[82,121],"uv_size":[1,5]},"south":{"uv":[65,122],"uv_size":[1,5]},"west":{"uv":[44,123],"uv_size":[1,5]},"up":{"uv":[101,105],"uv_size":[1,1]},"down":{"uv":[51,107],"uv_size":[1,-1]}}},{"origin":[-9.75,11,-3.5],"size":[1.5,1.5,1.5],"uv":{"north":{"uv":[67,77],"uv_size":[2,2]},"east":{"uv":[88,116],"uv_size":[2,2]},"south":{"uv":[130,113],"uv_size":[2,2]},"west":{"uv":[130,115],"uv_size":[2,2]},"up":{"uv":[120,130],"uv_size":[2,2]},"down":{"uv":[122,132],"uv_size":[2,-2]}}}]},{"name":"steeringWheel","parent":"bone","pivot":[1.5,13.49704,-5.02705]},{"name":"steeringWheelInner","parent":"steeringWheel","pivot":[1.5,13.49704,-5.02705],"rotation":[12.5,0,0],"cubes":[{"origin":[-2,9.99704,-5.27705],"size":[7,1,0.5],"uv":{"north":{"uv":[120,27],"uv_size":[7,1]},"east":{"uv":[123,132],"uv_size":[1,1]},"south":{"uv":[120,55],"uv_size":[7,1]},"west":{"uv":[132,130],"uv_size":[1,1]},"up":{"uv":[130,6],"uv_size":[7,1]},"down":{"uv":[130,8],"uv_size":[7,-1]}}},{"origin":[-1,11.99704,-5.27705],"size":[5,3,0.5],"pivot":[1.5,13.49704,-5.02705],"rotation":[0,0,-90],"uv":{"north":{"uv":[82,97],"uv_size":[5,3]},"east":{"uv":[23,132],"uv_size":[1,3]},"south":{"uv":[105,75],"uv_size":[5,3]},"west":{"uv":[24,132],"uv_size":[1,3]},"up":{"uv":[105,130],"uv_size":[5,1]},"down":{"uv":[130,106],"uv_size":[5,-1]}}},{"origin":[-2,15.99704,-5.27705],"size":[7,1,0.5],"uv":{"north":{"uv":[120,56],"uv_size":[7,1]},"east":{"uv":[132,131],"uv_size":[1,1]},"south":{"uv":[120,57],"uv_size":[7,1]},"west":{"uv":[132,132],"uv_size":[1,1]},"up":{"uv":[8,130],"uv_size":[7,1]},"down":{"uv":[130,9],"uv_size":[7,-1]}}},{"origin":[-1,15.99704,-5.27705],"size":[5,1,0.5],"pivot":[1.5,13.49704,-5.02705],"rotation":[0,0,-90],"uv":{"north":{"uv":[125,115],"uv_size":[5,1]},"east":{"uv":[133,2],"uv_size":[1,1]},"south":{"uv":[125,116],"uv_size":[5,1]},"west":{"uv":[133,3],"uv_size":[1,1]},"up":{"uv":[100,130],"uv_size":[5,1]},"down":{"uv":[130,105],"uv_size":[5,-1]}}},{"origin":[-1,9.99704,-5.27705],"size":[5,1,0.5],"pivot":[1.5,13.49704,-5.02705],"rotation":[0,0,-90],"uv":{"north":{"uv":[125,113],"uv_size":[5,1]},"east":{"uv":[133,0],"uv_size":[1,1]},"south":{"uv":[125,114],"uv_size":[5,1]},"west":{"uv":[133,1],"uv_size":[1,1]},"up":{"uv":[130,87],"uv_size":[5,1]},"down":{"uv":[130,97],"uv_size":[5,-1]}}}]},{"name":"wheel1","parent":"root","pivot":[-12.5,5,-17.5152]},{"name":"rotatingWheel1","parent":"wheel1","pivot":[-12.5,5,-17.5152],"cubes":[{"origin":[-13.5,1.5,-17.96495],"size":[2,7,0.89949],"uv":{"north":{"uv":[72,112],"uv_size":[2,7]},"east":{"uv":[83,120],"uv_size":[1,7]},"south":{"uv":[74,112],"uv_size":[2,7]},"west":{"uv":[84,120],"uv_size":[-1,7]},"up":{"uv":[131,45],"uv_size":[2,1]},"down":{"uv":[131,47],"uv_size":[2,-1]}}},{"origin":[-14,0,-19.58627],"size":[3,1.5,4.14214],"uv":{"north":{"uv":[127,104],"uv_size":[3,2]},"east":{"uv":[26,123],"uv_size":[4,2]},"south":{"uv":[17,128],"uv_size":[3,2]},"west":{"uv":[30,123],"uv_size":[4,2]},"up":{"uv":[88,118],"uv_size":[3,4]},"down":{"uv":[118,117],"uv_size":[3,-4]}}},{"origin":[-14,2.92893,-22.5152],"size":[3,4.14214,1.5],"inflate":0.002,"pivot":[-12.5,5,-17.5152],"rotation":[-45,0,0],"uv":{"north":{"uv":[3,119],"uv_size":[3,4]},"east":{"uv":[123,32],"uv_size":[2,4]},"south":{"uv":[6,119],"uv_size":[3,4]},"west":{"uv":[34,123],"uv_size":[2,4]},"up":{"uv":[20,128],"uv_size":[3,2]},"down":{"uv":[23,130],"uv_size":[3,-2]}}},{"origin":[-14,2.92893,-22.5152],"size":[3,4.14214,1.5],"uv":{"north":{"uv":[9,119],"uv_size":[3,4]},"east":{"uv":[36,123],"uv_size":[2,4]},"south":{"uv":[12,119],"uv_size":[3,4]},"west":{"uv":[38,123],"uv_size":[2,4]},"up":{"uv":[26,128],"uv_size":[3,2]},"down":{"uv":[51,130],"uv_size":[3,-2]}}},{"origin":[-14,2.92893,-14.0152],"size":[3,4.14214,1.5],"inflate":0.002,"pivot":[-12.5,5,-17.5152],"rotation":[-45,0,0],"uv":{"north":{"uv":[15,119],"uv_size":[3,4]},"east":{"uv":[40,123],"uv_size":[2,4]},"south":{"uv":[18,119],"uv_size":[3,4]},"west":{"uv":[42,123],"uv_size":[2,4]},"up":{"uv":[128,53],"uv_size":[3,2]},"down":{"uv":[73,130],"uv_size":[3,-2]}}},{"origin":[-14,2.92893,-14.0152],"size":[3,4.14214,1.5],"uv":{"north":{"uv":[21,119],"uv_size":[3,4]},"east":{"uv":[123,44],"uv_size":[2,4]},"south":{"uv":[24,119],"uv_size":[3,4]},"west":{"uv":[123,48],"uv_size":[2,4]},"up":{"uv":[76,128],"uv_size":[3,2]},"down":{"uv":[94,130],"uv_size":[3,-2]}}},{"origin":[-14,0,-19.58627],"size":[3,1.5,4.14214],"inflate":0.002,"pivot":[-12.5,5,-17.5152],"rotation":[-45,0,0],"uv":{"north":{"uv":[98,128],"uv_size":[3,2]},"east":{"uv":[123,36],"uv_size":[4,2]},"south":{"uv":[101,128],"uv_size":[3,2]},"west":{"uv":[51,123],"uv_size":[4,2]},"up":{"uv":[27,119],"uv_size":[3,4]},"down":{"uv":[30,123],"uv_size":[3,-4]}}},{"origin":[-14,8.5,-19.58627],"size":[3,1.5,4.14214],"inflate":0.002,"pivot":[-12.5,5,-17.5152],"rotation":[-45,0,0],"uv":{"north":{"uv":[128,102],"uv_size":[3,2]},"east":{"uv":[123,67],"uv_size":[4,2]},"south":{"uv":[104,128],"uv_size":[3,2]},"west":{"uv":[123,69],"uv_size":[4,2]},"up":{"uv":[33,119],"uv_size":[3,4]},"down":{"uv":[36,123],"uv_size":[3,-4]}}},{"origin":[-14,8.5,-19.58627],"size":[3,1.5,4.14214],"uv":{"north":{"uv":[107,128],"uv_size":[3,2]},"east":{"uv":[115,123],"uv_size":[4,2]},"south":{"uv":[110,128],"uv_size":[3,2]},"west":{"uv":[119,123],"uv_size":[4,2]},"up":{"uv":[39,119],"uv_size":[3,4]},"down":{"uv":[42,123],"uv_size":[3,-4]}}},{"origin":[-13.5,4.55025,-21.0152],"size":[2,0.89949,7],"inflate":-0.004,"pivot":[-12.5,5,-17.5152],"rotation":[-45,0,0],"uv":{"north":{"uv":[131,33],"uv_size":[2,1]},"east":{"uv":[120,58],"uv_size":[7,1]},"south":{"uv":[131,34],"uv_size":[2,1]},"west":{"uv":[127,58],"uv_size":[-7,1]},"up":{"uv":[44,112],"uv_size":[2,7]},"down":{"uv":[46,119],"uv_size":[2,-7]}}},{"origin":[-13.5,4.55025,-21.0152],"size":[2,0.89949,7],"inflate":0.002,"uv":{"north":{"uv":[131,35],"uv_size":[2,1]},"east":{"uv":[120,91],"uv_size":[7,1]},"south":{"uv":[131,36],"uv_size":[2,1]},"west":{"uv":[127,91],"uv_size":[-7,1]},"up":{"uv":[48,112],"uv_size":[2,7]},"down":{"uv":[66,119],"uv_size":[2,-7]}}},{"origin":[-13.5,1.5,-17.96495],"size":[2,7,0.89949],"inflate":-0.002,"pivot":[-12.5,5,-17.5152],"rotation":[-45,0,0],"uv":{"north":{"uv":[68,112],"uv_size":[2,7]},"east":{"uv":[61,120],"uv_size":[1,7]},"south":{"uv":[70,112],"uv_size":[2,7]},"west":{"uv":[62,120],"uv_size":[-1,7]},"up":{"uv":[131,37],"uv_size":[2,1]},"down":{"uv":[131,45],"uv_size":[2,-1]}}}]},{"name":"wheel2","parent":"root","pivot":[12.5,5,-17.5152]},{"name":"rotatingWheel2","parent":"wheel2","pivot":[12.5,5,-17.5152],"cubes":[{"origin":[11.5,1.5,-17.96495],"size":[2,7,0.89949],"uv":{"north":{"uv":[74,112],"uv_size":[-2,7]},"east":{"uv":[83,120],"uv_size":[1,7]},"south":{"uv":[76,112],"uv_size":[-2,7]},"west":{"uv":[84,120],"uv_size":[-1,7]},"up":{"uv":[133,45],"uv_size":[-2,1]},"down":{"uv":[133,47],"uv_size":[-2,-1]}}},{"origin":[11,0,-19.58627],"size":[3,1.5,4.14214],"uv":{"north":{"uv":[130,104],"uv_size":[-3,2]},"east":{"uv":[34,123],"uv_size":[-4,2]},"south":{"uv":[20,128],"uv_size":[-3,2]},"west":{"uv":[30,123],"uv_size":[-4,2]},"up":{"uv":[91,118],"uv_size":[-3,4]},"down":{"uv":[121,117],"uv_size":[-3,-4]}}},{"origin":[11,2.92893,-22.5152],"size":[3,4.14214,1.5],"inflate":0.002,"pivot":[12.5,5,-17.5152],"rotation":[-45,0,0],"uv":{"north":{"uv":[6,119],"uv_size":[-3,4]},"east":{"uv":[36,123],"uv_size":[-2,4]},"south":{"uv":[9,119],"uv_size":[-3,4]},"west":{"uv":[125,32],"uv_size":[-2,4]},"up":{"uv":[23,128],"uv_size":[-3,2]},"down":{"uv":[26,130],"uv_size":[-3,-2]}}},{"origin":[11,2.92893,-22.5152],"size":[3,4.14214,1.5],"uv":{"north":{"uv":[12,119],"uv_size":[-3,4]},"east":{"uv":[40,123],"uv_size":[-2,4]},"south":{"uv":[15,119],"uv_size":[-3,4]},"west":{"uv":[38,123],"uv_size":[-2,4]},"up":{"uv":[29,128],"uv_size":[-3,2]},"down":{"uv":[54,130],"uv_size":[-3,-2]}}},{"origin":[11,2.92893,-14.0152],"size":[3,4.14214,1.5],"inflate":0.002,"pivot":[12.5,5,-17.5152],"rotation":[-45,0,0],"uv":{"north":{"uv":[18,119],"uv_size":[-3,4]},"east":{"uv":[44,123],"uv_size":[-2,4]},"south":{"uv":[21,119],"uv_size":[-3,4]},"west":{"uv":[42,123],"uv_size":[-2,4]},"up":{"uv":[131,53],"uv_size":[-3,2]},"down":{"uv":[76,130],"uv_size":[-3,-2]}}},{"origin":[11,2.92893,-14.0152],"size":[3,4.14214,1.5],"uv":{"north":{"uv":[24,119],"uv_size":[-3,4]},"east":{"uv":[125,48],"uv_size":[-2,4]},"south":{"uv":[27,119],"uv_size":[-3,4]},"west":{"uv":[125,44],"uv_size":[-2,4]},"up":{"uv":[79,128],"uv_size":[-3,2]},"down":{"uv":[97,130],"uv_size":[-3,-2]}}},{"origin":[11,0,-19.58627],"size":[3,1.5,4.14214],"inflate":0.002,"pivot":[12.5,5,-17.5152],"rotation":[-45,0,0],"uv":{"north":{"uv":[101,128],"uv_size":[-3,2]},"east":{"uv":[55,123],"uv_size":[-4,2]},"south":{"uv":[104,128],"uv_size":[-3,2]},"west":{"uv":[127,36],"uv_size":[-4,2]},"up":{"uv":[30,119],"uv_size":[-3,4]},"down":{"uv":[33,123],"uv_size":[-3,-4]}}},{"origin":[11,8.5,-19.58627],"size":[3,1.5,4.14214],"inflate":0.002,"pivot":[12.5,5,-17.5152],"rotation":[-45,0,0],"uv":{"north":{"uv":[131,102],"uv_size":[-3,2]},"east":{"uv":[127,69],"uv_size":[-4,2]},"south":{"uv":[107,128],"uv_size":[-3,2]},"west":{"uv":[127,67],"uv_size":[-4,2]},"up":{"uv":[36,119],"uv_size":[-3,4]},"down":{"uv":[39,123],"uv_size":[-3,-4]}}},{"origin":[11,8.5,-19.58627],"size":[3,1.5,4.14214],"uv":{"north":{"uv":[110,128],"uv_size":[-3,2]},"east":{"uv":[123,123],"uv_size":[-4,2]},"south":{"uv":[113,128],"uv_size":[-3,2]},"west":{"uv":[119,123],"uv_size":[-4,2]},"up":{"uv":[42,119],"uv_size":[-3,4]},"down":{"uv":[45,123],"uv_size":[-3,-4]}}},{"origin":[11.5,4.55025,-21.0152],"size":[2,0.89949,7],"inflate":-0.004,"pivot":[12.5,5,-17.5152],"rotation":[-45,0,0],"uv":{"north":{"uv":[133,33],"uv_size":[-2,1]},"east":{"uv":[120,58],"uv_size":[7,1]},"south":{"uv":[133,34],"uv_size":[-2,1]},"west":{"uv":[127,58],"uv_size":[-7,1]},"up":{"uv":[46,112],"uv_size":[-2,7]},"down":{"uv":[48,119],"uv_size":[-2,-7]}}},{"origin":[11.5,4.55025,-21.0152],"size":[2,0.89949,7],"inflate":0.002,"uv":{"north":{"uv":[133,35],"uv_size":[-2,1]},"east":{"uv":[120,91],"uv_size":[7,1]},"south":{"uv":[133,36],"uv_size":[-2,1]},"west":{"uv":[127,91],"uv_size":[-7,1]},"up":{"uv":[50,112],"uv_size":[-2,7]},"down":{"uv":[68,119],"uv_size":[-2,-7]}}},{"origin":[11.5,1.5,-17.96495],"size":[2,7,0.89949],"inflate":-0.002,"pivot":[12.5,5,-17.5152],"rotation":[-45,0,0],"uv":{"north":{"uv":[70,112],"uv_size":[-2,7]},"east":{"uv":[61,120],"uv_size":[1,7]},"south":{"uv":[72,112],"uv_size":[-2,7]},"west":{"uv":[62,120],"uv_size":[-1,7]},"up":{"uv":[133,37],"uv_size":[-2,1]},"down":{"uv":[133,45],"uv_size":[-2,-1]}}}]},{"name":"wheel3","parent":"root","pivot":[12.5,5,17.5152],"cubes":[{"origin":[11,0,15.44413],"size":[3,1.5,4.14214],"uv":{"north":{"uv":[17,128],"uv_size":[3,2]},"east":{"uv":[30,123],"uv_size":[4,2]},"south":{"uv":[127,104],"uv_size":[3,2]},"west":{"uv":[26,123],"uv_size":[4,2]},"up":{"uv":[91,122],"uv_size":[-3,-4]},"down":{"uv":[121,113],"uv_size":[-3,4]}}},{"origin":[11,2.92893,21.0152],"size":[3,4.14214,1.5],"inflate":0.002,"pivot":[12.5,5,17.5152],"rotation":[45,0,0],"uv":{"north":{"uv":[6,119],"uv_size":[3,4]},"east":{"uv":[34,123],"uv_size":[2,4]},"south":{"uv":[3,119],"uv_size":[3,4]},"west":{"uv":[123,32],"uv_size":[2,4]},"up":{"uv":[23,130],"uv_size":[-3,-2]},"down":{"uv":[26,128],"uv_size":[-3,2]}}},{"origin":[11,2.92893,21.0152],"size":[3,4.14214,1.5],"uv":{"north":{"uv":[12,119],"uv_size":[3,4]},"east":{"uv":[38,123],"uv_size":[2,4]},"south":{"uv":[9,119],"uv_size":[3,4]},"west":{"uv":[36,123],"uv_size":[2,4]},"up":{"uv":[29,130],"uv_size":[-3,-2]},"down":{"uv":[54,128],"uv_size":[-3,2]}}},{"origin":[11,2.92893,12.5152],"size":[3,4.14214,1.5],"inflate":0.002,"pivot":[12.5,5,17.5152],"rotation":[45,0,0],"uv":{"north":{"uv":[18,119],"uv_size":[3,4]},"east":{"uv":[42,123],"uv_size":[2,4]},"south":{"uv":[15,119],"uv_size":[3,4]},"west":{"uv":[40,123],"uv_size":[2,4]},"up":{"uv":[131,55],"uv_size":[-3,-2]},"down":{"uv":[76,128],"uv_size":[-3,2]}}},{"origin":[11,2.92893,12.5152],"size":[3,4.14214,1.5],"uv":{"north":{"uv":[24,119],"uv_size":[3,4]},"east":{"uv":[123,48],"uv_size":[2,4]},"south":{"uv":[21,119],"uv_size":[3,4]},"west":{"uv":[123,44],"uv_size":[2,4]},"up":{"uv":[79,130],"uv_size":[-3,-2]},"down":{"uv":[97,128],"uv_size":[-3,2]}}},{"origin":[11,0,15.44413],"size":[3,1.5,4.14214],"inflate":0.002,"pivot":[12.5,5,17.5152],"rotation":[45,0,0],"uv":{"north":{"uv":[101,128],"uv_size":[3,2]},"east":{"uv":[51,123],"uv_size":[4,2]},"south":{"uv":[98,128],"uv_size":[3,2]},"west":{"uv":[123,36],"uv_size":[4,2]},"up":{"uv":[30,123],"uv_size":[-3,-4]},"down":{"uv":[33,119],"uv_size":[-3,4]}}},{"origin":[11,8.5,15.44413],"size":[3,1.5,4.14214],"inflate":0.002,"pivot":[12.5,5,17.5152],"rotation":[45,0,0],"uv":{"north":{"uv":[104,128],"uv_size":[3,2]},"east":{"uv":[123,69],"uv_size":[4,2]},"south":{"uv":[128,102],"uv_size":[3,2]},"west":{"uv":[123,67],"uv_size":[4,2]},"up":{"uv":[36,123],"uv_size":[-3,-4]},"down":{"uv":[39,119],"uv_size":[-3,4]}}},{"origin":[11,8.5,15.44413],"size":[3,1.5,4.14214],"uv":{"north":{"uv":[110,128],"uv_size":[3,2]},"east":{"uv":[119,123],"uv_size":[4,2]},"south":{"uv":[107,128],"uv_size":[3,2]},"west":{"uv":[115,123],"uv_size":[4,2]},"up":{"uv":[42,123],"uv_size":[-3,-4]},"down":{"uv":[45,119],"uv_size":[-3,4]}}},{"origin":[11.5,4.55025,14.0152],"size":[2,0.89949,7],"inflate":-0.004,"pivot":[12.5,5,17.5152],"rotation":[45,0,0],"uv":{"north":{"uv":[131,34],"uv_size":[2,1]},"east":{"uv":[127,58],"uv_size":[-7,1]},"south":{"uv":[131,33],"uv_size":[2,1]},"west":{"uv":[120,58],"uv_size":[7,1]},"up":{"uv":[46,119],"uv_size":[-2,-7]},"down":{"uv":[48,112],"uv_size":[-2,7]}}},{"origin":[11.5,4.55025,14.0152],"size":[2,0.89949,7],"inflate":0.002,"uv":{"north":{"uv":[131,36],"uv_size":[2,1]},"east":{"uv":[127,91],"uv_size":[-7,1]},"south":{"uv":[131,35],"uv_size":[2,1]},"west":{"uv":[120,91],"uv_size":[7,1]},"up":{"uv":[50,119],"uv_size":[-2,-7]},"down":{"uv":[68,112],"uv_size":[-2,7]}}},{"origin":[11.5,1.5,17.06545],"size":[2,7,0.89949],"inflate":-0.002,"pivot":[12.5,5,17.5152],"rotation":[45,0,0],"uv":{"north":{"uv":[70,112],"uv_size":[2,7]},"east":{"uv":[62,120],"uv_size":[-1,7]},"south":{"uv":[68,112],"uv_size":[2,7]},"west":{"uv":[61,120],"uv_size":[1,7]},"up":{"uv":[133,38],"uv_size":[-2,-1]},"down":{"uv":[133,44],"uv_size":[-2,1]}}},{"origin":[11.5,1.5,17.06545],"size":[2,7,0.89949],"uv":{"north":{"uv":[74,112],"uv_size":[2,7]},"east":{"uv":[84,120],"uv_size":[-1,7]},"south":{"uv":[72,112],"uv_size":[2,7]},"west":{"uv":[83,120],"uv_size":[1,7]},"up":{"uv":[133,46],"uv_size":[-2,-1]},"down":{"uv":[133,46],"uv_size":[-2,1]}}}]},{"name":"wheel4","parent":"root","pivot":[-12.5,5,17.5152],"cubes":[{"origin":[-14,0,15.44413],"size":[3,1.5,4.14214],"uv":{"north":{"uv":[20,128],"uv_size":[-3,2]},"east":{"uv":[30,123],"uv_size":[-4,2]},"south":{"uv":[130,104],"uv_size":[-3,2]},"west":{"uv":[34,123],"uv_size":[-4,2]},"up":{"uv":[88,122],"uv_size":[3,-4]},"down":{"uv":[118,113],"uv_size":[3,4]}}},{"origin":[-14,2.92893,21.0152],"size":[3,4.14214,1.5],"inflate":0.002,"pivot":[-12.5,5,17.5152],"rotation":[45,0,0],"uv":{"north":{"uv":[9,119],"uv_size":[-3,4]},"east":{"uv":[125,32],"uv_size":[-2,4]},"south":{"uv":[6,119],"uv_size":[-3,4]},"west":{"uv":[36,123],"uv_size":[-2,4]},"up":{"uv":[20,130],"uv_size":[3,-2]},"down":{"uv":[23,128],"uv_size":[3,2]}}},{"origin":[-14,2.92893,21.0152],"size":[3,4.14214,1.5],"uv":{"north":{"uv":[15,119],"uv_size":[-3,4]},"east":{"uv":[38,123],"uv_size":[-2,4]},"south":{"uv":[12,119],"uv_size":[-3,4]},"west":{"uv":[40,123],"uv_size":[-2,4]},"up":{"uv":[26,130],"uv_size":[3,-2]},"down":{"uv":[51,128],"uv_size":[3,2]}}},{"origin":[-14,2.92893,12.5152],"size":[3,4.14214,1.5],"inflate":0.002,"pivot":[-12.5,5,17.5152],"rotation":[45,0,0],"uv":{"north":{"uv":[21,119],"uv_size":[-3,4]},"east":{"uv":[42,123],"uv_size":[-2,4]},"south":{"uv":[18,119],"uv_size":[-3,4]},"west":{"uv":[44,123],"uv_size":[-2,4]},"up":{"uv":[128,55],"uv_size":[3,-2]},"down":{"uv":[73,128],"uv_size":[3,2]}}},{"origin":[-14,2.92893,12.5152],"size":[3,4.14214,1.5],"uv":{"north":{"uv":[27,119],"uv_size":[-3,4]},"east":{"uv":[125,44],"uv_size":[-2,4]},"south":{"uv":[24,119],"uv_size":[-3,4]},"west":{"uv":[125,48],"uv_size":[-2,4]},"up":{"uv":[76,130],"uv_size":[3,-2]},"down":{"uv":[94,128],"uv_size":[3,2]}}},{"origin":[-14,0,15.44413],"size":[3,1.5,4.14214],"inflate":0.002,"pivot":[-12.5,5,17.5152],"rotation":[45,0,0],"uv":{"north":{"uv":[104,128],"uv_size":[-3,2]},"east":{"uv":[127,36],"uv_size":[-4,2]},"south":{"uv":[101,128],"uv_size":[-3,2]},"west":{"uv":[55,123],"uv_size":[-4,2]},"up":{"uv":[27,123],"uv_size":[3,-4]},"down":{"uv":[30,119],"uv_size":[3,4]}}},{"origin":[-14,8.5,15.44413],"size":[3,1.5,4.14214],"inflate":0.002,"pivot":[-12.5,5,17.5152],"rotation":[45,0,0],"uv":{"north":{"uv":[107,128],"uv_size":[-3,2]},"east":{"uv":[127,67],"uv_size":[-4,2]},"south":{"uv":[131,102],"uv_size":[-3,2]},"west":{"uv":[127,69],"uv_size":[-4,2]},"up":{"uv":[33,123],"uv_size":[3,-4]},"down":{"uv":[36,119],"uv_size":[3,4]}}},{"origin":[-14,8.5,15.44413],"size":[3,1.5,4.14214],"uv":{"north":{"uv":[113,128],"uv_size":[-3,2]},"east":{"uv":[119,123],"uv_size":[-4,2]},"south":{"uv":[110,128],"uv_size":[-3,2]},"west":{"uv":[123,123],"uv_size":[-4,2]},"up":{"uv":[39,123],"uv_size":[3,-4]},"down":{"uv":[42,119],"uv_size":[3,4]}}},{"origin":[-13.5,4.55025,14.0152],"size":[2,0.89949,7],"inflate":-0.004,"pivot":[-12.5,5,17.5152],"rotation":[45,0,0],"uv":{"north":{"uv":[133,34],"uv_size":[-2,1]},"east":{"uv":[127,58],"uv_size":[-7,1]},"south":{"uv":[133,33],"uv_size":[-2,1]},"west":{"uv":[120,58],"uv_size":[7,1]},"up":{"uv":[44,119],"uv_size":[2,-7]},"down":{"uv":[46,112],"uv_size":[2,7]}}},{"origin":[-13.5,4.55025,14.0152],"size":[2,0.89949,7],"inflate":0.002,"uv":{"north":{"uv":[133,36],"uv_size":[-2,1]},"east":{"uv":[127,91],"uv_size":[-7,1]},"south":{"uv":[133,35],"uv_size":[-2,1]},"west":{"uv":[120,91],"uv_size":[7,1]},"up":{"uv":[48,119],"uv_size":[2,-7]},"down":{"uv":[66,112],"uv_size":[2,7]}}},{"origin":[-13.5,1.5,17.06545],"size":[2,7,0.89949],"inflate":-0.002,"pivot":[-12.5,5,17.5152],"rotation":[45,0,0],"uv":{"north":{"uv":[72,112],"uv_size":[-2,7]},"east":{"uv":[62,120],"uv_size":[-1,7]},"south":{"uv":[70,112],"uv_size":[-2,7]},"west":{"uv":[61,120],"uv_size":[1,7]},"up":{"uv":[131,38],"uv_size":[2,-1]},"down":{"uv":[131,44],"uv_size":[2,1]}}},{"origin":[-13.5,1.5,17.06545],"size":[2,7,0.89949],"uv":{"north":{"uv":[76,112],"uv_size":[-2,7]},"east":{"uv":[84,120],"uv_size":[-1,7]},"south":{"uv":[74,112],"uv_size":[-2,7]},"west":{"uv":[83,120],"uv_size":[1,7]},"up":{"uv":[131,46],"uv_size":[2,-1]},"down":{"uv":[131,46],"uv_size":[2,1]}}}]}]}]}
