{"format_version":"1.8.0","animations":{"animation.pigeon.idle":{"loop":true,"bones":{"body":{"rotation":["math.cos(query.anim_time*100) *0.5",0,0]},"head":{"rotation":["math.sin(query.anim_time*100) *2",0,0]},"neck":{"rotation":["math.cos(query.anim_time*100) *2",0,0]},"tail":{"rotation":["math.cos(query.anim_time*100 +45) *1",0,0]}}},"animation.pigeon.walk":{"anim_time_update":"query.modified_distance_moved*4","loop":true,"bones":{"body":{"rotation":["math.cos(query.anim_time*40 +45) *1",0,0],"position":[0,"math.cos(query.anim_time*80) *0.2 -0.2",0]},"head":{"rotation":["math.sin(query.anim_time*20) *2",0,0]},"neck":{"rotation":["math.cos(query.anim_time*20) *2",0,0]},"tail":{"rotation":["math.cos(query.anim_time*20 +45) *1",0,0]},"right_leg":{"rotation":["math.cos(query.anim_time*40) *30",0,0]},"left_leg":{"rotation":["math.cos(query.anim_time*40) *-30",0,0]}}},"animation.pigeon.fly":{"loop":true,"bones":{"body":{"rotation":["math.cos(query.anim_time*1000) *-5 +20",0,0],"position":[0,1,1]},"right_leg":{"rotation":[60,0,0]},"wing_left":{"rotation":["math.cos(query.anim_time*1000) *-5-40","math.cos(query.anim_time*1000) +25","math.cos(query.anim_time*1000) *-15 -50"],"position":[-0.3,0,0.5]},"neck":{"rotation":["math.sin(query.anim_time*800) *-2",0,0]},"wing_right":{"rotation":["math.cos(query.anim_time*1000) *-5-40","math.cos(query.anim_time*1000) -25","math.cos(query.anim_time*1000) *15 +50"],"position":[0.3,0,0.5]},"left_leg":{"rotation":[60,0,0]},"tail":{"rotation":["math.sin(query.anim_time*1000) *-2",0,0]}}}}}
