{"format_version":"1.12.0","minecraft:geometry":[{"description":{"identifier":"geometry.mixer","texture_width":128,"texture_height":128,"visible_bounds_width":3,"visible_bounds_height":3,"visible_bounds_offset":[0,0.5,0]},"bones":[{"name":"mixer","pivot":[0,0,0],"cubes":[{"origin":[-8,0,-5],"size":[15,2,10],"uv":{"north":{"uv":[10,10],"uv_size":[16,2]},"east":{"uv":[0,10],"uv_size":[10,2]},"south":{"uv":[36,10],"uv_size":[16,2]},"west":{"uv":[26,10],"uv_size":[10,2]},"up":{"uv":[10,0],"uv_size":[16,10]},"down":{"uv":[26,10],"uv_size":[16,-10]}}},{"origin":[-7.5,14,-4],"size":[15.5,2,8],"uv":{"north":{"uv":[8,20],"uv_size":[15,2]},"east":{"uv":[0,20],"uv_size":[8,2]},"south":{"uv":[31,20],"uv_size":[15,2]},"west":{"uv":[23,20],"uv_size":[8,2]},"up":{"uv":[8,12],"uv_size":[15,8]},"down":{"uv":[23,20],"uv_size":[15,-8]}}},{"origin":[1.5,11,-2.5],"size":[5,3,5],"uv":{"north":{"uv":[5,49],"uv_size":[5,3]},"east":{"uv":[0,49],"uv_size":[5,3]},"south":{"uv":[15,49],"uv_size":[5,3]},"west":{"uv":[10,49],"uv_size":[5,3]},"up":{"uv":[5,44],"uv_size":[5,5]},"down":{"uv":[10,49],"uv_size":[5,-5]}}},{"origin":[7,0,-4],"size":[1,2,8],"uv":{"north":{"uv":[20,52],"uv_size":[1,2]},"east":{"uv":[12,52],"uv_size":[8,2]},"south":{"uv":[29,52],"uv_size":[1,2]},"west":{"uv":[21,52],"uv_size":[8,2]},"up":{"uv":[20,44],"uv_size":[1,8]},"down":{"uv":[21,52],"uv_size":[1,-8]}}},{"origin":[-7,2,-3.5],"size":[6.5,12,7],"uv":{"north":{"uv":[7,29],"uv_size":[6,15]},"east":{"uv":[0,29],"uv_size":[7,15]},"south":{"uv":[20,29],"uv_size":[6,15]},"west":{"uv":[13,29],"uv_size":[7,15]},"up":{"uv":[7,22],"uv_size":[6,7]},"down":{"uv":[13,29],"uv_size":[6,-7]}}},{"origin":[-7.5,2,-4.5],"size":[7.5,4,9],"uv":{"north":{"uv":[35,31],"uv_size":[7,4]},"east":{"uv":[26,31],"uv_size":[9,4]},"south":{"uv":[51,31],"uv_size":[7,4]},"west":{"uv":[42,31],"uv_size":[9,4]},"up":{"uv":[35,22],"uv_size":[7,9]},"down":{"uv":[42,31],"uv_size":[7,-9]}}},{"origin":[-6,6,-4.5],"size":[4.5,3.2,9],"uv":{"north":{"uv":[52,12],"uv_size":[4,4]},"east":{"uv":[43,12],"uv_size":[9,4]},"south":{"uv":[65,12],"uv_size":[4,4]},"west":{"uv":[56,12],"uv_size":[9,4]},"up":{"uv":[52,3],"uv_size":[4,9]},"down":{"uv":[56,12],"uv_size":[4,-9]}}}]},{"name":"mixer_bak","parent":"mixer","pivot":[4,1.525,0],"cubes":[{"origin":[0.525,2.375,-3.45],"size":[6.95,0,6.95],"uv":{"north":{"uv":[33,42],"uv_size":[7,7]},"east":{"uv":[26,42],"uv_size":[7,7]},"south":{"uv":[47,42],"uv_size":[7,7]},"west":{"uv":[40,42],"uv_size":[7,7]},"up":{"uv":[40,35],"uv_size":[7,7]},"down":{"uv":[40,42],"uv_size":[7,-7]}}},{"origin":[0.5,1.025,3.5],"size":[7,6,0.01],"uv":{"north":{"uv":[26,42],"uv_size":[7,7]},"east":{"uv":[26,42],"uv_size":[0.01,7]},"south":{"uv":[26,42],"uv_size":[7,7]},"west":{"uv":[26,42],"uv_size":[0.01,7]},"up":{"uv":[33,42.01],"uv_size":[-7,-0.01]},"down":{"uv":[33,42.01],"uv_size":[-7,-0.01]}}},{"origin":[0.5,1.025,-3.5],"size":[7,6,0.01],"uv":{"north":{"uv":[40,42],"uv_size":[7,7]},"east":{"uv":[40,42],"uv_size":[0.01,7]},"south":{"uv":[40,42],"uv_size":[7,7]},"west":{"uv":[40,42],"uv_size":[0.01,7]},"up":{"uv":[47,42.01],"uv_size":[-7,-0.01]},"down":{"uv":[47,42.01],"uv_size":[-7,-0.01]}}},{"origin":[7.49,1.025,-3.5],"size":[0.01,6,7],"uv":{"north":{"uv":[33,42],"uv_size":[7,7]},"east":{"uv":[33,42],"uv_size":[7,7]},"south":{"uv":[33,42],"uv_size":[7,7]},"west":{"uv":[33,42],"uv_size":[7,7]},"up":{"uv":[40,49],"uv_size":[-7,-7]},"down":{"uv":[40,49],"uv_size":[-7,-7]}}},{"origin":[0.49,1.025,-3.5],"size":[0.01,6,7],"uv":{"north":{"uv":[47,42],"uv_size":[7,7]},"east":{"uv":[47,42],"uv_size":[7,7]},"south":{"uv":[47,42],"uv_size":[7,7]},"west":{"uv":[47,42],"uv_size":[7,7]},"up":{"uv":[54,49],"uv_size":[-7,-7]},"down":{"uv":[54,49],"uv_size":[-7,-7]}}}]},{"name":"deeg","parent":"mixer_bak","pivot":[0,0,0],"cubes":[{"origin":[0.6,2.01,-3.45],"size":[6.85,0,6.875],"uv":{"north":{"uv":[59,0],"uv_size":[7,7]},"east":{"uv":[59,0],"uv_size":[7,7]},"south":{"uv":[59,0],"uv_size":[7,7]},"west":{"uv":[59,0],"uv_size":[7,7]},"up":{"uv":[59,0],"uv_size":[7,7]},"down":{"uv":[59,7],"uv_size":[7,-7]}}}]},{"name":"ding","parent":"mixer","pivot":[4,13.5,0],"cubes":[{"origin":[2.5,10,-1.5],"size":[3,1,3],"uv":{"north":{"uv":[22,25],"uv_size":[3,1]},"east":{"uv":[19,25],"uv_size":[3,1]},"south":{"uv":[28,25],"uv_size":[3,1]},"west":{"uv":[25,25],"uv_size":[3,1]},"up":{"uv":[22,22],"uv_size":[3,3]},"down":{"uv":[25,25],"uv_size":[3,-3]}}}]},{"name":"staaf","parent":"ding","pivot":[4.00957,5.612,-0.99097],"cubes":[{"origin":[3.68957,5.58,-1.31097],"size":[0.64,4.48,0.64],"pivot":[4.00957,9.964,-0.99097],"rotation":[0,-45,0],"uv":{"north":{"uv":[1,13],"uv_size":[1,7]},"east":{"uv":[0,13],"uv_size":[1,7]},"south":{"uv":[3,13],"uv_size":[1,7]},"west":{"uv":[2,13],"uv_size":[1,7]},"up":{"uv":[1,12],"uv_size":[1,1]},"down":{"uv":[2,13],"uv_size":[1,-1]}}},{"origin":[3.04957,4.3,-1.31097],"size":[0.64,1.92,0.64],"pivot":[4.00957,9.964,-0.99097],"rotation":[0,-45,0],"uv":{"north":{"uv":[1,1],"uv_size":[1,3]},"east":{"uv":[0,1],"uv_size":[1,3]},"south":{"uv":[3,1],"uv_size":[1,3]},"west":{"uv":[2,1],"uv_size":[1,3]},"up":{"uv":[1,0],"uv_size":[1,1]},"down":{"uv":[2,1],"uv_size":[1,-1]}}},{"origin":[3.36957,3.788,-1.31097],"size":[1.28,0.64,0.64],"pivot":[4.00957,9.964,-0.99097],"rotation":[0,-45,0],"uv":{"north":{"uv":[1,23],"uv_size":[2,1]},"east":{"uv":[0,23],"uv_size":[1,1]},"south":{"uv":[4,23],"uv_size":[2,1]},"west":{"uv":[3,23],"uv_size":[1,1]},"up":{"uv":[1,22],"uv_size":[2,1]},"down":{"uv":[3,23],"uv_size":[2,-1]}}},{"origin":[4.32957,4.3,-1.31097],"size":[0.64,1.92,0.64],"pivot":[4.00957,9.964,-0.99097],"rotation":[0,-45,0],"uv":{"north":{"uv":[7,1],"uv_size":[1,3]},"east":{"uv":[6,1],"uv_size":[1,3]},"south":{"uv":[9,1],"uv_size":[1,3]},"west":{"uv":[8,1],"uv_size":[1,3]},"up":{"uv":[7,0],"uv_size":[1,1]},"down":{"uv":[8,1],"uv_size":[1,-1]}}}]}]}]}
