{"format_version":"1.12.0","minecraft:geometry":[{"description":{"identifier":"geometry.security_camera","texture_width":32,"texture_height":32,"visible_bounds_width":3,"visible_bounds_height":2.5,"visible_bounds_offset":[0,0.75,0]},"bones":[{"name":"root","pivot":[0,0,0]},{"name":"cam","parent":"root","pivot":[0,7,1.8],"cubes":[{"origin":[-1.6,7,-3.3],"size":[3.2,0.2,8.1],"uv":{"north":{"uv":[17,2],"uv_size":[3.2,1]},"east":{"uv":[17,2],"uv_size":[9,1]},"south":{"uv":[17,2],"uv_size":[3.2,1]},"west":{"uv":[17,2],"uv_size":[9,1]},"up":{"uv":[20.2,11],"uv_size":[-3.2,-9]},"down":{"uv":[20.2,11],"uv_size":[-3.2,-9]}}},{"origin":[-2,10,-5.5],"size":[4,0.2,10.5],"uv":{"north":{"uv":[17,2],"uv_size":[3.2,1]},"east":{"uv":[17,2],"uv_size":[9,1]},"south":{"uv":[17,2],"uv_size":[3.2,1]},"west":{"uv":[17,2],"uv_size":[9,1]},"up":{"uv":[20.2,11],"uv_size":[-3.2,-9]},"down":{"uv":[20.2,11],"uv_size":[-3.2,-9]}}},{"origin":[-2,7,-4.2],"size":[0.4,3,9],"uv":{"north":{"uv":[17,2],"uv_size":[8.2,6]},"east":{"uv":[17,2],"uv_size":[14,6]},"south":{"uv":[17,2],"uv_size":[8.2,6]},"west":{"uv":[17,2],"uv_size":[14,6]},"up":{"uv":[25.2,15],"uv_size":[-8.2,-13]},"down":{"uv":[25.2,15],"uv_size":[-8.2,-13]}}},{"origin":[1.6,7,-4.2],"size":[0.4,3,9],"uv":{"north":{"uv":[17,2],"uv_size":[8.2,6]},"east":{"uv":[17,2],"uv_size":[14,6]},"south":{"uv":[17,2],"uv_size":[8.2,6]},"west":{"uv":[17,2],"uv_size":[14,6]},"up":{"uv":[25.2,15],"uv_size":[-8.2,-13]},"down":{"uv":[25.2,15],"uv_size":[-8.2,-13]}}},{"origin":[1.6,9.25,-5.5],"size":[0.4,0.75,1.3],"uv":{"north":{"uv":[17,1.7],"uv_size":[8.2,2]},"east":{"uv":[17,1.7],"uv_size":[14,2]},"south":{"uv":[17,1.7],"uv_size":[8.2,2]},"west":{"uv":[17,1.7],"uv_size":[14,2]},"up":{"uv":[25.2,10.7],"uv_size":[-8.2,-9]},"down":{"uv":[25.2,10.7],"uv_size":[-8.2,-9]}}},{"origin":[-2,9.25,-5.5],"size":[0.4,0.75,1.3],"uv":{"north":{"uv":[17,1.7],"uv_size":[8.2,2]},"east":{"uv":[17,1.7],"uv_size":[14,2]},"south":{"uv":[17,1.7],"uv_size":[8.2,2]},"west":{"uv":[17,1.7],"uv_size":[14,2]},"up":{"uv":[25.2,10.7],"uv_size":[-8.2,-9]},"down":{"uv":[25.2,10.7],"uv_size":[-8.2,-9]}}},{"origin":[-2,7,4.8],"size":[4,3,0.2],"uv":{"north":{"uv":[17,2],"uv_size":[8.2,6]},"east":{"uv":[17,2],"uv_size":[14,6]},"south":{"uv":[17,2],"uv_size":[8.2,6]},"west":{"uv":[17,2],"uv_size":[14,6]},"up":{"uv":[25.2,15],"uv_size":[-8.2,-13]},"down":{"uv":[25.2,15],"uv_size":[-8.2,-13]}}},{"origin":[-1.6,7.2,-3.2],"size":[3.2,2.8,0.2],"uv":{"north":{"uv":[16,16],"uv_size":[8,7]},"east":{"uv":[0,0],"uv_size":[0,0]},"south":{"uv":[0,0],"uv_size":[0,0]},"west":{"uv":[0,0],"uv_size":[0,0]},"up":{"uv":[0,0],"uv_size":[0,0]},"down":{"uv":[0,0],"uv_size":[0,0]}}}]},{"name":"bone","parent":"cam","pivot":[1.8,8.5,-4.2],"cubes":[{"origin":[1.625,7.2,-4.95],"size":[0.35,2.6,1.525],"pivot":[1.8,8.5,-4.2],"rotation":[30,0,0],"uv":{"north":{"uv":[17,2],"uv_size":[8.2,6]},"east":{"uv":[17,2],"uv_size":[14,6]},"south":{"uv":[17,2],"uv_size":[8.2,6]},"west":{"uv":[17,2],"uv_size":[12,6]},"up":{"uv":[25.2,15],"uv_size":[-8.2,-13]},"down":{"uv":[25.2,15],"uv_size":[-8.2,-13]}}},{"origin":[-1.975,7.2,-4.95],"size":[0.35,2.6,1.525],"pivot":[1.8,8.5,-4.2],"rotation":[30,0,0],"uv":{"north":{"uv":[17,2],"uv_size":[8.2,6]},"east":{"uv":[29,2],"uv_size":[1,6]},"south":{"uv":[17,2],"uv_size":[8.2,6]},"west":{"uv":[17,2],"uv_size":[14,6]},"up":{"uv":[25.2,15],"uv_size":[-8.2,-13]},"down":{"uv":[25.2,15],"uv_size":[-8.2,-13]}}}]},{"name":"stand","parent":"root","pivot":[0,0,0],"cubes":[{"origin":[-2,3,7],"size":[4,4,1],"uv":{"north":{"uv":[0,16],"uv_size":[16,16]},"east":{"uv":[12,16],"uv_size":[4,16]},"south":{"uv":[0,16],"uv_size":[16,16]},"west":{"uv":[0,16],"uv_size":[4,16]},"up":{"uv":[16,20],"uv_size":[-16,-4]},"down":{"uv":[16,32],"uv_size":[-16,-4]}}},{"origin":[-1,4,1],"size":[2,2,6.9],"uv":{"north":{"uv":[4,4],"uv_size":[8,8]},"east":{"uv":[0,4],"uv_size":[16,8]},"south":{"uv":[0,0],"uv_size":[16,16]},"west":{"uv":[0,4],"uv_size":[16,8]},"up":{"uv":[12,16],"uv_size":[-8,-16]},"down":{"uv":[12,16],"uv_size":[-8,-16]}}},{"origin":[-0.5,6,1.3],"size":[1,1,1],"uv":{"north":{"uv":[5,4],"uv_size":[4,4]},"east":{"uv":[5,4],"uv_size":[4,4]},"south":{"uv":[5,4],"uv_size":[4,4]},"west":{"uv":[5,4],"uv_size":[4,4]},"up":{"uv":[9,8],"uv_size":[-4,-4]},"down":{"uv":[9,8],"uv_size":[-4,-4]}}}]}]}]}
