{"format_version":"1.12.0","minecraft:geometry":[{"description":{"identifier":"geometry.helicopter_apache","texture_width":432,"texture_height":432,"visible_bounds_width":28,"visible_bounds_height":6,"visible_bounds_offset":[0,3,0]},"bones":[{"name":"main","pivot":[0,28,0],"cubes":[{"origin":[-14,13,-26],"size":[28,4,21],"uv":{"north":{"uv":[21,149],"uv_size":[28,4]},"east":{"uv":[0,149],"uv_size":[21,4]},"south":{"uv":[70,149],"uv_size":[28,4]},"west":{"uv":[49,149],"uv_size":[21,4]},"up":{"uv":[21,128],"uv_size":[28,21]},"down":{"uv":[49,149],"uv_size":[28,-21]}}},{"origin":[-14,13,-26],"size":[28,14.25,3.25],"inflate":0.01,"pivot":[0,13,-26],"rotation":[56,0,0],"uv":{"north":{"uv":[3,202],"uv_size":[28,14]},"east":{"uv":[0,202],"uv_size":[3,14]},"south":{"uv":[34,202],"uv_size":[28,14]},"west":{"uv":[31,202],"uv_size":[3,14]},"up":{"uv":[3,199],"uv_size":[28,3]},"down":{"uv":[31,202],"uv_size":[28,-3]}}},{"origin":[-14,13,-5],"size":[28,4,80],"uv":{"north":{"uv":[209,80],"uv_size":[28,4]},"east":{"uv":[129,80],"uv_size":[80,4]},"south":{"uv":[317,80],"uv_size":[28,4]},"west":{"uv":[237,80],"uv_size":[80,4]},"up":{"uv":[209,0],"uv_size":[28,80]},"down":{"uv":[237,80],"uv_size":[28,-80]}}},{"origin":[-8,10,-19],"size":[16,3,15],"uv":{"north":{"uv":[169,213],"uv_size":[16,3]},"east":{"uv":[154,213],"uv_size":[15,3]},"south":{"uv":[200,213],"uv_size":[16,3]},"west":{"uv":[185,213],"uv_size":[15,3]},"up":{"uv":[169,198],"uv_size":[16,15]},"down":{"uv":[185,213],"uv_size":[16,-15]}}},{"origin":[-1.5,0,100],"size":[3,6,6],"uv":{"north":{"uv":[6,159],"uv_size":[3,6]},"east":{"uv":[0,159],"uv_size":[6,6]},"south":{"uv":[15,159],"uv_size":[3,6]},"west":{"uv":[9,159],"uv_size":[6,6]},"up":{"uv":[6,153],"uv_size":[3,6]},"down":{"uv":[9,159],"uv_size":[3,-6]}}},{"origin":[-2.5,2,102],"size":[5,5,2],"pivot":[0,3,103],"rotation":[60,0,0],"uv":{"north":{"uv":[108,16],"uv_size":[5,5]},"east":{"uv":[106,16],"uv_size":[2,5]},"south":{"uv":[115,16],"uv_size":[5,5]},"west":{"uv":[113,16],"uv_size":[2,5]},"up":{"uv":[108,14],"uv_size":[5,2]},"down":{"uv":[113,16],"uv_size":[5,-2]}}},{"origin":[-1.5,7,102],"size":[3,5,1],"pivot":[0,3,103],"rotation":[60,0,0],"uv":{"north":{"uv":[51,28],"uv_size":[3,5]},"east":{"uv":[50,28],"uv_size":[1,5]},"south":{"uv":[55,28],"uv_size":[3,5]},"west":{"uv":[54,28],"uv_size":[1,5]},"up":{"uv":[51,27],"uv_size":[3,1]},"down":{"uv":[54,28],"uv_size":[3,-1]}}},{"origin":[-0.5,11,103],"size":[1,1,7],"pivot":[0,3,103],"rotation":[60,0,0],"uv":{"north":{"uv":[49,50],"uv_size":[1,1]},"east":{"uv":[42,50],"uv_size":[7,1]},"south":{"uv":[57,50],"uv_size":[1,1]},"west":{"uv":[50,50],"uv_size":[7,1]},"up":{"uv":[49,43],"uv_size":[1,7]},"down":{"uv":[50,50],"uv_size":[1,-7]}}},{"origin":[-0.5,4.13397,99.0359],"size":[1,10,1],"uv":{"north":{"uv":[55,15],"uv_size":[1,10]},"east":{"uv":[54,15],"uv_size":[1,10]},"south":{"uv":[57,15],"uv_size":[1,10]},"west":{"uv":[56,15],"uv_size":[1,10]},"up":{"uv":[55,14],"uv_size":[1,1]},"down":{"uv":[56,15],"uv_size":[1,-1]}}},{"origin":[-13,17,-10],"size":[26,26,1],"uv":{"north":{"uv":[1,1],"uv_size":[26,26]},"east":{"uv":[0,1],"uv_size":[1,26]},"south":{"uv":[28,1],"uv_size":[26,26]},"west":{"uv":[27,1],"uv_size":[1,26]},"up":{"uv":[1,0],"uv_size":[26,1]},"down":{"uv":[27,1],"uv_size":[26,-1]}}},{"origin":[-13,17,71],"size":[26,26,1],"uv":{"north":{"uv":[347,255],"uv_size":[26,26]},"east":{"uv":[346,255],"uv_size":[1,26]},"south":{"uv":[374,255],"uv_size":[26,26]},"west":{"uv":[373,255],"uv_size":[1,26]},"up":{"uv":[347,254],"uv_size":[26,1]},"down":{"uv":[373,255],"uv_size":[26,-1]}}},{"origin":[13,17,-5],"size":[1,26,80],"uv":{"north":{"uv":[252,300],"uv_size":[1,26]},"east":{"uv":[172,300],"uv_size":[80,26]},"south":{"uv":[333,300],"uv_size":[1,26]},"west":{"uv":[253,300],"uv_size":[80,26]},"up":{"uv":[252,220],"uv_size":[1,80]},"down":{"uv":[253,300],"uv_size":[1,-80]}}},{"origin":[-14,29,-34],"size":[1,1,8],"pivot":[-13.5,29,-26],"rotation":[-20,0,0],"uv":{"north":{"uv":[104,22],"uv_size":[1,1]},"east":{"uv":[96,22],"uv_size":[8,1]},"south":{"uv":[113,22],"uv_size":[1,1]},"west":{"uv":[105,22],"uv_size":[8,1]},"up":{"uv":[104,14],"uv_size":[1,8]},"down":{"uv":[105,22],"uv_size":[1,-8]}}},{"origin":[13,29,-34],"size":[1,1,8],"pivot":[13.5,29,-26],"rotation":[-20,0,0],"uv":{"north":{"uv":[105,22],"uv_size":[-1,1]},"east":{"uv":[113,22],"uv_size":[-8,1]},"south":{"uv":[114,22],"uv_size":[-1,1]},"west":{"uv":[104,22],"uv_size":[-8,1]},"up":{"uv":[105,14],"uv_size":[-1,8]},"down":{"uv":[106,22],"uv_size":[-1,-8]}}},{"origin":[-14,21,-36],"size":[1,5,10],"uv":{"north":{"uv":[139,94],"uv_size":[1,5]},"east":{"uv":[129,94],"uv_size":[10,5]},"south":{"uv":[150,94],"uv_size":[1,5]},"west":{"uv":[140,94],"uv_size":[10,5]},"up":{"uv":[139,84],"uv_size":[1,10]},"down":{"uv":[140,94],"uv_size":[1,-10]}}},{"origin":[13,21,-36],"size":[1,5,10],"uv":{"north":{"uv":[140,94],"uv_size":[-1,5]},"east":{"uv":[150,94],"uv_size":[-10,5]},"south":{"uv":[151,94],"uv_size":[-1,5]},"west":{"uv":[139,94],"uv_size":[-10,5]},"up":{"uv":[140,84],"uv_size":[-1,10]},"down":{"uv":[141,94],"uv_size":[-1,-10]}}},{"origin":[-14,17,-32],"size":[1,4,6],"uv":{"north":{"uv":[108,77],"uv_size":[1,4]},"east":{"uv":[102,77],"uv_size":[6,4]},"south":{"uv":[115,77],"uv_size":[1,4]},"west":{"uv":[109,77],"uv_size":[6,4]},"up":{"uv":[108,71],"uv_size":[1,6]},"down":{"uv":[109,77],"uv_size":[1,-6]}}},{"origin":[13,17,-32],"size":[1,4,6],"uv":{"north":{"uv":[109,77],"uv_size":[-1,4]},"east":{"uv":[115,77],"uv_size":[-6,4]},"south":{"uv":[116,77],"uv_size":[-1,4]},"west":{"uv":[108,77],"uv_size":[-6,4]},"up":{"uv":[109,71],"uv_size":[-1,6]},"down":{"uv":[110,77],"uv_size":[-1,-6]}}},{"origin":[-3,19,-24],"size":[12,3,10],"uv":{"north":{"uv":[188,8],"uv_size":[-8,3]},"east":{"uv":[196,8],"uv_size":[-8,3]},"south":{"uv":[204,8],"uv_size":[-8,3]},"west":{"uv":[180,8],"uv_size":[-8,3]},"up":{"uv":[188,0],"uv_size":[-8,8]},"down":{"uv":[196,8],"uv_size":[-8,-8]}}},{"origin":[3,17,-21],"size":[6,1,11],"uv":{"north":{"uv":[373,233],"uv_size":[-6,5]},"east":{"uv":[384,233],"uv_size":[-11,5]},"south":{"uv":[390,233],"uv_size":[-6,5]},"west":{"uv":[367,233],"uv_size":[-11,5]},"up":{"uv":[373,222],"uv_size":[-6,11]},"down":{"uv":[379,233],"uv_size":[-6,-11]}}},{"origin":[-9,17,-28],"size":[6.1,9,18],"uv":{"north":{"uv":[387,187],"uv_size":[-6,9]},"east":{"uv":[405,187],"uv_size":[-18,9]},"south":{"uv":[411,187],"uv_size":[-6,9]},"west":{"uv":[381,187],"uv_size":[-18,9]},"up":{"uv":[387,169],"uv_size":[-6,18]},"down":{"uv":[393,187],"uv_size":[-6,-18]}}},{"origin":[-9,17,-21],"size":[6,5,11],"uv":{"north":{"uv":[373,233],"uv_size":[-6,5]},"east":{"uv":[384,233],"uv_size":[-11,5]},"south":{"uv":[390,233],"uv_size":[-6,5]},"west":{"uv":[367,233],"uv_size":[-11,5]},"up":{"uv":[373,222],"uv_size":[-6,11]},"down":{"uv":[379,233],"uv_size":[-6,-11]}}},{"origin":[-13,19,-34],"size":[26,14,6],"uv":{"north":{"uv":[392,206],"uv_size":[-26,14]},"east":{"uv":[398,206],"uv_size":[-6,14]},"south":{"uv":[424,206],"uv_size":[-26,14]},"west":{"uv":[366,206],"uv_size":[-6,14]},"up":{"uv":[392,200],"uv_size":[-26,6]},"down":{"uv":[418,206],"uv_size":[-26,-6]}}},{"origin":[-3,19,-14],"size":[12,15,2],"uv":{"north":{"uv":[113,27],"uv_size":[-8,11]},"east":{"uv":[115,27],"uv_size":[-2,11]},"south":{"uv":[123,27],"uv_size":[-8,11]},"west":{"uv":[105,27],"uv_size":[-2,11]},"up":{"uv":[113,25],"uv_size":[-8,2]},"down":{"uv":[121,27],"uv_size":[-8,-2]}}},{"origin":[-14,17,-26],"size":[1,13,21],"uv":{"north":{"uv":[218,149],"uv_size":[1,13]},"east":{"uv":[197,149],"uv_size":[21,13]},"south":{"uv":[240,149],"uv_size":[1,13]},"west":{"uv":[219,149],"uv_size":[21,13]},"up":{"uv":[218,128],"uv_size":[1,21]},"down":{"uv":[219,149],"uv_size":[1,-21]}}},{"origin":[13,17,-26],"size":[1,13,21],"uv":{"north":{"uv":[219,149],"uv_size":[-1,13]},"east":{"uv":[240,149],"uv_size":[-21,13]},"south":{"uv":[241,149],"uv_size":[-1,13]},"west":{"uv":[218,149],"uv_size":[-21,13]},"up":{"uv":[219,128],"uv_size":[-1,21]},"down":{"uv":[220,149],"uv_size":[-1,-21]}}},{"origin":[-14,21,-38],"size":[28,8,2],"uv":{"north":{"uv":[2,218],"uv_size":[28,8]},"east":{"uv":[0,218],"uv_size":[2,8]},"south":{"uv":[32,218],"uv_size":[28,8]},"west":{"uv":[30,218],"uv_size":[2,8]},"up":{"uv":[2,216],"uv_size":[28,2]},"down":{"uv":[30,218],"uv_size":[28,-2]}}},{"origin":[-14,30,-11],"size":[1,13,6],"uv":{"north":{"uv":[6,134],"uv_size":[1,13]},"east":{"uv":[0,134],"uv_size":[6,13]},"south":{"uv":[13,134],"uv_size":[1,13]},"west":{"uv":[7,134],"uv_size":[6,13]},"up":{"uv":[6,128],"uv_size":[1,6]},"down":{"uv":[7,134],"uv_size":[1,-6]}}},{"origin":[13,30,-11],"size":[1,13,6],"uv":{"north":{"uv":[7,134],"uv_size":[-1,13]},"east":{"uv":[13,134],"uv_size":[-6,13]},"south":{"uv":[14,134],"uv_size":[-1,13]},"west":{"uv":[6,134],"uv_size":[-6,13]},"up":{"uv":[7,128],"uv_size":[-1,6]},"down":{"uv":[8,134],"uv_size":[-1,-6]}}},{"origin":[-14,30,-26],"size":[1,12,2],"uv":{"north":{"uv":[120,40],"uv_size":[1,12]},"east":{"uv":[118,40],"uv_size":[2,12]},"south":{"uv":[123,40],"uv_size":[1,12]},"west":{"uv":[121,40],"uv_size":[2,12]},"up":{"uv":[120,38],"uv_size":[1,2]},"down":{"uv":[121,40],"uv_size":[1,-2]}}},{"origin":[13,30,-26],"size":[1,12,2],"uv":{"north":{"uv":[121,40],"uv_size":[-1,12]},"east":{"uv":[123,40],"uv_size":[-2,12]},"south":{"uv":[124,40],"uv_size":[-1,12]},"west":{"uv":[120,40],"uv_size":[-2,12]},"up":{"uv":[121,38],"uv_size":[-1,2]},"down":{"uv":[122,40],"uv_size":[-1,-2]}}},{"origin":[13.5,26,-36],"size":[0,14,10],"uv":{"north":{"uv":[10,346],"uv_size":[0,14]},"east":{"uv":[20,346],"uv_size":[-10,14]},"south":{"uv":[20,346],"uv_size":[0,14]},"west":{"uv":[10,346],"uv_size":[-10,14]},"up":{"uv":[10,336],"uv_size":[0,10]},"down":{"uv":[10,346],"uv_size":[0,-10]}}},{"origin":[-13.5,26,-36],"size":[0,14,10],"uv":{"north":{"uv":[10,346],"uv_size":[0,14]},"east":{"uv":[0,346],"uv_size":[10,14]},"south":{"uv":[20,346],"uv_size":[0,14]},"west":{"uv":[10,346],"uv_size":[10,14]},"up":{"uv":[10,336],"uv_size":[0,10]},"down":{"uv":[10,346],"uv_size":[0,-10]}}},{"origin":[-14,30,-18],"size":[1,13,1],"uv":{"north":{"uv":[55,1],"uv_size":[1,13]},"east":{"uv":[54,1],"uv_size":[1,13]},"south":{"uv":[57,1],"uv_size":[1,13]},"west":{"uv":[56,1],"uv_size":[1,13]},"up":{"uv":[55,0],"uv_size":[1,1]},"down":{"uv":[56,1],"uv_size":[1,-1]}}},{"origin":[13,30,-18],"size":[1,13,1],"uv":{"north":{"uv":[56,1],"uv_size":[-1,13]},"east":{"uv":[57,1],"uv_size":[-1,13]},"south":{"uv":[58,1],"uv_size":[-1,13]},"west":{"uv":[55,1],"uv_size":[-1,13]},"up":{"uv":[56,0],"uv_size":[-1,1]},"down":{"uv":[57,1],"uv_size":[-1,-1]}}},{"origin":[13.5,30,-17],"size":[0,13,6],"uv":{"north":{"uv":[349,144],"uv_size":[0,13]},"east":{"uv":[355,144],"uv_size":[-6,13]},"south":{"uv":[355,144],"uv_size":[0,13]},"west":{"uv":[349,144],"uv_size":[-6,13]},"up":{"uv":[349,138],"uv_size":[0,6]},"down":{"uv":[349,144],"uv_size":[0,-6]}}},{"origin":[-13.5,30,-17],"size":[0,13,6],"uv":{"north":{"uv":[349,144],"uv_size":[0,13]},"east":{"uv":[343,144],"uv_size":[6,13]},"south":{"uv":[355,144],"uv_size":[0,13]},"west":{"uv":[349,144],"uv_size":[6,13]},"up":{"uv":[349,138],"uv_size":[0,6]},"down":{"uv":[349,144],"uv_size":[0,-6]}}},{"origin":[13.5,30,-24],"size":[0,13,6],"uv":{"north":{"uv":[349,144],"uv_size":[0,13]},"east":{"uv":[355,144],"uv_size":[-6,13]},"south":{"uv":[355,144],"uv_size":[0,13]},"west":{"uv":[349,144],"uv_size":[-6,13]},"up":{"uv":[349,138],"uv_size":[0,6]},"down":{"uv":[349,144],"uv_size":[0,-6]}}},{"origin":[-13.5,30,-24],"size":[0,13,6],"uv":{"north":{"uv":[349,144],"uv_size":[0,13]},"east":{"uv":[343,144],"uv_size":[6,13]},"south":{"uv":[355,144],"uv_size":[0,13]},"west":{"uv":[349,144],"uv_size":[6,13]},"up":{"uv":[349,138],"uv_size":[0,6]},"down":{"uv":[349,144],"uv_size":[0,-6]}}},{"origin":[-14,17,-5],"size":[1,26,80],"uv":{"north":{"uv":[80,309],"uv_size":[1,26]},"east":{"uv":[0,309],"uv_size":[80,26]},"south":{"uv":[161,309],"uv_size":[1,26]},"west":{"uv":[81,309],"uv_size":[80,26]},"up":{"uv":[80,229],"uv_size":[1,80]},"down":{"uv":[81,309],"uv_size":[1,-80]}}},{"origin":[-9,13,75],"size":[18,5,8],"uv":{"north":{"uv":[74,50],"uv_size":[18,5]},"east":{"uv":[66,50],"uv_size":[8,5]},"south":{"uv":[100,50],"uv_size":[18,5]},"west":{"uv":[92,50],"uv_size":[8,5]},"up":{"uv":[74,42],"uv_size":[18,8]},"down":{"uv":[92,50],"uv_size":[18,-8]}}},{"origin":[-5,13,83],"size":[10,5,10],"uv":{"north":{"uv":[211,208],"uv_size":[10,5]},"east":{"uv":[201,208],"uv_size":[10,5]},"south":{"uv":[231,208],"uv_size":[10,5]},"west":{"uv":[221,208],"uv_size":[10,5]},"up":{"uv":[211,198],"uv_size":[10,10]},"down":{"uv":[221,208],"uv_size":[10,-10]}}},{"origin":[-1.75,13,94.16623],"size":[3.5,15,6],"pivot":[0.75,13,100.16623],"rotation":[-25,0,0],"uv":{"north":{"uv":[6,33],"uv_size":[3,15]},"east":{"uv":[0,33],"uv_size":[6,15]},"south":{"uv":[15,33],"uv_size":[3,15]},"west":{"uv":[9,33],"uv_size":[6,15]},"up":{"uv":[6,27],"uv_size":[3,6]},"down":{"uv":[9,33],"uv_size":[3,-6]}}},{"origin":[-10,55,16],"size":[20,5,32],"uv":{"north":{"uv":[32,103],"uv_size":[20,5]},"east":{"uv":[0,103],"uv_size":[32,5]},"south":{"uv":[84,103],"uv_size":[20,5]},"west":{"uv":[52,103],"uv_size":[32,5]},"up":{"uv":[32,71],"uv_size":[20,32]},"down":{"uv":[52,103],"uv_size":[20,-32]}}},{"origin":[-6,46,49],"size":[12,10,4],"uv":{"north":{"uv":[4,75],"uv_size":[12,10]},"east":{"uv":[0,75],"uv_size":[4,10]},"south":{"uv":[20,75],"uv_size":[12,10]},"west":{"uv":[16,75],"uv_size":[4,10]},"up":{"uv":[4,71],"uv_size":[12,4]},"down":{"uv":[16,75],"uv_size":[12,-4]}}},{"origin":[-5,46,60],"size":[10,11,10],"uv":{"north":{"uv":[82,82],"uv_size":[10,11]},"east":{"uv":[72,82],"uv_size":[10,11]},"south":{"uv":[102,82],"uv_size":[10,11]},"west":{"uv":[92,82],"uv_size":[10,11]},"up":{"uv":[82,72],"uv_size":[10,10]},"down":{"uv":[92,82],"uv_size":[10,-10]}}},{"origin":[-14,32,55],"size":[1,8,5],"uv":{"north":{"uv":[251,91],"uv_size":[-1,8]},"east":{"uv":[256,91],"uv_size":[-5,8]},"south":{"uv":[257,91],"uv_size":[-1,8]},"west":{"uv":[250,91],"uv_size":[-5,8]},"up":{"uv":[251,86],"uv_size":[-1,5]},"down":{"uv":[252,91],"uv_size":[-1,-5]}}},{"origin":[-14,32,43],"size":[1,8,5],"uv":{"north":{"uv":[251,91],"uv_size":[-1,8]},"east":{"uv":[256,91],"uv_size":[-5,8]},"south":{"uv":[257,91],"uv_size":[-1,8]},"west":{"uv":[250,91],"uv_size":[-5,8]},"up":{"uv":[251,86],"uv_size":[-1,5]},"down":{"uv":[252,91],"uv_size":[-1,-5]}}},{"origin":[-14,32,20],"size":[1,8,5],"uv":{"north":{"uv":[251,91],"uv_size":[-1,8]},"east":{"uv":[256,91],"uv_size":[-5,8]},"south":{"uv":[257,91],"uv_size":[-1,8]},"west":{"uv":[250,91],"uv_size":[-5,8]},"up":{"uv":[251,86],"uv_size":[-1,5]},"down":{"uv":[252,91],"uv_size":[-1,-5]}}},{"origin":[-14,32,8],"size":[1,8,5],"uv":{"north":{"uv":[251,91],"uv_size":[-1,8]},"east":{"uv":[256,91],"uv_size":[-5,8]},"south":{"uv":[257,91],"uv_size":[-1,8]},"west":{"uv":[250,91],"uv_size":[-5,8]},"up":{"uv":[251,86],"uv_size":[-1,5]},"down":{"uv":[252,91],"uv_size":[-1,-5]}}},{"origin":[-14,32,-4],"size":[1,8,5],"uv":{"north":{"uv":[251,91],"uv_size":[-1,8]},"east":{"uv":[256,91],"uv_size":[-5,8]},"south":{"uv":[257,91],"uv_size":[-1,8]},"west":{"uv":[250,91],"uv_size":[-5,8]},"up":{"uv":[251,86],"uv_size":[-1,5]},"down":{"uv":[252,91],"uv_size":[-1,-5]}}},{"origin":[13,32,21],"size":[1,8,5],"uv":{"north":{"uv":[250,91],"uv_size":[1,8]},"east":{"uv":[245,91],"uv_size":[5,8]},"south":{"uv":[256,91],"uv_size":[1,8]},"west":{"uv":[251,91],"uv_size":[5,8]},"up":{"uv":[250,86],"uv_size":[1,5]},"down":{"uv":[251,91],"uv_size":[1,-5]}}},{"origin":[13,32,52],"size":[1,8,5],"uv":{"north":{"uv":[250,91],"uv_size":[1,8]},"east":{"uv":[245,91],"uv_size":[5,8]},"south":{"uv":[256,91],"uv_size":[1,8]},"west":{"uv":[251,91],"uv_size":[5,8]},"up":{"uv":[250,86],"uv_size":[1,5]},"down":{"uv":[251,91],"uv_size":[1,-5]}}},{"origin":[13,34,31],"size":[1,6,11],"uv":{"north":{"uv":[283,97],"uv_size":[1,6]},"east":{"uv":[272,97],"uv_size":[11,6]},"south":{"uv":[295,97],"uv_size":[1,6]},"west":{"uv":[284,97],"uv_size":[11,6]},"up":{"uv":[283,86],"uv_size":[1,11]},"down":{"uv":[284,97],"uv_size":[1,-11]}}},{"origin":[-1,46,53],"size":[2,3,125],"pivot":[0,49,53],"rotation":[-1,0,0],"uv":{"north":{"uv":[125,125],"uv_size":[2,3]},"east":{"uv":[0,125],"uv_size":[125,3]},"south":{"uv":[252,125],"uv_size":[2,3]},"west":{"uv":[127,125],"uv_size":[125,3]},"up":{"uv":[125,0],"uv_size":[2,125]},"down":{"uv":[127,125],"uv_size":[2,-125]}}},{"origin":[-8,60,18],"size":[16,3,16],"uv":{"north":{"uv":[170,144],"uv_size":[16,3]},"east":{"uv":[154,144],"uv_size":[16,3]},"south":{"uv":[202,144],"uv_size":[16,3]},"west":{"uv":[186,144],"uv_size":[16,3]},"up":{"uv":[170,128],"uv_size":[16,16]},"down":{"uv":[186,144],"uv_size":[16,-16]}}},{"origin":[-6,63,20],"size":[12,3,12],"uv":{"north":{"uv":[55,165],"uv_size":[12,3]},"east":{"uv":[43,165],"uv_size":[12,3]},"south":{"uv":[79,165],"uv_size":[12,3]},"west":{"uv":[67,165],"uv_size":[12,3]},"up":{"uv":[55,153],"uv_size":[12,12]},"down":{"uv":[67,165],"uv_size":[12,-12]}}},{"origin":[-8,66,18],"size":[16,4,16],"uv":{"north":{"uv":[145,62],"uv_size":[16,4]},"east":{"uv":[129,62],"uv_size":[16,4]},"south":{"uv":[177,62],"uv_size":[16,4]},"west":{"uv":[161,62],"uv_size":[16,4]},"up":{"uv":[145,46],"uv_size":[16,16]},"down":{"uv":[161,62],"uv_size":[16,-16]}}},{"origin":[-11,46,-5],"size":[22,9,54],"uv":{"north":{"uv":[319,54],"uv_size":[22,9]},"east":{"uv":[265,54],"uv_size":[54,9]},"south":{"uv":[395,54],"uv_size":[22,9]},"west":{"uv":[341,54],"uv_size":[54,9]},"up":{"uv":[319,0],"uv_size":[22,54]},"down":{"uv":[341,54],"uv_size":[22,-54]}}},{"origin":[-11,46,-17],"size":[22,9,2],"pivot":[3,46,-17],"rotation":[-35,0,0],"uv":{"north":{"uv":[199,164],"uv_size":[22,9]},"east":{"uv":[197,164],"uv_size":[2,9]},"south":{"uv":[223,164],"uv_size":[22,9]},"west":{"uv":[221,164],"uv_size":[2,9]},"up":{"uv":[199,162],"uv_size":[22,2]},"down":{"uv":[221,164],"uv_size":[22,-2]}}},{"origin":[-11,55,-16],"size":[22,1,1],"pivot":[3,46,-17],"rotation":[-35,0,0],"uv":{"north":{"uv":[1,56],"uv_size":[22,1]},"east":{"uv":[0,56],"uv_size":[1,1]},"south":{"uv":[24,56],"uv_size":[22,1]},"west":{"uv":[23,56],"uv_size":[1,1]},"up":{"uv":[1,55],"uv_size":[22,1]},"down":{"uv":[23,56],"uv_size":[22,-1]}}},{"origin":[-11,53.37237,-11.83781],"size":[22,6,1],"pivot":[0,53.37237,-11.83781],"rotation":[-72,0,0],"uv":{"north":{"uv":[73,97],"uv_size":[22,6]},"east":{"uv":[72,97],"uv_size":[1,6]},"south":{"uv":[96,97],"uv_size":[22,6]},"west":{"uv":[95,97],"uv_size":[1,6]},"up":{"uv":[73,96],"uv_size":[22,1]},"down":{"uv":[95,97],"uv_size":[22,-1]}}},{"origin":[-0.5,45.37237,-11.83781],"size":[1,7,4],"uv":{"north":{"uv":[76,100],"uv_size":[1,7]},"east":{"uv":[72,100],"uv_size":[4,7]},"south":{"uv":[81,100],"uv_size":[1,7]},"west":{"uv":[77,100],"uv_size":[4,7]},"up":{"uv":[76,96],"uv_size":[1,4]},"down":{"uv":[77,100],"uv_size":[1,-4]}}},{"origin":[-0.5,45.37237,-14.83781],"size":[1,3,3],"uv":{"north":{"uv":[75,99],"uv_size":[1,3]},"east":{"uv":[72,99],"uv_size":[3,3]},"south":{"uv":[79,99],"uv_size":[1,3]},"west":{"uv":[76,99],"uv_size":[3,3]},"up":{"uv":[75,96],"uv_size":[1,3]},"down":{"uv":[76,99],"uv_size":[1,-3]}}},{"origin":[-0.5,48.37237,-13.83781],"size":[1,2,2],"uv":{"north":{"uv":[74,98],"uv_size":[1,2]},"east":{"uv":[72,98],"uv_size":[2,2]},"south":{"uv":[77,98],"uv_size":[1,2]},"west":{"uv":[75,98],"uv_size":[2,2]},"up":{"uv":[74,96],"uv_size":[1,2]},"down":{"uv":[75,98],"uv_size":[1,-2]}}},{"origin":[-0.5,52.37237,-10.83781],"size":[1,1,3],"uv":{"north":{"uv":[75,99],"uv_size":[1,1]},"east":{"uv":[72,99],"uv_size":[3,1]},"south":{"uv":[79,99],"uv_size":[1,1]},"west":{"uv":[76,99],"uv_size":[3,1]},"up":{"uv":[75,96],"uv_size":[1,3]},"down":{"uv":[76,99],"uv_size":[1,-3]}}},{"origin":[-9,48,-7],"size":[6,6,2],"uv":{"north":{"uv":[68,18],"uv_size":[6,6]},"east":{"uv":[66,18],"uv_size":[2,6]},"south":{"uv":[76,18],"uv_size":[6,6]},"west":{"uv":[74,18],"uv_size":[2,6]},"up":{"uv":[68,16],"uv_size":[6,2]},"down":{"uv":[74,18],"uv_size":[6,-2]}}},{"origin":[3,48,-7],"size":[6,6,2],"uv":{"north":{"uv":[74,18],"uv_size":[-6,6]},"east":{"uv":[76,18],"uv_size":[-2,6]},"south":{"uv":[82,18],"uv_size":[-6,6]},"west":{"uv":[68,18],"uv_size":[-2,6]},"up":{"uv":[74,16],"uv_size":[-6,2]},"down":{"uv":[80,18],"uv_size":[-6,-2]}}},{"origin":[-7,50,-8],"size":[2,2,1],"uv":{"north":{"uv":[13,28],"uv_size":[2,2]},"east":{"uv":[12,28],"uv_size":[1,2]},"south":{"uv":[16,28],"uv_size":[2,2]},"west":{"uv":[15,28],"uv_size":[1,2]},"up":{"uv":[13,27],"uv_size":[2,1]},"down":{"uv":[15,28],"uv_size":[2,-1]}}},{"origin":[5,50,-8],"size":[2,2,1],"uv":{"north":{"uv":[15,28],"uv_size":[-2,2]},"east":{"uv":[16,28],"uv_size":[-1,2]},"south":{"uv":[18,28],"uv_size":[-2,2]},"west":{"uv":[13,28],"uv_size":[-1,2]},"up":{"uv":[15,27],"uv_size":[-2,1]},"down":{"uv":[17,28],"uv_size":[-2,-1]}}},{"origin":[-14,43,-23],"size":[28,3,98],"uv":{"north":{"uv":[98,226],"uv_size":[28,3]},"east":{"uv":[0,226],"uv_size":[98,3]},"south":{"uv":[224,226],"uv_size":[28,3]},"west":{"uv":[126,226],"uv_size":[98,3]},"up":{"uv":[98,128],"uv_size":[28,98]},"down":{"uv":[126,226],"uv_size":[28,-98]}}},{"origin":[-5,25,75],"size":[10,21,23],"uv":{"north":{"uv":[177,177],"uv_size":[10,21]},"east":{"uv":[154,177],"uv_size":[23,21]},"south":{"uv":[210,177],"uv_size":[10,21]},"west":{"uv":[187,177],"uv_size":[23,21]},"up":{"uv":[177,154],"uv_size":[10,23]},"down":{"uv":[187,177],"uv_size":[10,-23]}}},{"origin":[-2,35,98],"size":[4,11,58],"uv":{"north":{"uv":[58,58],"uv_size":[4,11]},"east":{"uv":[0,58],"uv_size":[58,11]},"south":{"uv":[120,58],"uv_size":[4,11]},"west":{"uv":[62,58],"uv_size":[58,11]},"up":{"uv":[58,0],"uv_size":[4,58]},"down":{"uv":[62,58],"uv_size":[4,-58]}}},{"origin":[-2,30.96482,169.30097],"size":[4,30,3],"pivot":[0,30.76482,172.30097],"rotation":[-59.4,0,0],"uv":{"north":{"uv":[124,240],"uv_size":[4,30]},"east":{"uv":[121,240],"uv_size":[3,30]},"south":{"uv":[131,240],"uv_size":[4,30]},"west":{"uv":[128,240],"uv_size":[3,30]},"up":{"uv":[124,237],"uv_size":[4,3]},"down":{"uv":[128,240],"uv_size":[4,-3]}}},{"origin":[-27,48,185],"size":[25,2,11],"uv":{"north":{"uv":[11,119],"uv_size":[25,2]},"east":{"uv":[0,119],"uv_size":[11,2]},"south":{"uv":[47,119],"uv_size":[25,2]},"west":{"uv":[36,119],"uv_size":[11,2]},"up":{"uv":[11,108],"uv_size":[25,11]},"down":{"uv":[36,119],"uv_size":[25,-11]}}},{"origin":[-27,48,185],"size":[26,2,6],"inflate":0.01,"pivot":[-27,50,185],"rotation":[0,13,0],"uv":{"north":{"uv":[67,114],"uv_size":[26,2]},"east":{"uv":[61,114],"uv_size":[6,2]},"south":{"uv":[99,114],"uv_size":[26,2]},"west":{"uv":[93,114],"uv_size":[6,2]},"up":{"uv":[67,108],"uv_size":[26,6]},"down":{"uv":[93,114],"uv_size":[26,-6]}}},{"origin":[5,25,75],"size":[9,21,25],"pivot":[14,28,75],"rotation":[0,-21,0],"uv":{"north":{"uv":[25,178],"uv_size":[9,21]},"east":{"uv":[0,178],"uv_size":[25,21]},"south":{"uv":[59,178],"uv_size":[9,21]},"west":{"uv":[34,178],"uv_size":[25,21]},"up":{"uv":[25,153],"uv_size":[9,25]},"down":{"uv":[34,178],"uv_size":[9,-25]}}},{"origin":[9,13,75],"size":[5,13,28],"pivot":[14,28,75],"rotation":[0,-26,0],"uv":{"north":{"uv":[28,257],"uv_size":[5,13]},"east":{"uv":[0,257],"uv_size":[28,13]},"south":{"uv":[61,257],"uv_size":[5,13]},"west":{"uv":[33,257],"uv_size":[28,13]},"up":{"uv":[28,229],"uv_size":[5,28]},"down":{"uv":[33,257],"uv_size":[5,-28]}}},{"origin":[-14,13,75],"size":[5,13,28],"pivot":[-14,28,75],"rotation":[0,26,0],"uv":{"north":{"uv":[231,112],"uv_size":[5,13]},"east":{"uv":[203,112],"uv_size":[28,13]},"south":{"uv":[264,112],"uv_size":[5,13]},"west":{"uv":[236,112],"uv_size":[28,13]},"up":{"uv":[231,84],"uv_size":[5,28]},"down":{"uv":[236,112],"uv_size":[5,-28]}}},{"origin":[-14,25,75],"size":[9,21,25],"pivot":[-14,28,75],"rotation":[0,21,0],"uv":{"north":{"uv":[154,25],"uv_size":[9,21]},"east":{"uv":[129,25],"uv_size":[25,21]},"south":{"uv":[188,25],"uv_size":[9,21]},"west":{"uv":[163,25],"uv_size":[25,21]},"up":{"uv":[154,0],"uv_size":[9,25]},"down":{"uv":[163,25],"uv_size":[9,-25]}}},{"origin":[-5,35,98],"size":[3,11,74],"inflate":0.01,"pivot":[-5,38,98],"rotation":[0,2,0],"uv":{"north":{"uv":[348,242],"uv_size":[3,11]},"east":{"uv":[274,242],"uv_size":[74,11]},"south":{"uv":[425,242],"uv_size":[3,11]},"west":{"uv":[351,242],"uv_size":[74,11]},"up":{"uv":[348,168],"uv_size":[3,74]},"down":{"uv":[351,242],"uv_size":[3,-74]}}},{"origin":[2,35,98],"size":[3,11,74],"inflate":0.01,"pivot":[5,38,98],"rotation":[0,-2,0],"uv":{"north":{"uv":[162,335],"uv_size":[3,11]},"east":{"uv":[88,335],"uv_size":[74,11]},"south":{"uv":[239,335],"uv_size":[3,11]},"west":{"uv":[165,335],"uv_size":[74,11]},"up":{"uv":[162,261],"uv_size":[3,74]},"down":{"uv":[165,335],"uv_size":[3,-74]}}},{"origin":[5,30,98],"size":[0,1,63],"inflate":0.01,"pivot":[5,38,98],"rotation":[0,-2,0],"uv":{"north":{"uv":[75,346],"uv_size":[0,1]},"east":{"uv":[12,346],"uv_size":[63,1]},"south":{"uv":[138,346],"uv_size":[0,1]},"west":{"uv":[75,346],"uv_size":[63,1]},"up":{"uv":[75,283],"uv_size":[0,63]},"down":{"uv":[75,346],"uv_size":[0,-63]}}},{"origin":[-5,30,98],"size":[0,1,63],"inflate":0.01,"pivot":[-5,38,98],"rotation":[0,2,0],"uv":{"north":{"uv":[75,346],"uv_size":[0,1]},"east":{"uv":[138,346],"uv_size":[-63,1]},"south":{"uv":[138,346],"uv_size":[0,1]},"west":{"uv":[75,346],"uv_size":[-63,1]},"up":{"uv":[75,283],"uv_size":[0,63]},"down":{"uv":[75,346],"uv_size":[0,-63]}}},{"origin":[2,48,186],"size":[4,5,9],"uv":{"north":{"uv":[105,9],"uv_size":[4,5]},"east":{"uv":[96,9],"uv_size":[9,5]},"south":{"uv":[118,9],"uv_size":[4,5]},"west":{"uv":[109,9],"uv_size":[9,5]},"up":{"uv":[105,0],"uv_size":[4,9]},"down":{"uv":[109,9],"uv_size":[4,-9]}}},{"origin":[6,49,187],"size":[2,3,3],"uv":{"north":{"uv":[18,48],"uv_size":[2,3]},"east":{"uv":[15,48],"uv_size":[3,3]},"south":{"uv":[23,48],"uv_size":[2,3]},"west":{"uv":[20,48],"uv_size":[3,3]},"up":{"uv":[18,45],"uv_size":[2,3]},"down":{"uv":[20,48],"uv_size":[2,-3]}}},{"origin":[8,48,186],"size":[1,5,5],"uv":{"north":{"uv":[71,30],"uv_size":[1,5]},"east":{"uv":[66,30],"uv_size":[5,5]},"south":{"uv":[77,30],"uv_size":[1,5]},"west":{"uv":[72,30],"uv_size":[5,5]},"up":{"uv":[71,25],"uv_size":[1,5]},"down":{"uv":[72,30],"uv_size":[1,-5]}}},{"origin":[1,25,98],"size":[4,10,74.75],"pivot":[5,25,98],"rotation":[4.5,-2,0],"uv":{"north":{"uv":[334,334],"uv_size":[4,10]},"east":{"uv":[260,334],"uv_size":[74,10]},"south":{"uv":[412,334],"uv_size":[4,10]},"west":{"uv":[338,334],"uv_size":[74,10]},"up":{"uv":[334,260],"uv_size":[4,74]},"down":{"uv":[338,334],"uv_size":[4,-74]}}},{"origin":[-5,25,98],"size":[4,10,74.75],"pivot":[-5,25,98],"rotation":[4.5,2,0],"uv":{"north":{"uv":[331,158],"uv_size":[4,10]},"east":{"uv":[257,158],"uv_size":[74,10]},"south":{"uv":[409,158],"uv_size":[4,10]},"west":{"uv":[335,158],"uv_size":[74,10]},"up":{"uv":[331,84],"uv_size":[4,74]},"down":{"uv":[335,158],"uv_size":[4,-74]}}},{"origin":[-14,44,-26],"size":[28,2,3],"pivot":[0,46,-23],"rotation":[49,0,0],"uv":{"north":{"uv":[132,76],"uv_size":[28,2]},"east":{"uv":[129,76],"uv_size":[3,2]},"south":{"uv":[163,76],"uv_size":[28,2]},"west":{"uv":[160,76],"uv_size":[3,2]},"up":{"uv":[132,73],"uv_size":[28,3]},"down":{"uv":[160,76],"uv_size":[28,-3]}}},{"origin":[-4,45,-39],"size":[1,1,13],"pivot":[0,46,-23],"rotation":[49,0,0],"uv":{"north":{"uv":[13,98],"uv_size":[1,1]},"east":{"uv":[0,98],"uv_size":[13,1]},"south":{"uv":[27,98],"uv_size":[1,1]},"west":{"uv":[14,98],"uv_size":[13,1]},"up":{"uv":[13,85],"uv_size":[1,13]},"down":{"uv":[14,98],"uv_size":[1,-13]}}},{"origin":[-3,45.5,-39],"size":[6,0,13],"pivot":[0,46,-23],"rotation":[49,0,0],"uv":{"north":{"uv":[13,299],"uv_size":[6,0]},"east":{"uv":[0,299],"uv_size":[13,0]},"south":{"uv":[32,299],"uv_size":[6,0]},"west":{"uv":[19,299],"uv_size":[13,0]},"up":{"uv":[13,286],"uv_size":[6,13]},"down":{"uv":[19,299],"uv_size":[6,-13]}}},{"origin":[-13,45.5,-39],"size":[9,0,13],"pivot":[0,46,-23],"rotation":[49,0,0],"uv":{"north":{"uv":[13,285],"uv_size":[9,0]},"east":{"uv":[0,285],"uv_size":[13,0]},"south":{"uv":[35,285],"uv_size":[9,0]},"west":{"uv":[22,285],"uv_size":[13,0]},"up":{"uv":[13,272],"uv_size":[9,13]},"down":{"uv":[22,285],"uv_size":[9,-13]}}},{"origin":[4,45.5,-39],"size":[9,0,13],"pivot":[0,46,-23],"rotation":[49,0,0],"uv":{"north":{"uv":[13,285],"uv_size":[9,0]},"east":{"uv":[0,285],"uv_size":[13,0]},"south":{"uv":[35,285],"uv_size":[9,0]},"west":{"uv":[22,285],"uv_size":[13,0]},"up":{"uv":[13,272],"uv_size":[9,13]},"down":{"uv":[22,285],"uv_size":[9,-13]}}},{"origin":[3,45,-39],"size":[1,1,13],"pivot":[0,46,-23],"rotation":[49,0,0],"uv":{"north":{"uv":[14,98],"uv_size":[-1,1]},"east":{"uv":[27,98],"uv_size":[-13,1]},"south":{"uv":[28,98],"uv_size":[-1,1]},"west":{"uv":[13,98],"uv_size":[-13,1]},"up":{"uv":[14,85],"uv_size":[-1,13]},"down":{"uv":[15,98],"uv_size":[-1,-13]}}},{"origin":[-13,45,-45.75],"size":[26,1,6.75],"pivot":[0,46,-23],"rotation":[49,0,0],"uv":{"north":{"uv":[135,72],"uv_size":[26,1]},"east":{"uv":[129,72],"uv_size":[6,1]},"south":{"uv":[167,72],"uv_size":[26,1]},"west":{"uv":[161,72],"uv_size":[6,1]},"up":{"uv":[135,66],"uv_size":[26,6]},"down":{"uv":[161,72],"uv_size":[26,-6]}}},{"origin":[-14,44,-45.75],"size":[1,2,19.75],"pivot":[0,46,-23],"rotation":[49,0,0],"uv":{"north":{"uv":[197,103],"uv_size":[1,2]},"east":{"uv":[178,103],"uv_size":[19,2]},"south":{"uv":[217,103],"uv_size":[1,2]},"west":{"uv":[198,103],"uv_size":[19,2]},"up":{"uv":[197,84],"uv_size":[1,19]},"down":{"uv":[198,103],"uv_size":[1,-19]}}},{"origin":[13,44,-45.75],"size":[1,2,19.75],"pivot":[0,46,-23],"rotation":[49,0,0],"uv":{"north":{"uv":[198,103],"uv_size":[-1,2]},"east":{"uv":[217,103],"uv_size":[-19,2]},"south":{"uv":[218,103],"uv_size":[-1,2]},"west":{"uv":[197,103],"uv_size":[-19,2]},"up":{"uv":[198,84],"uv_size":[-1,19]},"down":{"uv":[199,103],"uv_size":[-1,-19]}}},{"origin":[13.5,43,-45.75],"size":[0,1,19.75],"pivot":[0,46,-23],"rotation":[49,0,0],"uv":{"north":{"uv":[191,297],"uv_size":[0,1]},"east":{"uv":[210,297],"uv_size":[-19,1]},"south":{"uv":[210,297],"uv_size":[0,1]},"west":{"uv":[191,297],"uv_size":[-19,1]},"up":{"uv":[191,278],"uv_size":[0,19]},"down":{"uv":[191,297],"uv_size":[0,-19]}}},{"origin":[-13.5,43,-45.75],"size":[0,1,19.75],"pivot":[0,46,-23],"rotation":[49,0,0],"uv":{"north":{"uv":[191,297],"uv_size":[0,1]},"east":{"uv":[172,297],"uv_size":[19,1]},"south":{"uv":[210,297],"uv_size":[0,1]},"west":{"uv":[191,297],"uv_size":[19,1]},"up":{"uv":[191,278],"uv_size":[0,19]},"down":{"uv":[191,297],"uv_size":[0,-19]}}},{"origin":[-2,30.86482,156.47418],"size":[4,30,13],"inflate":0.01,"pivot":[0,30.86482,172.47418],"rotation":[-65,0,0],"uv":{"north":{"uv":[95,242],"uv_size":[4,30]},"east":{"uv":[82,242],"uv_size":[13,30]},"south":{"uv":[112,242],"uv_size":[4,30]},"west":{"uv":[99,242],"uv_size":[13,30]},"up":{"uv":[95,229],"uv_size":[4,13]},"down":{"uv":[99,242],"uv_size":[4,-13]}}}]},{"name":"seats","parent":"main","pivot":[0,28,0],"cubes":[{"origin":[-11,20,11],"size":[8,3,8],"uv":{"north":{"uv":[283,8],"uv_size":[-8,3]},"east":{"uv":[291,8],"uv_size":[-8,3]},"south":{"uv":[299,8],"uv_size":[-8,3]},"west":{"uv":[275,8],"uv_size":[-8,3]},"up":{"uv":[283,0],"uv_size":[-8,8]},"down":{"uv":[291,8],"uv_size":[-8,-8]}}},{"origin":[-13,20,11],"size":[2,10,8],"uv":{"north":{"uv":[277,21],"uv_size":[-2,10]},"east":{"uv":[285,21],"uv_size":[-8,10]},"south":{"uv":[287,21],"uv_size":[-2,10]},"west":{"uv":[275,21],"uv_size":[-8,10]},"up":{"uv":[277,13],"uv_size":[-2,8]},"down":{"uv":[279,21],"uv_size":[-2,-8]}}},{"origin":[-13,20,19],"size":[2,10,8],"uv":{"north":{"uv":[277,21],"uv_size":[-2,10]},"east":{"uv":[285,21],"uv_size":[-8,10]},"south":{"uv":[287,21],"uv_size":[-2,10]},"west":{"uv":[275,21],"uv_size":[-8,10]},"up":{"uv":[277,13],"uv_size":[-2,8]},"down":{"uv":[279,21],"uv_size":[-2,-8]}}},{"origin":[-13,41,-9],"size":[2,2,80],"uv":{"north":{"uv":[350,430],"uv_size":[-2,2]},"east":{"uv":[430,430],"uv_size":[-80,2]},"south":{"uv":[432,430],"uv_size":[-2,2]},"west":{"uv":[348,430],"uv_size":[-80,2]},"up":{"uv":[350,350],"uv_size":[-2,80]},"down":{"uv":[352,430],"uv_size":[-2,-80]}}},{"origin":[-12.5,31,40],"size":[0,10,11],"uv":{"north":{"uv":[359,295],"uv_size":[0,10]},"east":{"uv":[370,295],"uv_size":[-11,10]},"south":{"uv":[370,295],"uv_size":[0,10]},"west":{"uv":[359,295],"uv_size":[-11,10]},"up":{"uv":[359,284],"uv_size":[0,11]},"down":{"uv":[359,295],"uv_size":[0,-11]}}},{"origin":[-12.5,31,52],"size":[0,10,11],"uv":{"north":{"uv":[359,295],"uv_size":[0,10]},"east":{"uv":[370,295],"uv_size":[-11,10]},"south":{"uv":[370,295],"uv_size":[0,10]},"west":{"uv":[359,295],"uv_size":[-11,10]},"up":{"uv":[359,284],"uv_size":[0,11]},"down":{"uv":[359,295],"uv_size":[0,-11]}}},{"origin":[12.5,31,50],"size":[0,10,11],"uv":{"north":{"uv":[359,295],"uv_size":[0,10]},"east":{"uv":[348,295],"uv_size":[11,10]},"south":{"uv":[370,295],"uv_size":[0,10]},"west":{"uv":[359,295],"uv_size":[11,10]},"up":{"uv":[359,284],"uv_size":[0,11]},"down":{"uv":[359,295],"uv_size":[0,-11]}}},{"origin":[-12.5,31,17],"size":[0,10,11],"uv":{"north":{"uv":[359,295],"uv_size":[0,10]},"east":{"uv":[370,295],"uv_size":[-11,10]},"south":{"uv":[370,295],"uv_size":[0,10]},"west":{"uv":[359,295],"uv_size":[-11,10]},"up":{"uv":[359,284],"uv_size":[0,11]},"down":{"uv":[359,295],"uv_size":[0,-11]}}},{"origin":[12.5,31,18],"size":[0,10,11],"uv":{"north":{"uv":[359,295],"uv_size":[0,10]},"east":{"uv":[348,295],"uv_size":[11,10]},"south":{"uv":[370,295],"uv_size":[0,10]},"west":{"uv":[359,295],"uv_size":[11,10]},"up":{"uv":[359,284],"uv_size":[0,11]},"down":{"uv":[359,295],"uv_size":[0,-11]}}},{"origin":[-12.5,31,5],"size":[0,10,11],"uv":{"north":{"uv":[359,295],"uv_size":[0,10]},"east":{"uv":[370,295],"uv_size":[-11,10]},"south":{"uv":[370,295],"uv_size":[0,10]},"west":{"uv":[359,295],"uv_size":[-11,10]},"up":{"uv":[359,284],"uv_size":[0,11]},"down":{"uv":[359,295],"uv_size":[0,-11]}}},{"origin":[-12.5,31,-7],"size":[0,10,11],"uv":{"north":{"uv":[359,295],"uv_size":[0,10]},"east":{"uv":[370,295],"uv_size":[-11,10]},"south":{"uv":[370,295],"uv_size":[0,10]},"west":{"uv":[359,295],"uv_size":[-11,10]},"up":{"uv":[359,284],"uv_size":[0,11]},"down":{"uv":[359,295],"uv_size":[0,-11]}}},{"origin":[11,41,-9],"size":[2,2,80],"uv":{"north":{"uv":[348,430],"uv_size":[2,2]},"east":{"uv":[268,430],"uv_size":[80,2]},"south":{"uv":[430,430],"uv_size":[2,2]},"west":{"uv":[350,430],"uv_size":[80,2]},"up":{"uv":[348,350],"uv_size":[2,80]},"down":{"uv":[350,430],"uv_size":[2,-80]}}},{"origin":[-11,20,19],"size":[8,3,8],"uv":{"north":{"uv":[283,8],"uv_size":[-8,3]},"east":{"uv":[291,8],"uv_size":[-8,3]},"south":{"uv":[299,8],"uv_size":[-8,3]},"west":{"uv":[275,8],"uv_size":[-8,3]},"up":{"uv":[283,0],"uv_size":[-8,8]},"down":{"uv":[291,8],"uv_size":[-8,-8]}}},{"origin":[-11,20,3],"size":[8,3,8],"uv":{"north":{"uv":[283,8],"uv_size":[-8,3]},"east":{"uv":[291,8],"uv_size":[-8,3]},"south":{"uv":[299,8],"uv_size":[-8,3]},"west":{"uv":[275,8],"uv_size":[-8,3]},"up":{"uv":[283,0],"uv_size":[-8,8]},"down":{"uv":[291,8],"uv_size":[-8,-8]}}},{"origin":[-13,20,3],"size":[2,10,8],"uv":{"north":{"uv":[277,21],"uv_size":[-2,10]},"east":{"uv":[285,21],"uv_size":[-8,10]},"south":{"uv":[287,21],"uv_size":[-2,10]},"west":{"uv":[275,21],"uv_size":[-8,10]},"up":{"uv":[277,13],"uv_size":[-2,8]},"down":{"uv":[279,21],"uv_size":[-2,-8]}}},{"origin":[-13,20,-5],"size":[2,10,8],"uv":{"north":{"uv":[277,21],"uv_size":[-2,10]},"east":{"uv":[285,21],"uv_size":[-8,10]},"south":{"uv":[287,21],"uv_size":[-2,10]},"west":{"uv":[275,21],"uv_size":[-8,10]},"up":{"uv":[277,13],"uv_size":[-2,8]},"down":{"uv":[279,21],"uv_size":[-2,-8]}}},{"origin":[-11,20,-5],"size":[8,3,8],"uv":{"north":{"uv":[283,8],"uv_size":[-8,3]},"east":{"uv":[291,8],"uv_size":[-8,3]},"south":{"uv":[299,8],"uv_size":[-8,3]},"west":{"uv":[275,8],"uv_size":[-8,3]},"up":{"uv":[283,0],"uv_size":[-8,8]},"down":{"uv":[291,8],"uv_size":[-8,-8]}}},{"origin":[-11,20,42],"size":[8,3,8],"uv":{"north":{"uv":[283,8],"uv_size":[-8,3]},"east":{"uv":[291,8],"uv_size":[-8,3]},"south":{"uv":[299,8],"uv_size":[-8,3]},"west":{"uv":[275,8],"uv_size":[-8,3]},"up":{"uv":[283,0],"uv_size":[-8,8]},"down":{"uv":[291,8],"uv_size":[-8,-8]}}},{"origin":[5,20,42],"size":[8,3,8],"uv":{"north":{"uv":[380,8],"uv_size":[-8,3]},"east":{"uv":[388,8],"uv_size":[-8,3]},"south":{"uv":[396,8],"uv_size":[-8,3]},"west":{"uv":[372,8],"uv_size":[-8,3]},"up":{"uv":[380,0],"uv_size":[-8,8]},"down":{"uv":[388,8],"uv_size":[-8,-8]}}},{"origin":[5,20,61],"size":[8,3,8],"uv":{"north":{"uv":[380,8],"uv_size":[-8,3]},"east":{"uv":[388,8],"uv_size":[-8,3]},"south":{"uv":[396,8],"uv_size":[-8,3]},"west":{"uv":[372,8],"uv_size":[-8,3]},"up":{"uv":[380,0],"uv_size":[-8,8]},"down":{"uv":[388,8],"uv_size":[-8,-8]}}},{"origin":[5,20,23],"size":[8,3,8],"uv":{"north":{"uv":[380,8],"uv_size":[-8,3]},"east":{"uv":[388,8],"uv_size":[-8,3]},"south":{"uv":[396,8],"uv_size":[-8,3]},"west":{"uv":[372,8],"uv_size":[-8,3]},"up":{"uv":[380,0],"uv_size":[-8,8]},"down":{"uv":[388,8],"uv_size":[-8,-8]}}},{"origin":[7,17,43],"size":[6,3,8],"uv":{"north":{"uv":[381,134],"uv_size":[-6,3]},"east":{"uv":[389,134],"uv_size":[-8,3]},"south":{"uv":[395,134],"uv_size":[-6,3]},"west":{"uv":[375,134],"uv_size":[-8,3]},"up":{"uv":[381,126],"uv_size":[-6,8]},"down":{"uv":[387,134],"uv_size":[-6,-8]}}},{"origin":[7,17,62],"size":[6,3,8],"uv":{"north":{"uv":[381,134],"uv_size":[-6,3]},"east":{"uv":[389,134],"uv_size":[-8,3]},"south":{"uv":[395,134],"uv_size":[-6,3]},"west":{"uv":[375,134],"uv_size":[-8,3]},"up":{"uv":[381,126],"uv_size":[-6,8]},"down":{"uv":[387,134],"uv_size":[-6,-8]}}},{"origin":[7,17,22],"size":[6,3,8],"uv":{"north":{"uv":[381,134],"uv_size":[-6,3]},"east":{"uv":[389,134],"uv_size":[-8,3]},"south":{"uv":[395,134],"uv_size":[-6,3]},"west":{"uv":[375,134],"uv_size":[-8,3]},"up":{"uv":[381,126],"uv_size":[-6,8]},"down":{"uv":[387,134],"uv_size":[-6,-8]}}},{"origin":[10,17,10],"size":[3,11,8],"uv":{"north":{"uv":[414,133],"uv_size":[-3,11]},"east":{"uv":[422,133],"uv_size":[-8,11]},"south":{"uv":[425,133],"uv_size":[-3,11]},"west":{"uv":[411,133],"uv_size":[-8,11]},"up":{"uv":[414,125],"uv_size":[-3,8]},"down":{"uv":[417,133],"uv_size":[-3,-8]}}},{"origin":[-13,17,31],"size":[3,11,8],"uv":{"north":{"uv":[411,133],"uv_size":[3,11]},"east":{"uv":[403,133],"uv_size":[8,11]},"south":{"uv":[422,133],"uv_size":[3,11]},"west":{"uv":[414,133],"uv_size":[8,11]},"up":{"uv":[411,125],"uv_size":[3,8]},"down":{"uv":[414,133],"uv_size":[3,-8]}}},{"origin":[5,20,50],"size":[8,10,2],"uv":{"north":{"uv":[277,34],"uv_size":[-8,10]},"east":{"uv":[279,34],"uv_size":[-2,10]},"south":{"uv":[287,34],"uv_size":[-8,10]},"west":{"uv":[269,34],"uv_size":[-2,10]},"up":{"uv":[277,32],"uv_size":[-8,2]},"down":{"uv":[285,34],"uv_size":[-8,-2]}}},{"origin":[5,20,69],"size":[8,10,2],"uv":{"north":{"uv":[277,34],"uv_size":[-8,10]},"east":{"uv":[279,34],"uv_size":[-2,10]},"south":{"uv":[287,34],"uv_size":[-8,10]},"west":{"uv":[269,34],"uv_size":[-2,10]},"up":{"uv":[277,32],"uv_size":[-8,2]},"down":{"uv":[285,34],"uv_size":[-8,-2]}}},{"origin":[5,20,21],"size":[8,10,2],"uv":{"north":{"uv":[277,34],"uv_size":[-8,10]},"east":{"uv":[279,34],"uv_size":[-2,10]},"south":{"uv":[287,34],"uv_size":[-8,10]},"west":{"uv":[269,34],"uv_size":[-2,10]},"up":{"uv":[277,32],"uv_size":[-8,2]},"down":{"uv":[285,34],"uv_size":[-8,-2]}}},{"origin":[-13,20,42],"size":[2,10,8],"uv":{"north":{"uv":[277,21],"uv_size":[-2,10]},"east":{"uv":[285,21],"uv_size":[-8,10]},"south":{"uv":[287,21],"uv_size":[-2,10]},"west":{"uv":[275,21],"uv_size":[-8,10]},"up":{"uv":[277,13],"uv_size":[-2,8]},"down":{"uv":[279,21],"uv_size":[-2,-8]}}},{"origin":[-13,20,50],"size":[2,10,8],"uv":{"north":{"uv":[277,21],"uv_size":[-2,10]},"east":{"uv":[285,21],"uv_size":[-8,10]},"south":{"uv":[287,21],"uv_size":[-2,10]},"west":{"uv":[275,21],"uv_size":[-8,10]},"up":{"uv":[277,13],"uv_size":[-2,8]},"down":{"uv":[279,21],"uv_size":[-2,-8]}}},{"origin":[-11,20,50],"size":[8,3,8],"uv":{"north":{"uv":[283,8],"uv_size":[-8,3]},"east":{"uv":[291,8],"uv_size":[-8,3]},"south":{"uv":[299,8],"uv_size":[-8,3]},"west":{"uv":[275,8],"uv_size":[-8,3]},"up":{"uv":[283,0],"uv_size":[-8,8]},"down":{"uv":[291,8],"uv_size":[-8,-8]}}},{"origin":[-13,20,58],"size":[2,10,8],"uv":{"north":{"uv":[277,21],"uv_size":[-2,10]},"east":{"uv":[285,21],"uv_size":[-8,10]},"south":{"uv":[287,21],"uv_size":[-2,10]},"west":{"uv":[275,21],"uv_size":[-8,10]},"up":{"uv":[277,13],"uv_size":[-2,8]},"down":{"uv":[279,21],"uv_size":[-2,-8]}}},{"origin":[-11,20,58],"size":[8,3,8],"uv":{"north":{"uv":[283,8],"uv_size":[-8,3]},"east":{"uv":[291,8],"uv_size":[-8,3]},"south":{"uv":[299,8],"uv_size":[-8,3]},"west":{"uv":[275,8],"uv_size":[-8,3]},"up":{"uv":[283,0],"uv_size":[-8,8]},"down":{"uv":[291,8],"uv_size":[-8,-8]}}},{"origin":[-13,17,44],"size":[8,3,20],"uv":{"north":{"uv":[388,88],"uv_size":[-8,3]},"east":{"uv":[408,88],"uv_size":[-20,3]},"south":{"uv":[416,88],"uv_size":[-8,3]},"west":{"uv":[380,88],"uv_size":[-20,3]},"up":{"uv":[388,68],"uv_size":[-8,20]},"down":{"uv":[396,88],"uv_size":[-8,-20]}}},{"origin":[-13,17,-3],"size":[8,3,28],"uv":{"north":{"uv":[385,119],"uv_size":[-8,3]},"east":{"uv":[413,119],"uv_size":[-28,3]},"south":{"uv":[421,119],"uv_size":[-8,3]},"west":{"uv":[377,119],"uv_size":[-28,3]},"up":{"uv":[385,91],"uv_size":[-8,28]},"down":{"uv":[393,119],"uv_size":[-8,-28]}}}]},{"name":"rightWing","parent":"main","pivot":[-32,21,18],"cubes":[{"origin":[-38,16,7],"size":[12,12,25],"pivot":[-32,21,18],"rotation":[-10,0,0],"uv":{"north":{"uv":[154,109],"uv_size":[12,12]},"east":{"uv":[129,109],"uv_size":[25,12]},"south":{"uv":[191,109],"uv_size":[12,12]},"west":{"uv":[166,109],"uv_size":[25,12]},"up":{"uv":[154,84],"uv_size":[12,25]},"down":{"uv":[166,109],"uv_size":[12,-25]}}},{"origin":[-34,41,13],"size":[20,2,3],"pivot":[-14,43,15],"rotation":[0,0,-47],"uv":{"north":{"uv":[75,119],"uv_size":[20,2]},"east":{"uv":[72,119],"uv_size":[3,2]},"south":{"uv":[98,119],"uv_size":[20,2]},"west":{"uv":[95,119],"uv_size":[3,2]},"up":{"uv":[75,116],"uv_size":[20,3]},"down":{"uv":[95,119],"uv_size":[20,-3]}}},{"origin":[-26,21,13],"size":[13,4,4],"inflate":0.01,"pivot":[-26,25,13],"rotation":[0,15,0],"uv":{"north":{"uv":[47,172],"uv_size":[13,4]},"east":{"uv":[43,172],"uv_size":[4,4]},"south":{"uv":[64,172],"uv_size":[13,4]},"west":{"uv":[60,172],"uv_size":[4,4]},"up":{"uv":[47,168],"uv_size":[13,4]},"down":{"uv":[60,172],"uv_size":[13,-4]}}},{"origin":[-26,21,13],"size":[12,4,13],"uv":{"north":{"uv":[79,38],"uv_size":[12,4]},"east":{"uv":[66,38],"uv_size":[13,4]},"south":{"uv":[104,38],"uv_size":[12,4]},"west":{"uv":[91,38],"uv_size":[13,4]},"up":{"uv":[79,25],"uv_size":[12,13]},"down":{"uv":[91,38],"uv_size":[12,-13]}}},{"origin":[-36,0,8],"size":[3,8,8],"uv":{"north":{"uv":[137,8],"uv_size":[3,8]},"east":{"uv":[129,8],"uv_size":[8,8]},"south":{"uv":[148,8],"uv_size":[3,8]},"west":{"uv":[140,8],"uv_size":[8,8]},"up":{"uv":[137,0],"uv_size":[3,8]},"down":{"uv":[140,8],"uv_size":[3,-8]}}},{"origin":[-31,0,8],"size":[3,8,8],"uv":{"north":{"uv":[74,8],"uv_size":[3,8]},"east":{"uv":[66,8],"uv_size":[8,8]},"south":{"uv":[85,8],"uv_size":[3,8]},"west":{"uv":[77,8],"uv_size":[8,8]},"up":{"uv":[74,0],"uv_size":[3,8]},"down":{"uv":[77,8],"uv_size":[3,-8]}}},{"origin":[-32.5,8,12],"size":[1,16,1],"pivot":[-34,8,12],"rotation":[-50,0,0],"uv":{"north":{"uv":[19,28],"uv_size":[1,16]},"east":{"uv":[18,28],"uv_size":[1,16]},"south":{"uv":[21,28],"uv_size":[1,16]},"west":{"uv":[20,28],"uv_size":[1,16]},"up":{"uv":[19,27],"uv_size":[1,1]},"down":{"uv":[20,28],"uv_size":[1,-1]}}},{"origin":[-33,5,11],"size":[2,13,2],"uv":{"north":{"uv":[114,83],"uv_size":[2,13]},"east":{"uv":[112,83],"uv_size":[2,13]},"south":{"uv":[118,83],"uv_size":[2,13]},"west":{"uv":[116,83],"uv_size":[2,13]},"up":{"uv":[114,81],"uv_size":[2,2]},"down":{"uv":[116,83],"uv_size":[2,-2]}}},{"origin":[-33,2,10],"size":[2,4,4],"uv":{"north":{"uv":[4,89],"uv_size":[2,4]},"east":{"uv":[0,89],"uv_size":[4,4]},"south":{"uv":[10,89],"uv_size":[2,4]},"west":{"uv":[6,89],"uv_size":[4,4]},"up":{"uv":[4,85],"uv_size":[2,4]},"down":{"uv":[6,89],"uv_size":[2,-4]}}},{"origin":[-36,18,32],"size":[8,8,7],"pivot":[-32,21,18],"rotation":[-10,0,0],"uv":{"north":{"uv":[34,34],"uv_size":[8,8]},"east":{"uv":[27,34],"uv_size":[7,8]},"south":{"uv":[49,34],"uv_size":[8,8]},"west":{"uv":[42,34],"uv_size":[7,8]},"up":{"uv":[34,27],"uv_size":[8,7]},"down":{"uv":[42,34],"uv_size":[8,-7]}}}]},{"name":"leftWing","parent":"main","pivot":[32,21,21],"cubes":[{"origin":[26,15.47906,7.04558],"size":[12,12,25],"pivot":[32,21,21],"rotation":[-10,0,0],"uv":{"north":{"uv":[154,109],"uv_size":[12,12]},"east":{"uv":[129,109],"uv_size":[25,12]},"south":{"uv":[191,109],"uv_size":[12,12]},"west":{"uv":[166,109],"uv_size":[25,12]},"up":{"uv":[154,84],"uv_size":[12,25]},"down":{"uv":[166,109],"uv_size":[12,-25]}}},{"origin":[14,41,13],"size":[20,2,3],"pivot":[14,43,18],"rotation":[0,0,47],"uv":{"north":{"uv":[95,119],"uv_size":[-20,2]},"east":{"uv":[98,119],"uv_size":[-3,2]},"south":{"uv":[118,119],"uv_size":[-20,2]},"west":{"uv":[75,119],"uv_size":[-3,2]},"up":{"uv":[95,116],"uv_size":[-20,3]},"down":{"uv":[115,119],"uv_size":[-20,-3]}}},{"origin":[12.22354,21,13.10222],"size":[13,4,4],"inflate":0.01,"pivot":[26,25,16],"rotation":[0,-15,0],"uv":{"north":{"uv":[60,172],"uv_size":[-13,4]},"east":{"uv":[64,172],"uv_size":[-4,4]},"south":{"uv":[77,172],"uv_size":[-13,4]},"west":{"uv":[47,172],"uv_size":[-4,4]},"up":{"uv":[60,168],"uv_size":[-13,4]},"down":{"uv":[73,172],"uv_size":[-13,-4]}}},{"origin":[14,21,13],"size":[12,4,13],"uv":{"north":{"uv":[91,38],"uv_size":[-12,4]},"east":{"uv":[104,38],"uv_size":[-13,4]},"south":{"uv":[116,38],"uv_size":[-12,4]},"west":{"uv":[79,38],"uv_size":[-13,4]},"up":{"uv":[91,25],"uv_size":[-12,13]},"down":{"uv":[103,38],"uv_size":[-12,-13]}}},{"origin":[33,0,8],"size":[3,8,8],"uv":{"north":{"uv":[140,8],"uv_size":[-3,8]},"east":{"uv":[148,8],"uv_size":[-8,8]},"south":{"uv":[151,8],"uv_size":[-3,8]},"west":{"uv":[137,8],"uv_size":[-8,8]},"up":{"uv":[140,0],"uv_size":[-3,8]},"down":{"uv":[143,8],"uv_size":[-3,-8]}}},{"origin":[28,0,8],"size":[3,8,8],"uv":{"north":{"uv":[77,8],"uv_size":[-3,8]},"east":{"uv":[85,8],"uv_size":[-8,8]},"south":{"uv":[88,8],"uv_size":[-3,8]},"west":{"uv":[74,8],"uv_size":[-8,8]},"up":{"uv":[77,0],"uv_size":[-3,8]},"down":{"uv":[80,8],"uv_size":[-3,-8]}}},{"origin":[31.5,5.70187,13.07164],"size":[1,16,1],"pivot":[34,8,15],"rotation":[-50,0,0],"uv":{"north":{"uv":[20,28],"uv_size":[-1,16]},"east":{"uv":[21,28],"uv_size":[-1,16]},"south":{"uv":[22,28],"uv_size":[-1,16]},"west":{"uv":[19,28],"uv_size":[-1,16]},"up":{"uv":[20,27],"uv_size":[-1,1]},"down":{"uv":[21,28],"uv_size":[-1,-1]}}},{"origin":[31,5,11],"size":[2,13,2],"uv":{"north":{"uv":[116,83],"uv_size":[-2,13]},"east":{"uv":[118,83],"uv_size":[-2,13]},"south":{"uv":[120,83],"uv_size":[-2,13]},"west":{"uv":[114,83],"uv_size":[-2,13]},"up":{"uv":[116,81],"uv_size":[-2,2]},"down":{"uv":[118,83],"uv_size":[-2,-2]}}},{"origin":[31,2,10],"size":[2,4,4],"uv":{"north":{"uv":[6,89],"uv_size":[-2,4]},"east":{"uv":[10,89],"uv_size":[-4,4]},"south":{"uv":[12,89],"uv_size":[-2,4]},"west":{"uv":[4,89],"uv_size":[-4,4]},"up":{"uv":[6,85],"uv_size":[-2,4]},"down":{"uv":[8,89],"uv_size":[-2,-4]}}},{"origin":[28,17.47906,32.04558],"size":[8,8,7],"pivot":[32,21,21],"rotation":[-10,0,0],"uv":{"north":{"uv":[42,34],"uv_size":[-8,8]},"east":{"uv":[49,34],"uv_size":[-7,8]},"south":{"uv":[57,34],"uv_size":[-8,8]},"west":{"uv":[34,34],"uv_size":[-7,8]},"up":{"uv":[42,27],"uv_size":[-8,7]},"down":{"uv":[50,34],"uv_size":[-8,-7]}}}]},{"name":"backPropeller","parent":"main","pivot":[9,50.5,188.5],"cubes":[{"origin":[6,49,162],"size":[1,3,25],"uv":{"north":{"uv":[25,52],"uv_size":[1,3]},"east":{"uv":[0,52],"uv_size":[25,3]},"south":{"uv":[51,52],"uv_size":[1,3]},"west":{"uv":[26,52],"uv_size":[25,3]},"up":{"uv":[25,27],"uv_size":[1,25]},"down":{"uv":[26,52],"uv_size":[1,-25]}}},{"origin":[6,49,162],"size":[1,3,25],"pivot":[6.5,50.5,188.5],"rotation":[-72,0,0],"uv":{"north":{"uv":[25,52],"uv_size":[1,3]},"east":{"uv":[0,52],"uv_size":[25,3]},"south":{"uv":[51,52],"uv_size":[1,3]},"west":{"uv":[26,52],"uv_size":[25,3]},"up":{"uv":[25,27],"uv_size":[1,25]},"down":{"uv":[26,52],"uv_size":[1,-25]}}},{"origin":[6,49,162],"size":[1,3,25],"pivot":[6.5,50.5,188.5],"rotation":[72,0,0],"uv":{"north":{"uv":[25,52],"uv_size":[1,3]},"east":{"uv":[0,52],"uv_size":[25,3]},"south":{"uv":[51,52],"uv_size":[1,3]},"west":{"uv":[26,52],"uv_size":[25,3]},"up":{"uv":[25,27],"uv_size":[1,25]},"down":{"uv":[26,52],"uv_size":[1,-25]}}},{"origin":[6,49,162],"size":[1,3,25],"pivot":[6.5,50.5,188.5],"rotation":[-144,0,0],"uv":{"north":{"uv":[25,52],"uv_size":[1,3]},"east":{"uv":[0,52],"uv_size":[25,3]},"south":{"uv":[51,52],"uv_size":[1,3]},"west":{"uv":[26,52],"uv_size":[25,3]},"up":{"uv":[25,27],"uv_size":[1,25]},"down":{"uv":[26,52],"uv_size":[1,-25]}}},{"origin":[6,49,162],"size":[1,3,25],"pivot":[6.5,50.5,188.5],"rotation":[144,0,0],"uv":{"north":{"uv":[25,52],"uv_size":[1,3]},"east":{"uv":[0,52],"uv_size":[25,3]},"south":{"uv":[51,52],"uv_size":[1,3]},"west":{"uv":[26,52],"uv_size":[25,3]},"up":{"uv":[25,27],"uv_size":[1,25]},"down":{"uv":[26,52],"uv_size":[1,-25]}}}]},{"name":"mainPropeller","parent":"main","pivot":[0,70,26]},{"name":"propeller0","parent":"mainPropeller","pivot":[0,70,26],"cubes":[{"origin":[-2,64,61],"size":[6,1,91],"uv":{"north":{"uv":[245,219],"uv_size":[6,1]},"east":{"uv":[154,219],"uv_size":[91,1]},"south":{"uv":[342,219],"uv_size":[6,1]},"west":{"uv":[251,219],"uv_size":[91,1]},"up":{"uv":[245,128],"uv_size":[6,91]},"down":{"uv":[251,219],"uv_size":[6,-91]}}},{"origin":[-2,64,37],"size":[3,1,24],"uv":{"north":{"uv":[90,24],"uv_size":[3,1]},"east":{"uv":[66,24],"uv_size":[24,1]},"south":{"uv":[117,24],"uv_size":[3,1]},"west":{"uv":[93,24],"uv_size":[24,1]},"up":{"uv":[90,0],"uv_size":[3,24]},"down":{"uv":[93,24],"uv_size":[3,-24]}}},{"origin":[-3,63,32],"size":[6,3,5],"uv":{"north":{"uv":[32,47],"uv_size":[6,3]},"east":{"uv":[27,47],"uv_size":[5,3]},"south":{"uv":[43,47],"uv_size":[6,3]},"west":{"uv":[38,47],"uv_size":[5,3]},"up":{"uv":[32,42],"uv_size":[6,5]},"down":{"uv":[38,47],"uv_size":[6,-5]}}}]},{"name":"propeller1","parent":"mainPropeller","pivot":[0,70,26],"rotation":[0,-72,0],"cubes":[{"origin":[-2,64,61],"size":[6,1,91],"uv":{"north":{"uv":[245,219],"uv_size":[6,1]},"east":{"uv":[154,219],"uv_size":[91,1]},"south":{"uv":[342,219],"uv_size":[6,1]},"west":{"uv":[251,219],"uv_size":[91,1]},"up":{"uv":[245,128],"uv_size":[6,91]},"down":{"uv":[251,219],"uv_size":[6,-91]}}},{"origin":[-2,64,37],"size":[3,1,24],"uv":{"north":{"uv":[90,24],"uv_size":[3,1]},"east":{"uv":[66,24],"uv_size":[24,1]},"south":{"uv":[117,24],"uv_size":[3,1]},"west":{"uv":[93,24],"uv_size":[24,1]},"up":{"uv":[90,0],"uv_size":[3,24]},"down":{"uv":[93,24],"uv_size":[3,-24]}}},{"origin":[-3,63,32],"size":[6,3,5],"uv":{"north":{"uv":[32,47],"uv_size":[6,3]},"east":{"uv":[27,47],"uv_size":[5,3]},"south":{"uv":[43,47],"uv_size":[6,3]},"west":{"uv":[38,47],"uv_size":[5,3]},"up":{"uv":[32,42],"uv_size":[6,5]},"down":{"uv":[38,47],"uv_size":[6,-5]}}}]},{"name":"propeller2","parent":"mainPropeller","pivot":[0,70,26],"rotation":[0,72,0],"cubes":[{"origin":[-2,64,61],"size":[6,1,91],"uv":{"north":{"uv":[245,219],"uv_size":[6,1]},"east":{"uv":[154,219],"uv_size":[91,1]},"south":{"uv":[342,219],"uv_size":[6,1]},"west":{"uv":[251,219],"uv_size":[91,1]},"up":{"uv":[245,128],"uv_size":[6,91]},"down":{"uv":[251,219],"uv_size":[6,-91]}}},{"origin":[-2,64,37],"size":[3,1,24],"uv":{"north":{"uv":[90,24],"uv_size":[3,1]},"east":{"uv":[66,24],"uv_size":[24,1]},"south":{"uv":[117,24],"uv_size":[3,1]},"west":{"uv":[93,24],"uv_size":[24,1]},"up":{"uv":[90,0],"uv_size":[3,24]},"down":{"uv":[93,24],"uv_size":[3,-24]}}},{"origin":[-3,63,32],"size":[6,3,5],"uv":{"north":{"uv":[32,47],"uv_size":[6,3]},"east":{"uv":[27,47],"uv_size":[5,3]},"south":{"uv":[43,47],"uv_size":[6,3]},"west":{"uv":[38,47],"uv_size":[5,3]},"up":{"uv":[32,42],"uv_size":[6,5]},"down":{"uv":[38,47],"uv_size":[6,-5]}}}]},{"name":"propeller3","parent":"mainPropeller","pivot":[0,70,26],"rotation":[0,-144,0],"cubes":[{"origin":[-2,64,61],"size":[6,1,91],"uv":{"north":{"uv":[245,219],"uv_size":[6,1]},"east":{"uv":[154,219],"uv_size":[91,1]},"south":{"uv":[342,219],"uv_size":[6,1]},"west":{"uv":[251,219],"uv_size":[91,1]},"up":{"uv":[245,128],"uv_size":[6,91]},"down":{"uv":[251,219],"uv_size":[6,-91]}}},{"origin":[-2,64,37],"size":[3,1,24],"uv":{"north":{"uv":[90,24],"uv_size":[3,1]},"east":{"uv":[66,24],"uv_size":[24,1]},"south":{"uv":[117,24],"uv_size":[3,1]},"west":{"uv":[93,24],"uv_size":[24,1]},"up":{"uv":[90,0],"uv_size":[3,24]},"down":{"uv":[93,24],"uv_size":[3,-24]}}},{"origin":[-3,63,32],"size":[6,3,5],"uv":{"north":{"uv":[32,47],"uv_size":[6,3]},"east":{"uv":[27,47],"uv_size":[5,3]},"south":{"uv":[43,47],"uv_size":[6,3]},"west":{"uv":[38,47],"uv_size":[5,3]},"up":{"uv":[32,42],"uv_size":[6,5]},"down":{"uv":[38,47],"uv_size":[6,-5]}}}]},{"name":"propeller4","parent":"mainPropeller","pivot":[0,70,26],"rotation":[0,144,0],"cubes":[{"origin":[-2,64,61],"size":[6,1,91],"uv":{"north":{"uv":[245,219],"uv_size":[6,1]},"east":{"uv":[154,219],"uv_size":[91,1]},"south":{"uv":[342,219],"uv_size":[6,1]},"west":{"uv":[251,219],"uv_size":[91,1]},"up":{"uv":[245,128],"uv_size":[6,91]},"down":{"uv":[251,219],"uv_size":[6,-91]}}},{"origin":[-2,64,37],"size":[3,1,24],"uv":{"north":{"uv":[90,24],"uv_size":[3,1]},"east":{"uv":[66,24],"uv_size":[24,1]},"south":{"uv":[117,24],"uv_size":[3,1]},"west":{"uv":[93,24],"uv_size":[24,1]},"up":{"uv":[90,0],"uv_size":[3,24]},"down":{"uv":[93,24],"uv_size":[3,-24]}}},{"origin":[-3,63,32],"size":[6,3,5],"uv":{"north":{"uv":[32,47],"uv_size":[6,3]},"east":{"uv":[27,47],"uv_size":[5,3]},"south":{"uv":[43,47],"uv_size":[6,3]},"west":{"uv":[38,47],"uv_size":[5,3]},"up":{"uv":[32,42],"uv_size":[6,5]},"down":{"uv":[38,47],"uv_size":[6,-5]}}}]}]}]}
