{"format_version":[1,1,0],"chemistry_table":{"textures":{"up":"chemistry_table_top","down":"chemistry_table_bottom","north":"chemistry_table_north","south":"chemistry_table_south","west":"chemistry_table_west","east":"chemistry_table_east"},"sound":"stone"},"element_0":{"textures":"element_label_0"},"element_1":{"textures":"element_label_1"},"element_2":{"textures":"element_label_2"},"element_3":{"textures":"element_label_3"},"element_4":{"textures":"element_label_4"},"element_5":{"textures":"element_label_5"},"element_6":{"textures":"element_label_6"},"element_7":{"textures":"element_label_7"},"element_8":{"textures":"element_label_8"},"element_9":{"textures":"element_label_9"},"element_10":{"textures":"element_label_10"},"element_11":{"textures":"element_label_11"},"element_12":{"textures":"element_label_12"},"element_13":{"textures":"element_label_13"},"element_14":{"textures":"element_label_14"},"element_15":{"textures":"element_label_15"},"element_16":{"textures":"element_label_16"},"element_17":{"textures":"element_label_17"},"element_18":{"textures":"element_label_18"},"element_19":{"textures":"element_label_19"},"element_20":{"textures":"element_label_20"},"element_21":{"textures":"element_label_21"},"element_22":{"textures":"element_label_22"},"element_23":{"textures":"element_label_23"},"element_24":{"textures":"element_label_24"},"element_25":{"textures":"element_label_25"},"element_26":{"textures":"element_label_26"},"element_27":{"textures":"element_label_27"},"element_28":{"textures":"element_label_28"},"element_29":{"textures":"element_label_29"},"element_30":{"textures":"element_label_30"},"element_31":{"textures":"element_label_31"},"element_32":{"textures":"element_label_32"},"element_33":{"textures":"element_label_33"},"element_34":{"textures":"element_label_34"},"element_35":{"textures":"element_label_35"},"element_36":{"textures":"element_label_36"},"element_37":{"textures":"element_label_37"},"element_38":{"textures":"element_label_38"},"element_39":{"textures":"element_label_39"},"element_40":{"textures":"element_label_40"},"element_41":{"textures":"element_label_41"},"element_42":{"textures":"element_label_42"},"element_43":{"textures":"element_label_43"},"element_44":{"textures":"element_label_44"},"element_45":{"textures":"element_label_45"},"element_46":{"textures":"element_label_46"},"element_47":{"textures":"element_label_47"},"element_48":{"textures":"element_label_48"},"element_49":{"textures":"element_label_49"},"element_50":{"textures":"element_label_50"},"element_51":{"textures":"element_label_51"},"element_52":{"textures":"element_label_52"},"element_53":{"textures":"element_label_53"},"element_54":{"textures":"element_label_54"},"element_55":{"textures":"element_label_55"},"element_56":{"textures":"element_label_56"},"element_57":{"textures":"element_label_57"},"element_58":{"textures":"element_label_58"},"element_59":{"textures":"element_label_59"},"element_60":{"textures":"element_label_60"},"element_61":{"textures":"element_label_61"},"element_62":{"textures":"element_label_62"},"element_63":{"textures":"element_label_63"},"element_64":{"textures":"element_label_64"},"element_65":{"textures":"element_label_65"},"element_66":{"textures":"element_label_66"},"element_67":{"textures":"element_label_67"},"element_68":{"textures":"element_label_68"},"element_69":{"textures":"element_label_69"},"element_70":{"textures":"element_label_70"},"element_71":{"textures":"element_label_71"},"element_72":{"textures":"element_label_72"},"element_73":{"textures":"element_label_73"},"element_74":{"textures":"element_label_74"},"element_75":{"textures":"element_label_75"},"element_76":{"textures":"element_label_76"},"element_77":{"textures":"element_label_77"},"element_78":{"textures":"element_label_78"},"element_79":{"textures":"element_label_79"},"element_80":{"textures":"element_label_80"},"element_81":{"textures":"element_label_81"},"element_82":{"textures":"element_label_82"},"element_83":{"textures":"element_label_83"},"element_84":{"textures":"element_label_84"},"element_85":{"textures":"element_label_85"},"element_86":{"textures":"element_label_86"},"element_87":{"textures":"element_label_87"},"element_88":{"textures":"element_label_88"},"element_89":{"textures":"element_label_89"},"element_90":{"textures":"element_label_90"},"element_91":{"textures":"element_label_91"},"element_92":{"textures":"element_label_92"},"element_93":{"textures":"element_label_93"},"element_94":{"textures":"element_label_94"},"element_95":{"textures":"element_label_95"},"element_96":{"textures":"element_label_96"},"element_97":{"textures":"element_label_97"},"element_98":{"textures":"element_label_98"},"element_99":{"textures":"element_label_99"},"element_100":{"textures":"element_label_100"},"element_101":{"textures":"element_label_101"},"element_102":{"textures":"element_label_102"},"element_103":{"textures":"element_label_103"},"element_104":{"textures":"element_label_104"},"element_105":{"textures":"element_label_105"},"element_106":{"textures":"element_label_106"},"element_107":{"textures":"element_label_107"},"element_108":{"textures":"element_label_108"},"element_109":{"textures":"element_label_109"},"element_110":{"textures":"element_label_110"},"element_111":{"textures":"element_label_111"},"element_112":{"textures":"element_label_112"},"element_113":{"textures":"element_label_113"},"element_114":{"textures":"element_label_114"},"element_115":{"textures":"element_label_115"},"element_116":{"textures":"element_label_116"},"element_117":{"textures":"element_label_117"},"element_118":{"textures":"element_label_118"},"underwater_torch":{"textures":"underwater_torch","sound":"wood"},"hard_glass":{"textures":"hard_glass","sound":"glass"},"hard_stained_glass":{"textures":"hard_stained_glass","sound":"glass"},"hard_stained_glass_pane":{"textures":{"up":"hard_stained_glass","down":"hard_stained_glass","north":"hard_stained_glass","south":"hard_stained_glass","west":"hard_stained_glass","east":"stained_glass_pane_top"},"sound":"glass"},"hard_glass_pane":{"textures":{"up":"hard_glass","down":"hard_glass","north":"hard_glass","south":"hard_glass","west":"hard_glass","east":"glass_pane_top"},"sound":"glass"},"chemical_heat":{"textures":"chemical_heat","sound":"stone"},"colored_torch_rg":{"textures":"colored_torch","sound":"wood"},"colored_torch_bp":{"textures":"colored_torch","sound":"wood"}}
