{"format_version":"1.16.100","minecraft:attachable":{"description":{"identifier":"galactixpe:teddybear_rainbow","materials":{"default":"entity_alphatest"},"textures":{"variant0":"textures/entity/teddybeer/teddybeer_pink","variant1":"textures/entity/teddybeer/teddybeer_orange","variant2":"textures/entity/teddybeer/teddybeer_yellow","variant3":"textures/entity/teddybeer/teddybeer_green","variant4":"textures/entity/teddybeer/teddybeer_light_blue","variant5":"textures/entity/teddybeer/teddybeer_blue","variant6":"textures/entity/teddybeer/teddybeer_purple"},"geometry":{"default":"geometry.teddybeer_attachable"},"render_controllers":["controller.render.teddyrainbow"],"animations":{"first_person_main_hand":"animation.teddybeer.wield_first_person","third_person_main_hand":"animation.teddybeer.wield_third_person"},"scripts":{"pre_animation":["v.main_hand = c.item_slot == 'main_hand';","variable.textureindex = (Math.mod(Math.round(query.life_time*2),7));"],"animate":[{"first_person_main_hand":"(v.main_hand && c.is_first_person)"},{"third_person_main_hand":"v.main_hand && !c.is_first_person"}]}}}}
