{"format_version":"1.16.100","minecraft:attachable":{"description":{"identifier":"galactixpe:teddybear_brown","materials":{"default":"entity_alphatest"},"textures":{"default":"textures/entity/teddybeer/teddybeer_brown"},"geometry":{"default":"geometry.teddybeer_attachable"},"render_controllers":["controller.render.default"],"animations":{"first_person_main_hand":"animation.teddybeer.wield_first_person","third_person_main_hand":"animation.teddybeer.wield_third_person"},"scripts":{"pre_animation":["v.main_hand = c.item_slot == 'main_hand';"],"animate":[{"first_person_main_hand":"(v.main_hand && c.is_first_person)"},{"third_person_main_hand":"v.main_hand && !c.is_first_person"}]}}}}
