{"format_version":"1.10.0","particle_effect":{"description":{"identifier":"galactixpe:firework","basic_render_parameters":{"material":"particles_alpha","texture":"textures/particle/particles"}},"curves":{"variable.size":{"type":"linear","input":"variable.particle_age","horizontal_range":"variable.particle_lifetime","nodes":[1,0]},"variable.height":{"type":"linear","input":"variable.emitter_age","horizontal_range":"variable.emitter_lifetime","nodes":[0,0.52]}},"components":{"minecraft:emitter_initialization":{"per_update_expression":"variable.a = math.cos(variable.height * 720);variable.b = math.sin(variable.height * 720);"},"minecraft:emitter_rate_steady":{"spawn_rate":"variable.emitter_age > variable.emitter_lifetime - 0.1 ? 5000 : 500","max_particles":1000},"minecraft:emitter_lifetime_looping":{"active_time":2},"minecraft:emitter_shape_sphere":{"offset":["variable.a ","variable.height * 50","variable.b"],"radius":"variable.emitter_age > variable.emitter_lifetime - 0.1 ? 0.01 : 0.01","surface_only":true,"direction":"outwards"},"minecraft:particle_lifetime_expression":{"max_lifetime":"variable.emitter_age > variable.emitter_lifetime - 0.1 ? 3 : 1"},"minecraft:particle_initial_speed":"variable.emitter_age > variable.emitter_lifetime - 0.1 ? 10 : 0.75","minecraft:particle_motion_dynamic":{"linear_drag_coefficient":0.1},"minecraft:particle_appearance_billboard":{"size":["variable.size * 0.25","variable.size * 0.25"],"facing_camera_mode":"rotate_xyz","uv":{"texture_width":128,"texture_height":128,"uv":[33,89],"uv_size":[7,7]}},"minecraft:particle_appearance_tinting":{"color":{"interpolant":"variable.particle_age / variable.particle_lifetime","gradient":{"0.0":"#ffffffff","0.096":"#FFFFF400","0.21600000000000003":"#FF22FF00","0.328":"#FF00E4FF","0.472":"#FF1800FF","0.6320000000000001":"#FFBC00FF","0.8":"#FFFF0000"}}}}}}
