{"format_version":"1.10.0","particle_effect":{"description":{"identifier":"galactixpe:water_particle","basic_render_parameters":{"material":"particles_alpha","texture":"textures/particle/particles"}},"components":{"minecraft:emitter_rate_steady":{"spawn_rate":15,"max_particles":60},"minecraft:emitter_lifetime_once":{"active_time":2},"minecraft:emitter_shape_point":{"offset":["Math.random(-0.5, 0.5)","Math.random(-0.5, 0.5)","Math.random(-0.5, 0.5)"],"direction":["Math.random(-1, 1)",15,"Math.random(-1, 1)"]},"minecraft:particle_lifetime_expression":{"max_lifetime":2},"minecraft:particle_initial_spin":{"rotation":"Math.random(0, 360)"},"minecraft:particle_initial_speed":6,"minecraft:particle_motion_dynamic":{"linear_acceleration":["Math.random(-5, 5)",-9.81,"Math.random(-5, 5)"],"rotation_acceleration":0.5},"minecraft:particle_appearance_billboard":{"size":[0.1,0.1],"facing_camera_mode":"lookat_xyz","uv":{"texture_width":128,"texture_height":128,"uv":[0,16],"uv_size":[8,8]}},"minecraft:particle_motion_collision":{"collision_drag":4,"coefficient_of_restitution":0.5,"collision_radius":0.1,"expire_on_contact":true},"minecraft:particle_appearance_lighting":{},"minecraft:particle_appearance_tinting":{"color":[0.09804,0.09804,1,1]}}}}
