{"format_version":"1.12.0","minecraft:geometry":[{"description":{"identifier":"geometry.normal_mini_cooper_se","texture_width":256,"texture_height":256,"visible_bounds_width":5,"visible_bounds_height":3.5,"visible_bounds_offset":[0,1.25,0]},"bones":[{"name":"root","pivot":[0,0,0]},{"name":"wheel1","parent":"root","pivot":[-10.5,5,-15.5152]},{"name":"rotatingWheel1","parent":"wheel1","pivot":[-12.5,5,-15.5152],"cubes":[{"origin":[-14,1.5,-16.71495],"size":[3,7,2.39949],"uv":{"north":{"uv":[78,136],"uv_size":[3,7]},"east":{"uv":[56,142],"uv_size":[3,7]},"south":{"uv":[81,136],"uv_size":[3,7]},"west":{"uv":[59,142],"uv_size":[3,7]},"up":{"uv":[149,151],"uv_size":[3,3]},"down":{"uv":[152,37],"uv_size":[3,-3]}}},{"origin":[-14,0,-17.58627],"size":[3,1.5,4.14214],"uv":{"north":{"uv":[43,159],"uv_size":[3,2]},"east":{"uv":[155,115],"uv_size":[4,2]},"south":{"uv":[46,159],"uv_size":[3,2]},"west":{"uv":[156,13],"uv_size":[4,2]},"up":{"uv":[100,148],"uv_size":[3,4]},"down":{"uv":[148,123],"uv_size":[3,-4]}}},{"origin":[-14,2.92893,-20.5152],"size":[3,4.14214,1.5],"inflate":0.002,"pivot":[-12.5,5,-15.5152],"rotation":[-45,0,0],"uv":{"north":{"uv":[26,40],"uv_size":[3,4]},"east":{"uv":[24,154],"uv_size":[2,4]},"south":{"uv":[54,71],"uv_size":[3,4]},"west":{"uv":[38,154],"uv_size":[2,4]},"up":{"uv":[158,0],"uv_size":[3,2]},"down":{"uv":[158,19],"uv_size":[3,-2]}}},{"origin":[-14,2.92893,-20.5152],"size":[3,4.14214,1.5],"uv":{"north":{"uv":[63,144],"uv_size":[3,4]},"east":{"uv":[72,154],"uv_size":[2,4]},"south":{"uv":[66,144],"uv_size":[3,4]},"west":{"uv":[74,154],"uv_size":[2,4]},"up":{"uv":[158,54],"uv_size":[3,2]},"down":{"uv":[158,65],"uv_size":[3,-2]}}},{"origin":[-14,2.92893,-12.0152],"size":[3,4.14214,1.5],"inflate":0.002,"pivot":[-12.5,5,-15.5152],"rotation":[-45,0,0],"uv":{"north":{"uv":[69,144],"uv_size":[3,4]},"east":{"uv":[76,154],"uv_size":[2,4]},"south":{"uv":[144,84],"uv_size":[3,4]},"west":{"uv":[154,76],"uv_size":[2,4]},"up":{"uv":[158,65],"uv_size":[3,2]},"down":{"uv":[72,160],"uv_size":[3,-2]}}},{"origin":[-14,2.92893,-12.0152],"size":[3,4.14214,1.5],"uv":{"north":{"uv":[144,88],"uv_size":[3,4]},"east":{"uv":[78,154],"uv_size":[2,4]},"south":{"uv":[100,144],"uv_size":[3,4]},"west":{"uv":[80,154],"uv_size":[2,4]},"up":{"uv":[75,158],"uv_size":[3,2]},"down":{"uv":[78,160],"uv_size":[3,-2]}}},{"origin":[-14,0,-17.58627],"size":[3,1.5,4.14214],"inflate":0.002,"pivot":[-12.5,5,-15.5152],"rotation":[-45,0,0],"uv":{"north":{"uv":[158,78],"uv_size":[3,2]},"east":{"uv":[154,17],"uv_size":[4,2]},"south":{"uv":[158,80],"uv_size":[3,2]},"west":{"uv":[82,154],"uv_size":[4,2]},"up":{"uv":[143,144],"uv_size":[3,4]},"down":{"uv":[8,149],"uv_size":[3,-4]}}},{"origin":[-14,8.5,-17.58627],"size":[3,1.5,4.14214],"inflate":0.002,"pivot":[-12.5,5,-15.5152],"rotation":[-45,0,0],"uv":{"north":{"uv":[158,119],"uv_size":[3,2]},"east":{"uv":[154,94],"uv_size":[4,2]},"south":{"uv":[158,121],"uv_size":[3,2]},"west":{"uv":[154,119],"uv_size":[4,2]},"up":{"uv":[17,145],"uv_size":[3,4]},"down":{"uv":[145,96],"uv_size":[3,-4]}}},{"origin":[-14,8.5,-17.58627],"size":[3,1.5,4.14214],"uv":{"north":{"uv":[158,123],"uv_size":[3,2]},"east":{"uv":[154,121],"uv_size":[4,2]},"south":{"uv":[158,125],"uv_size":[3,2]},"west":{"uv":[154,123],"uv_size":[4,2]},"up":{"uv":[145,122],"uv_size":[3,4]},"down":{"uv":[20,150],"uv_size":[3,-4]}}},{"origin":[-13.75,3.30025,-19.0152],"size":[2.5,3.39949,2],"pivot":[-12.5,5,-15.5152],"rotation":[-45,0,0],"uv":{"north":{"uv":[24,150],"uv_size":[3,4]},"east":{"uv":[152,152],"uv_size":[2,4]},"south":{"uv":[38,150],"uv_size":[3,4]},"west":{"uv":[10,153],"uv_size":[2,4]},"up":{"uv":[157,15],"uv_size":[3,2]},"down":{"uv":[17,159],"uv_size":[3,-2]}}},{"origin":[-13.75,3.30025,-14.0152],"size":[2.5,3.39949,2],"pivot":[-12.5,5,-15.5152],"rotation":[-45,0,0],"uv":{"north":{"uv":[150,70],"uv_size":[3,4]},"east":{"uv":[10,153],"uv_size":[2,4]},"south":{"uv":[72,150],"uv_size":[3,4]},"west":{"uv":[152,152],"uv_size":[2,4]},"up":{"uv":[20,157],"uv_size":[3,2]},"down":{"uv":[157,31],"uv_size":[3,-2]}}},{"origin":[-14,3.80025,-19.0152],"size":[3,2.39949,7],"inflate":0.002,"uv":{"north":{"uv":[133,151],"uv_size":[3,3]},"east":{"uv":[141,13],"uv_size":[7,3]},"south":{"uv":[151,138],"uv_size":[3,3]},"west":{"uv":[141,115],"uv_size":[7,3]},"up":{"uv":[72,136],"uv_size":[3,7]},"down":{"uv":[75,143],"uv_size":[3,-7]}}},{"origin":[-13.75,1.5,-17.21495],"size":[2.5,2,3.39949],"pivot":[-12.5,5,-15.5152],"rotation":[-45,0,0],"uv":{"north":{"uv":[157,31],"uv_size":[3,2]},"east":{"uv":[67,122],"uv_size":[4,2]},"south":{"uv":[32,157],"uv_size":[3,2]},"west":{"uv":[67,122],"uv_size":[4,2]},"up":{"uv":[75,150],"uv_size":[3,4]},"down":{"uv":[78,154],"uv_size":[3,-4]}}},{"origin":[-13.75,6.5,-17.21495],"size":[2.5,2,3.39949],"pivot":[-12.5,5,-15.5152],"rotation":[-45,0,0],"uv":{"north":{"uv":[40,157],"uv_size":[3,2]},"east":{"uv":[143,100],"uv_size":[4,2]},"south":{"uv":[43,157],"uv_size":[3,2]},"west":{"uv":[143,100],"uv_size":[4,2]},"up":{"uv":[81,150],"uv_size":[3,4]},"down":{"uv":[84,154],"uv_size":[3,-4]}}}]},{"name":"wheel2","parent":"root","pivot":[10.5,5,-15.5152]},{"name":"rotatingWheel2","parent":"wheel2","pivot":[12.5,5,-15.5152],"cubes":[{"origin":[11,1.5,-16.71495],"size":[3,7,2.39949],"uv":{"north":{"uv":[81,136],"uv_size":[-3,7]},"east":{"uv":[62,142],"uv_size":[-3,7]},"south":{"uv":[84,136],"uv_size":[-3,7]},"west":{"uv":[59,142],"uv_size":[-3,7]},"up":{"uv":[152,151],"uv_size":[-3,3]},"down":{"uv":[155,37],"uv_size":[-3,-3]}}},{"origin":[11,0,-17.58627],"size":[3,1.5,4.14214],"uv":{"north":{"uv":[46,159],"uv_size":[-3,2]},"east":{"uv":[160,13],"uv_size":[-4,2]},"south":{"uv":[49,159],"uv_size":[-3,2]},"west":{"uv":[159,115],"uv_size":[-4,2]},"up":{"uv":[103,148],"uv_size":[-3,4]},"down":{"uv":[151,123],"uv_size":[-3,-4]}}},{"origin":[11,2.92893,-20.5152],"size":[3,4.14214,1.5],"inflate":0.002,"pivot":[12.5,5,-15.5152],"rotation":[-45,0,0],"uv":{"north":{"uv":[29,40],"uv_size":[-3,4]},"east":{"uv":[40,154],"uv_size":[-2,4]},"south":{"uv":[57,71],"uv_size":[-3,4]},"west":{"uv":[26,154],"uv_size":[-2,4]},"up":{"uv":[161,0],"uv_size":[-3,2]},"down":{"uv":[161,19],"uv_size":[-3,-2]}}},{"origin":[11,2.92893,-20.5152],"size":[3,4.14214,1.5],"uv":{"north":{"uv":[66,144],"uv_size":[-3,4]},"east":{"uv":[76,154],"uv_size":[-2,4]},"south":{"uv":[69,144],"uv_size":[-3,4]},"west":{"uv":[74,154],"uv_size":[-2,4]},"up":{"uv":[161,54],"uv_size":[-3,2]},"down":{"uv":[161,65],"uv_size":[-3,-2]}}},{"origin":[11,2.92893,-12.0152],"size":[3,4.14214,1.5],"inflate":0.002,"pivot":[12.5,5,-15.5152],"rotation":[-45,0,0],"uv":{"north":{"uv":[72,144],"uv_size":[-3,4]},"east":{"uv":[156,76],"uv_size":[-2,4]},"south":{"uv":[147,84],"uv_size":[-3,4]},"west":{"uv":[78,154],"uv_size":[-2,4]},"up":{"uv":[161,65],"uv_size":[-3,2]},"down":{"uv":[75,160],"uv_size":[-3,-2]}}},{"origin":[11,2.92893,-12.0152],"size":[3,4.14214,1.5],"uv":{"north":{"uv":[147,88],"uv_size":[-3,4]},"east":{"uv":[82,154],"uv_size":[-2,4]},"south":{"uv":[103,144],"uv_size":[-3,4]},"west":{"uv":[80,154],"uv_size":[-2,4]},"up":{"uv":[78,158],"uv_size":[-3,2]},"down":{"uv":[81,160],"uv_size":[-3,-2]}}},{"origin":[11,0,-17.58627],"size":[3,1.5,4.14214],"inflate":0.002,"pivot":[12.5,5,-15.5152],"rotation":[-45,0,0],"uv":{"north":{"uv":[161,78],"uv_size":[-3,2]},"east":{"uv":[86,154],"uv_size":[-4,2]},"south":{"uv":[161,80],"uv_size":[-3,2]},"west":{"uv":[158,17],"uv_size":[-4,2]},"up":{"uv":[146,144],"uv_size":[-3,4]},"down":{"uv":[11,149],"uv_size":[-3,-4]}}},{"origin":[11,8.5,-17.58627],"size":[3,1.5,4.14214],"inflate":0.002,"pivot":[12.5,5,-15.5152],"rotation":[-45,0,0],"uv":{"north":{"uv":[161,119],"uv_size":[-3,2]},"east":{"uv":[158,119],"uv_size":[-4,2]},"south":{"uv":[161,121],"uv_size":[-3,2]},"west":{"uv":[158,94],"uv_size":[-4,2]},"up":{"uv":[20,145],"uv_size":[-3,4]},"down":{"uv":[148,96],"uv_size":[-3,-4]}}},{"origin":[11,8.5,-17.58627],"size":[3,1.5,4.14214],"uv":{"north":{"uv":[161,123],"uv_size":[-3,2]},"east":{"uv":[158,123],"uv_size":[-4,2]},"south":{"uv":[161,125],"uv_size":[-3,2]},"west":{"uv":[158,121],"uv_size":[-4,2]},"up":{"uv":[148,122],"uv_size":[-3,4]},"down":{"uv":[23,150],"uv_size":[-3,-4]}}},{"origin":[11.25,3.30025,-19.0152],"size":[2.5,3.39949,2],"pivot":[12.5,5,-15.5152],"rotation":[-45,0,0],"uv":{"north":{"uv":[27,150],"uv_size":[-3,4]},"east":{"uv":[12,153],"uv_size":[-2,4]},"south":{"uv":[41,150],"uv_size":[-3,4]},"west":{"uv":[154,152],"uv_size":[-2,4]},"up":{"uv":[160,15],"uv_size":[-3,2]},"down":{"uv":[20,159],"uv_size":[-3,-2]}}},{"origin":[11.25,3.30025,-14.0152],"size":[2.5,3.39949,2],"pivot":[12.5,5,-15.5152],"rotation":[-45,0,0],"uv":{"north":{"uv":[153,70],"uv_size":[-3,4]},"east":{"uv":[154,152],"uv_size":[-2,4]},"south":{"uv":[75,150],"uv_size":[-3,4]},"west":{"uv":[12,153],"uv_size":[-2,4]},"up":{"uv":[23,157],"uv_size":[-3,2]},"down":{"uv":[160,31],"uv_size":[-3,-2]}}},{"origin":[11,3.80025,-19.0152],"size":[3,2.39949,7],"inflate":0.002,"uv":{"north":{"uv":[136,151],"uv_size":[-3,3]},"east":{"uv":[148,115],"uv_size":[-7,3]},"south":{"uv":[154,138],"uv_size":[-3,3]},"west":{"uv":[148,13],"uv_size":[-7,3]},"up":{"uv":[75,136],"uv_size":[-3,7]},"down":{"uv":[78,143],"uv_size":[-3,-7]}}},{"origin":[11.25,1.5,-17.21495],"size":[2.5,2,3.39949],"pivot":[12.5,5,-15.5152],"rotation":[-45,0,0],"uv":{"north":{"uv":[160,31],"uv_size":[-3,2]},"east":{"uv":[71,122],"uv_size":[-4,2]},"south":{"uv":[35,157],"uv_size":[-3,2]},"west":{"uv":[71,122],"uv_size":[-4,2]},"up":{"uv":[78,150],"uv_size":[-3,4]},"down":{"uv":[81,154],"uv_size":[-3,-4]}}},{"origin":[11.25,6.5,-17.21495],"size":[2.5,2,3.39949],"pivot":[12.5,5,-15.5152],"rotation":[-45,0,0],"uv":{"north":{"uv":[43,157],"uv_size":[-3,2]},"east":{"uv":[147,100],"uv_size":[-4,2]},"south":{"uv":[46,157],"uv_size":[-3,2]},"west":{"uv":[147,100],"uv_size":[-4,2]},"up":{"uv":[84,150],"uv_size":[-3,4]},"down":{"uv":[87,154],"uv_size":[-3,-4]}}}]},{"name":"wheel3","parent":"root","pivot":[12.3,5.02002,16.5152],"cubes":[{"origin":[11,2.92893,11.5152],"size":[3,4.14214,1.5],"pivot":[12.5,5,16.5152],"rotation":[-45,0,0],"uv":{"north":{"uv":[29,40],"uv_size":[-3,4]},"east":{"uv":[40,154],"uv_size":[-2,4]},"south":{"uv":[57,71],"uv_size":[-3,4]},"west":{"uv":[26,154],"uv_size":[-2,4]},"up":{"uv":[161,0],"uv_size":[-3,2]},"down":{"uv":[161,19],"uv_size":[-3,-2]}}},{"origin":[11,2.92893,11.5152],"size":[3,4.14214,1.5],"uv":{"north":{"uv":[66,144],"uv_size":[-3,4]},"east":{"uv":[76,154],"uv_size":[-2,4]},"south":{"uv":[69,144],"uv_size":[-3,4]},"west":{"uv":[74,154],"uv_size":[-2,4]},"up":{"uv":[161,54],"uv_size":[-3,2]},"down":{"uv":[161,65],"uv_size":[-3,-2]}}},{"origin":[11,2.92893,20.0152],"size":[3,4.14214,1.5],"pivot":[12.5,5,16.5152],"rotation":[-45,0,0],"uv":{"north":{"uv":[72,144],"uv_size":[-3,4]},"east":{"uv":[156,76],"uv_size":[-2,4]},"south":{"uv":[147,84],"uv_size":[-3,4]},"west":{"uv":[78,154],"uv_size":[-2,4]},"up":{"uv":[161,65],"uv_size":[-3,2]},"down":{"uv":[75,160],"uv_size":[-3,-2]}}},{"origin":[11,2.92893,20.0152],"size":[3,4.14214,1.5],"uv":{"north":{"uv":[147,88],"uv_size":[-3,4]},"east":{"uv":[82,154],"uv_size":[-2,4]},"south":{"uv":[103,144],"uv_size":[-3,4]},"west":{"uv":[80,154],"uv_size":[-2,4]},"up":{"uv":[78,158],"uv_size":[-3,2]},"down":{"uv":[81,160],"uv_size":[-3,-2]}}},{"origin":[11,0,14.44413],"size":[3,1.5,4.14214],"pivot":[12.5,5,16.5152],"rotation":[-45,0,0],"uv":{"north":{"uv":[161,78],"uv_size":[-3,2]},"east":{"uv":[86,154],"uv_size":[-4,2]},"south":{"uv":[161,80],"uv_size":[-3,2]},"west":{"uv":[158,17],"uv_size":[-4,2]},"up":{"uv":[146,144],"uv_size":[-3,4]},"down":{"uv":[11,149],"uv_size":[-3,-4]}}},{"origin":[11,0,14.44413],"size":[3,1.5,4.14214],"uv":{"north":{"uv":[161,92],"uv_size":[-3,2]},"east":{"uv":[158,92],"uv_size":[-4,2]},"south":{"uv":[161,94],"uv_size":[-3,2]},"west":{"uv":[90,154],"uv_size":[-4,2]},"up":{"uv":[14,145],"uv_size":[-3,4]},"down":{"uv":[17,149],"uv_size":[-3,-4]}}},{"origin":[11,8.5,14.44413],"size":[3,1.5,4.14214],"pivot":[12.5,5,16.5152],"rotation":[-45,0,0],"uv":{"north":{"uv":[161,119],"uv_size":[-3,2]},"east":{"uv":[158,119],"uv_size":[-4,2]},"south":{"uv":[161,121],"uv_size":[-3,2]},"west":{"uv":[158,94],"uv_size":[-4,2]},"up":{"uv":[20,145],"uv_size":[-3,4]},"down":{"uv":[148,96],"uv_size":[-3,-4]}}},{"origin":[11,8.5,14.44413],"size":[3,1.5,4.14214],"uv":{"north":{"uv":[161,123],"uv_size":[-3,2]},"east":{"uv":[158,123],"uv_size":[-4,2]},"south":{"uv":[161,125],"uv_size":[-3,2]},"west":{"uv":[158,121],"uv_size":[-4,2]},"up":{"uv":[148,122],"uv_size":[-3,4]},"down":{"uv":[23,150],"uv_size":[-3,-4]}}},{"origin":[11.25,6.5,14.81545],"size":[2.5,2,3.39949],"pivot":[12.5,5,16.5152],"rotation":[-45,0,0],"uv":{"north":{"uv":[43,157],"uv_size":[-3,2]},"east":{"uv":[147,100],"uv_size":[-4,2]},"south":{"uv":[46,157],"uv_size":[-3,2]},"west":{"uv":[147,100],"uv_size":[-4,2]},"up":{"uv":[84,150],"uv_size":[-3,4]},"down":{"uv":[87,154],"uv_size":[-3,-4]}}},{"origin":[11,1.5,15.31545],"size":[3,7,2.39949],"uv":{"north":{"uv":[81,136],"uv_size":[-3,7]},"east":{"uv":[62,142],"uv_size":[-3,7]},"south":{"uv":[84,136],"uv_size":[-3,7]},"west":{"uv":[59,142],"uv_size":[-3,7]},"up":{"uv":[152,151],"uv_size":[-3,3]},"down":{"uv":[155,37],"uv_size":[-3,-3]}}},{"origin":[11.25,1.5,14.81545],"size":[2.5,2,3.39949],"pivot":[12.5,5,16.5152],"rotation":[-45,0,0],"uv":{"north":{"uv":[160,31],"uv_size":[-3,2]},"east":{"uv":[71,122],"uv_size":[-4,2]},"south":{"uv":[35,157],"uv_size":[-3,2]},"west":{"uv":[71,122],"uv_size":[-4,2]},"up":{"uv":[78,150],"uv_size":[-3,4]},"down":{"uv":[81,154],"uv_size":[-3,-4]}}},{"origin":[11,3.80025,13.0152],"size":[3,2.39949,7],"inflate":0.002,"uv":{"north":{"uv":[136,151],"uv_size":[-3,3]},"east":{"uv":[148,115],"uv_size":[-7,3]},"south":{"uv":[154,138],"uv_size":[-3,3]},"west":{"uv":[148,13],"uv_size":[-7,3]},"up":{"uv":[75,136],"uv_size":[-3,7]},"down":{"uv":[78,143],"uv_size":[-3,-7]}}},{"origin":[11.25,3.30025,18.0152],"size":[2.5,3.39949,2],"pivot":[12.5,5,16.5152],"rotation":[-45,0,0],"uv":{"north":{"uv":[153,70],"uv_size":[-3,4]},"east":{"uv":[154,152],"uv_size":[-2,4]},"south":{"uv":[75,150],"uv_size":[-3,4]},"west":{"uv":[12,153],"uv_size":[-2,4]},"up":{"uv":[23,157],"uv_size":[-3,2]},"down":{"uv":[160,31],"uv_size":[-3,-2]}}},{"origin":[11.25,3.30025,13.0152],"size":[2.5,3.39949,2],"pivot":[12.5,5,16.5152],"rotation":[-45,0,0],"uv":{"north":{"uv":[27,150],"uv_size":[-3,4]},"east":{"uv":[12,153],"uv_size":[-2,4]},"south":{"uv":[41,150],"uv_size":[-3,4]},"west":{"uv":[154,152],"uv_size":[-2,4]},"up":{"uv":[160,15],"uv_size":[-3,2]},"down":{"uv":[20,159],"uv_size":[-3,-2]}}}]},{"name":"bone2","parent":"wheel3","pivot":[4,5,-15.5152]},{"name":"wheel4","parent":"root","pivot":[-12.3,5.02002,16.5152],"cubes":[{"origin":[-14,2.92893,11.5152],"size":[3,4.14214,1.5],"pivot":[-12.5,5,16.5152],"rotation":[-45,0,0],"uv":{"north":{"uv":[26,40],"uv_size":[3,4]},"east":{"uv":[24,154],"uv_size":[2,4]},"south":{"uv":[54,71],"uv_size":[3,4]},"west":{"uv":[38,154],"uv_size":[2,4]},"up":{"uv":[158,0],"uv_size":[3,2]},"down":{"uv":[158,19],"uv_size":[3,-2]}}},{"origin":[-14,2.92893,11.5152],"size":[3,4.14214,1.5],"uv":{"north":{"uv":[63,144],"uv_size":[3,4]},"east":{"uv":[72,154],"uv_size":[2,4]},"south":{"uv":[66,144],"uv_size":[3,4]},"west":{"uv":[74,154],"uv_size":[2,4]},"up":{"uv":[158,54],"uv_size":[3,2]},"down":{"uv":[158,65],"uv_size":[3,-2]}}},{"origin":[-14,2.92893,20.0152],"size":[3,4.14214,1.5],"pivot":[-12.5,5,16.5152],"rotation":[-45,0,0],"uv":{"north":{"uv":[69,144],"uv_size":[3,4]},"east":{"uv":[76,154],"uv_size":[2,4]},"south":{"uv":[144,84],"uv_size":[3,4]},"west":{"uv":[154,76],"uv_size":[2,4]},"up":{"uv":[158,65],"uv_size":[3,2]},"down":{"uv":[72,160],"uv_size":[3,-2]}}},{"origin":[-14,2.92893,20.0152],"size":[3,4.14214,1.5],"uv":{"north":{"uv":[144,88],"uv_size":[3,4]},"east":{"uv":[78,154],"uv_size":[2,4]},"south":{"uv":[100,144],"uv_size":[3,4]},"west":{"uv":[80,154],"uv_size":[2,4]},"up":{"uv":[75,158],"uv_size":[3,2]},"down":{"uv":[78,160],"uv_size":[3,-2]}}},{"origin":[-14,0,14.44413],"size":[3,1.5,4.14214],"pivot":[-12.5,5,16.5152],"rotation":[-45,0,0],"uv":{"north":{"uv":[158,78],"uv_size":[3,2]},"east":{"uv":[154,17],"uv_size":[4,2]},"south":{"uv":[158,80],"uv_size":[3,2]},"west":{"uv":[82,154],"uv_size":[4,2]},"up":{"uv":[143,144],"uv_size":[3,4]},"down":{"uv":[8,149],"uv_size":[3,-4]}}},{"origin":[-14,0,14.44413],"size":[3,1.5,4.14214],"uv":{"north":{"uv":[158,92],"uv_size":[3,2]},"east":{"uv":[86,154],"uv_size":[4,2]},"south":{"uv":[158,94],"uv_size":[3,2]},"west":{"uv":[154,92],"uv_size":[4,2]},"up":{"uv":[11,145],"uv_size":[3,4]},"down":{"uv":[14,149],"uv_size":[3,-4]}}},{"origin":[-14,8.5,14.44413],"size":[3,1.5,4.14214],"pivot":[-12.5,5,16.5152],"rotation":[-45,0,0],"uv":{"north":{"uv":[158,119],"uv_size":[3,2]},"east":{"uv":[154,94],"uv_size":[4,2]},"south":{"uv":[158,121],"uv_size":[3,2]},"west":{"uv":[154,119],"uv_size":[4,2]},"up":{"uv":[17,145],"uv_size":[3,4]},"down":{"uv":[145,96],"uv_size":[3,-4]}}},{"origin":[-14,8.5,14.44413],"size":[3,1.5,4.14214],"uv":{"north":{"uv":[158,123],"uv_size":[3,2]},"east":{"uv":[154,121],"uv_size":[4,2]},"south":{"uv":[158,125],"uv_size":[3,2]},"west":{"uv":[154,123],"uv_size":[4,2]},"up":{"uv":[145,122],"uv_size":[3,4]},"down":{"uv":[20,150],"uv_size":[3,-4]}}},{"origin":[-13.75,6.5,14.81545],"size":[2.5,2,3.39949],"pivot":[-12.5,5,16.5152],"rotation":[-45,0,0],"uv":{"north":{"uv":[40,157],"uv_size":[3,2]},"east":{"uv":[143,100],"uv_size":[4,2]},"south":{"uv":[43,157],"uv_size":[3,2]},"west":{"uv":[143,100],"uv_size":[4,2]},"up":{"uv":[81,150],"uv_size":[3,4]},"down":{"uv":[84,154],"uv_size":[3,-4]}}},{"origin":[-14,1.5,15.31545],"size":[3,7,2.39949],"uv":{"north":{"uv":[78,136],"uv_size":[3,7]},"east":{"uv":[56,142],"uv_size":[3,7]},"south":{"uv":[81,136],"uv_size":[3,7]},"west":{"uv":[59,142],"uv_size":[3,7]},"up":{"uv":[149,151],"uv_size":[3,3]},"down":{"uv":[152,37],"uv_size":[3,-3]}}},{"origin":[-13.75,1.5,14.81545],"size":[2.5,2,3.39949],"pivot":[-12.5,5,16.5152],"rotation":[-45,0,0],"uv":{"north":{"uv":[157,31],"uv_size":[3,2]},"east":{"uv":[67,122],"uv_size":[4,2]},"south":{"uv":[32,157],"uv_size":[3,2]},"west":{"uv":[67,122],"uv_size":[4,2]},"up":{"uv":[75,150],"uv_size":[3,4]},"down":{"uv":[78,154],"uv_size":[3,-4]}}},{"origin":[-14,3.80025,13.0152],"size":[3,2.39949,7],"inflate":0.002,"uv":{"north":{"uv":[133,151],"uv_size":[3,3]},"east":{"uv":[141,13],"uv_size":[7,3]},"south":{"uv":[151,138],"uv_size":[3,3]},"west":{"uv":[141,115],"uv_size":[7,3]},"up":{"uv":[72,136],"uv_size":[3,7]},"down":{"uv":[75,143],"uv_size":[3,-7]}}},{"origin":[-13.75,3.30025,18.0152],"size":[2.5,3.39949,2],"pivot":[-12.5,5,16.5152],"rotation":[-45,0,0],"uv":{"north":{"uv":[150,70],"uv_size":[3,4]},"east":{"uv":[10,153],"uv_size":[2,4]},"south":{"uv":[72,150],"uv_size":[3,4]},"west":{"uv":[152,152],"uv_size":[2,4]},"up":{"uv":[20,157],"uv_size":[3,2]},"down":{"uv":[157,31],"uv_size":[3,-2]}}},{"origin":[-13.75,3.30025,13.0152],"size":[2.5,3.39949,2],"pivot":[-12.5,5,16.5152],"rotation":[-45,0,0],"uv":{"north":{"uv":[24,150],"uv_size":[3,4]},"east":{"uv":[152,152],"uv_size":[2,4]},"south":{"uv":[38,150],"uv_size":[3,4]},"west":{"uv":[10,153],"uv_size":[2,4]},"up":{"uv":[157,15],"uv_size":[3,2]},"down":{"uv":[17,159],"uv_size":[3,-2]}}}]},{"name":"bone3","parent":"wheel4","pivot":[-4,5,-15.5152]},{"name":"base","parent":"root","pivot":[0,0,0],"cubes":[{"origin":[-11,4.5,16.0152],"size":[22,1,1],"uv":{"north":{"uv":[106,63],"uv_size":[22,1]},"east":{"uv":[148,143],"uv_size":[1,1]},"south":{"uv":[135,24],"uv_size":[22,1]},"west":{"uv":[149,19],"uv_size":[1,1]},"up":{"uv":[135,44],"uv_size":[22,1]},"down":{"uv":[135,63],"uv_size":[22,-1]}}},{"origin":[-7.5,5,-2],"size":[18,4,11],"uv":{"north":{"uv":[115,25],"uv_size":[18,4]},"east":{"uv":[130,13],"uv_size":[11,4]},"south":{"uv":[115,29],"uv_size":[18,4]},"west":{"uv":[32,130],"uv_size":[11,4]},"up":{"uv":[58,64],"uv_size":[18,11]},"down":{"uv":[0,79],"uv_size":[18,-11]}}},{"origin":[-7.5,12.03889,2.65274],"size":[18,4,11],"pivot":[4.5,14.03889,8.15274],"rotation":[82.5,0,0],"uv":{"north":{"uv":[115,33],"uv_size":[18,4]},"east":{"uv":[43,130],"uv_size":[11,4]},"south":{"uv":[115,37],"uv_size":[18,4]},"west":{"uv":[54,130],"uv_size":[11,4]},"up":{"uv":[18,71],"uv_size":[18,11]},"down":{"uv":[18,82],"uv_size":[18,-11]}}},{"origin":[-10.5,5,1],"size":[3,6,8],"uv":{"north":{"uv":[50,142],"uv_size":[3,6]},"east":{"uv":[24,127],"uv_size":[8,6]},"south":{"uv":[53,142],"uv_size":[3,6]},"west":{"uv":[0,129],"uv_size":[8,6]},"up":{"uv":[66,136],"uv_size":[3,8]},"down":{"uv":[69,144],"uv_size":[3,-8]}}},{"origin":[-10.5,5,-7],"size":[3,3,8],"uv":{"north":{"uv":[45,61],"uv_size":[3,3]},"east":{"uv":[18,68],"uv_size":[8,3]},"south":{"uv":[26,68],"uv_size":[3,3]},"west":{"uv":[135,41],"uv_size":[8,3]},"up":{"uv":[134,135],"uv_size":[3,8]},"down":{"uv":[63,144],"uv_size":[3,-8]}}},{"origin":[-14,3,-9],"size":[1,8,17],"inflate":0.002,"uv":{"north":{"uv":[27,144],"uv_size":[1,8]},"east":{"uv":[33,91],"uv_size":[17,8]},"south":{"uv":[103,144],"uv_size":[1,8]},"west":{"uv":[91,46],"uv_size":[17,8]},"up":{"uv":[112,136],"uv_size":[1,17]},"down":{"uv":[113,153],"uv_size":[1,-17]}}},{"origin":[13,3,-9],"size":[1,8,17],"inflate":0.002,"uv":{"north":{"uv":[28,144],"uv_size":[-1,8]},"east":{"uv":[108,46],"uv_size":[-17,8]},"south":{"uv":[104,144],"uv_size":[-1,8]},"west":{"uv":[50,91],"uv_size":[-17,8]},"up":{"uv":[113,136],"uv_size":[-1,17]},"down":{"uv":[114,153],"uv_size":[-1,-17]}}},{"origin":[-7.75,2.75,-26.75],"size":[15.5,0.75,3.25],"uv":{"north":{"uv":[140,60],"uv_size":[16,1]},"east":{"uv":[26,44],"uv_size":[3,1]},"south":{"uv":[140,61],"uv_size":[16,1]},"west":{"uv":[127,10],"uv_size":[3,1]},"up":{"uv":[29,61],"uv_size":[16,3]},"down":{"uv":[127,10],"uv_size":[16,-3]}}},{"origin":[-7,3.5,-26.5],"size":[14,1.75,3],"uv":{"north":{"uv":[134,133],"uv_size":[14,2]},"east":{"uv":[149,154],"uv_size":[3,2]},"south":{"uv":[135,19],"uv_size":[14,2]},"west":{"uv":[154,150],"uv_size":[3,2]},"up":{"uv":[93,130],"uv_size":[14,3]},"down":{"uv":[126,133],"uv_size":[14,-3]}}},{"origin":[-7.75,3.5,-26.75],"size":[0.75,1.75,3.25],"uv":{"north":{"uv":[75,122],"uv_size":[1,2]},"east":{"uv":[90,154],"uv_size":[3,2]},"south":{"uv":[147,76],"uv_size":[1,2]},"west":{"uv":[133,154],"uv_size":[3,2]},"up":{"uv":[58,139],"uv_size":[1,3]},"down":{"uv":[92,146],"uv_size":[1,-3]}}},{"origin":[7,3.5,-26.75],"size":[0.75,1.75,3.25],"uv":{"north":{"uv":[151,141],"uv_size":[1,2]},"east":{"uv":[154,146],"uv_size":[3,2]},"south":{"uv":[160,83],"uv_size":[1,2]},"west":{"uv":[154,148],"uv_size":[3,2]},"up":{"uv":[41,144],"uv_size":[1,3]},"down":{"uv":[148,162],"uv_size":[1,-3]}}},{"origin":[-7.75,5.25,-26.75],"size":[15.5,0.75,3.25],"uv":{"north":{"uv":[140,81],"uv_size":[16,1]},"east":{"uv":[128,63],"uv_size":[3,1]},"south":{"uv":[140,82],"uv_size":[16,1]},"west":{"uv":[145,126],"uv_size":[3,1]},"up":{"uv":[8,129],"uv_size":[16,3]},"down":{"uv":[130,13],"uv_size":[16,-3]}}},{"origin":[-7.75,6.5,-26.25],"size":[15.5,0.75,0.5],"inflate":0.002,"uv":{"north":{"uv":[141,16],"uv_size":[16,1]},"east":{"uv":[155,39],"uv_size":[1,1]},"south":{"uv":[141,118],"uv_size":[16,1]},"west":{"uv":[155,59],"uv_size":[1,1]},"up":{"uv":[143,74],"uv_size":[16,1]},"down":{"uv":[146,43],"uv_size":[16,-1]}}},{"origin":[-6.75,10.5,-26.25],"size":[13.5,0.75,1.5],"uv":{"north":{"uv":[40,82],"uv_size":[14,1]},"east":{"uv":[90,160],"uv_size":[2,1]},"south":{"uv":[91,57],"uv_size":[14,1]},"west":{"uv":[160,91],"uv_size":[2,1]},"up":{"uv":[137,112],"uv_size":[14,2]},"down":{"uv":[139,31],"uv_size":[14,-2]}}},{"origin":[-7.75,7.25,-26],"size":[15.5,3.25,0],"uv":{"north":{"uv":[67,126],"uv_size":[16,4]},"east":{"uv":[0,0],"uv_size":[0,4]},"south":{"uv":[83,126],"uv_size":[16,4]},"west":{"uv":[0,0],"uv_size":[0,4]},"up":{"uv":[0,0],"uv_size":[16,0]},"down":{"uv":[0,0],"uv_size":[16,0]}}},{"origin":[-5.28886,13.01763,-26.25],"size":[1.73862,0.75657,0.5],"pivot":[-11.30024,13.3992,-26],"rotation":[0,0,60],"uv":{"north":{"uv":[154,13],"uv_size":[2,1]},"east":{"uv":[155,80],"uv_size":[1,1]},"south":{"uv":[154,19],"uv_size":[2,1]},"west":{"uv":[145,155],"uv_size":[1,1]},"up":{"uv":[139,160],"uv_size":[2,1]},"down":{"uv":[160,141],"uv_size":[2,-1]}}},{"origin":[-12.55024,14.80112,-26.25],"size":[3.75,0.75,1.5],"inflate":0.002,"pivot":[-4.05024,15.17612,-26],"rotation":[0,0,-60],"uv":{"north":{"uv":[159,28],"uv_size":[4,1]},"east":{"uv":[155,117],"uv_size":[2,1]},"south":{"uv":[159,58],"uv_size":[4,1]},"west":{"uv":[157,24],"uv_size":[2,1]},"up":{"uv":[154,152],"uv_size":[4,2]},"down":{"uv":[154,156],"uv_size":[4,-2]}}},{"origin":[3.55024,13.01763,-26.25],"size":[1.73862,0.75657,0.5],"pivot":[11.30024,13.3992,-26],"rotation":[0,0,-60],"uv":{"north":{"uv":[160,109],"uv_size":[2,1]},"east":{"uv":[156,15],"uv_size":[1,1]},"south":{"uv":[160,110],"uv_size":[2,1]},"west":{"uv":[156,61],"uv_size":[1,1]},"up":{"uv":[160,141],"uv_size":[2,1]},"down":{"uv":[160,143],"uv_size":[2,-1]}}},{"origin":[8.80024,14.80112,-26.25],"size":[3.75,0.75,1.5],"inflate":0.002,"pivot":[4.05024,15.17612,-26],"rotation":[0,0,60],"uv":{"north":{"uv":[159,69],"uv_size":[4,1]},"east":{"uv":[104,160],"uv_size":[2,1]},"south":{"uv":[159,74],"uv_size":[4,1]},"west":{"uv":[160,108],"uv_size":[2,1]},"up":{"uv":[32,155],"uv_size":[4,2]},"down":{"uv":[155,35],"uv_size":[4,-2]}}},{"origin":[-14.5,3,-26.25],"size":[1.5,2.5,2.75],"uv":{"north":{"uv":[75,116],"uv_size":[2,3]},"east":{"uv":[136,153],"uv_size":[3,3]},"south":{"uv":[146,10],"uv_size":[2,3]},"west":{"uv":[139,153],"uv_size":[3,3]},"up":{"uv":[146,119],"uv_size":[2,3]},"down":{"uv":[155,161],"uv_size":[2,-3]}}},{"origin":[13,3,-26.25],"size":[1.5,2.5,2.75],"uv":{"north":{"uv":[77,116],"uv_size":[-2,3]},"east":{"uv":[142,153],"uv_size":[-3,3]},"south":{"uv":[148,10],"uv_size":[-2,3]},"west":{"uv":[139,153],"uv_size":[-3,3]},"up":{"uv":[148,119],"uv_size":[-2,3]},"down":{"uv":[157,161],"uv_size":[-2,-3]}}},{"origin":[-13.36612,4.2013,-26.25],"size":[4.01777,1.01777,1.5],"inflate":0.002,"pivot":[-12.11612,3.96907,-25.5],"rotation":[0,0,15],"uv":{"north":{"uv":[74,91],"uv_size":[4,1]},"east":{"uv":[20,138],"uv_size":[2,1]},"south":{"uv":[156,41],"uv_size":[4,1]},"west":{"uv":[147,104],"uv_size":[2,1]},"up":{"uv":[154,125],"uv_size":[4,2]},"down":{"uv":[154,132],"uv_size":[4,-2]}}},{"origin":[9.34835,4.2013,-26.25],"size":[4.01777,1.01777,1.5],"inflate":0.002,"pivot":[12.11612,3.96907,-25.5],"rotation":[0,0,-15],"uv":{"north":{"uv":[78,91],"uv_size":[-4,1]},"east":{"uv":[149,104],"uv_size":[-2,1]},"south":{"uv":[160,41],"uv_size":[-4,1]},"west":{"uv":[22,138],"uv_size":[-2,1]},"up":{"uv":[158,125],"uv_size":[-4,2]},"down":{"uv":[158,132],"uv_size":[-4,-2]}}},{"origin":[-13.25,3,-26.25],"size":[26.25,1.5,2.75],"uv":{"north":{"uv":[131,63],"uv_size":[27,2]},"east":{"uv":[160,15],"uv_size":[3,2]},"south":{"uv":[131,65],"uv_size":[27,2]},"west":{"uv":[160,19],"uv_size":[3,2]},"up":{"uv":[28,116],"uv_size":[27,3]},"down":{"uv":[97,121],"uv_size":[27,-3]}}},{"origin":[-14,3.50736,-25.74264],"size":[2,7.25,3.71231],"inflate":0.002,"uv":{"north":{"uv":[106,143],"uv_size":[2,8]},"east":{"uv":[59,134],"uv_size":[4,8]},"south":{"uv":[108,143],"uv_size":[2,8]},"west":{"uv":[0,135],"uv_size":[4,8]},"up":{"uv":[91,146],"uv_size":[2,4]},"down":{"uv":[152,148],"uv_size":[2,-4]}}},{"origin":[-10,5.75736,-25.74264],"size":[20,2,3.71231],"uv":{"north":{"uv":[76,119],"uv_size":[20,2]},"east":{"uv":[114,52],"uv_size":[4,2]},"south":{"uv":[130,17],"uv_size":[20,2]},"west":{"uv":[63,122],"uv_size":[4,2]},"up":{"uv":[115,41],"uv_size":[20,4]},"down":{"uv":[77,119],"uv_size":[20,-4]}}},{"origin":[-12,7.75736,-25.74264],"size":[24,3,3.71231],"uv":{"north":{"uv":[76,119],"uv_size":[20,2]},"east":{"uv":[114,52],"uv_size":[4,2]},"south":{"uv":[130,17],"uv_size":[20,2]},"west":{"uv":[63,122],"uv_size":[4,2]},"up":{"uv":[115,41],"uv_size":[20,4]},"down":{"uv":[77,119],"uv_size":[20,-4]}}},{"origin":[-12,5.75736,-24.99264],"size":[24,2,2.71231],"uv":{"north":{"uv":[39,122],"uv_size":[24,2]},"east":{"uv":[157,7],"uv_size":[3,2]},"south":{"uv":[0,127],"uv_size":[24,2]},"west":{"uv":[8,157],"uv_size":[3,2]},"up":{"uv":[76,121],"uv_size":[24,3]},"down":{"uv":[100,124],"uv_size":[24,-3]}}},{"origin":[-12,3.50736,-25.74264],"size":[24,2.25,3.71231],"uv":{"north":{"uv":[52,119],"uv_size":[24,3]},"east":{"uv":[150,17],"uv_size":[4,3]},"south":{"uv":[120,52],"uv_size":[24,3]},"west":{"uv":[20,150],"uv_size":[4,3]},"up":{"uv":[103,3],"uv_size":[24,4]},"down":{"uv":[103,11],"uv_size":[24,-4]}}},{"origin":[-14,16.51041,-10.86827],"size":[1,1.75,3],"pivot":[-13.5,13.01041,-0.86827],"rotation":[45,0,0],"uv":{"north":{"uv":[108,70],"uv_size":[1,2]},"east":{"uv":[154,9],"uv_size":[3,2]},"south":{"uv":[96,119],"uv_size":[1,2]},"west":{"uv":[154,11],"uv_size":[3,2]},"up":{"uv":[125,115],"uv_size":[1,3]},"down":{"uv":[106,136],"uv_size":[1,-3]}}},{"origin":[-14,16.01041,22.13173],"size":[1,1.75,2.25],"pivot":[-13.5,13.01041,32.13173],"rotation":[45,0,0],"uv":{"north":{"uv":[87,160],"uv_size":[1,2]},"east":{"uv":[157,9],"uv_size":[3,2]},"south":{"uv":[160,87],"uv_size":[1,2]},"west":{"uv":[11,157],"uv_size":[3,2]},"up":{"uv":[75,160],"uv_size":[1,3]},"down":{"uv":[76,163],"uv_size":[1,-3]}}},{"origin":[13,16.01041,22.13173],"size":[1,1.75,2.25],"pivot":[13.5,13.01041,32.13173],"rotation":[45,0,0],"uv":{"north":{"uv":[88,160],"uv_size":[-1,2]},"east":{"uv":[14,157],"uv_size":[-3,2]},"south":{"uv":[161,87],"uv_size":[-1,2]},"west":{"uv":[160,9],"uv_size":[-3,2]},"up":{"uv":[76,160],"uv_size":[-1,3]},"down":{"uv":[77,163],"uv_size":[-1,-3]}}},{"origin":[-7,8.02252,-24.39017],"size":[14,6,5.25],"pivot":[-13.5,11.02252,-21.76517],"rotation":[-45,0,0],"uv":{"north":{"uv":[0,55],"uv_size":[14,6]},"east":{"uv":[93,105],"uv_size":[6,6]},"south":{"uv":[0,101],"uv_size":[14,6]},"west":{"uv":[133,29],"uv_size":[6,6]},"up":{"uv":[14,101],"uv_size":[14,6]},"down":{"uv":[79,111],"uv_size":[14,-6]}}},{"origin":[8.5,11.30445,-30.64198],"size":[4,5,0.5],"pivot":[0,3.80445,-28.01698],"rotation":[-35,0,0],"uv":{"north":{"uv":[139,36],"uv_size":[4,5]},"east":{"uv":[71,160],"uv_size":[1,5]},"south":{"uv":[38,139],"uv_size":[4,5]},"west":{"uv":[72,160],"uv_size":[1,5]},"up":{"uv":[82,160],"uv_size":[4,1]},"down":{"uv":[160,83],"uv_size":[4,-1]}}},{"origin":[-12.5,11.30445,-30.64198],"size":[4,5,0.5],"pivot":[-21,3.80445,-28.01698],"rotation":[-35,0,0],"uv":{"north":{"uv":[139,36],"uv_size":[4,5]},"east":{"uv":[71,160],"uv_size":[1,5]},"south":{"uv":[38,139],"uv_size":[4,5]},"west":{"uv":[72,160],"uv_size":[1,5]},"up":{"uv":[82,160],"uv_size":[4,1]},"down":{"uv":[160,83],"uv_size":[4,-1]}}},{"origin":[-14,13.76041,7.61827],"size":[1,4.25,4.25],"pivot":[-13.5,13.01041,1.86827],"rotation":[-45,0,0],"uv":{"north":{"uv":[53,157],"uv_size":[1,5]},"east":{"uv":[137,46],"uv_size":[5,5]},"south":{"uv":[99,157],"uv_size":[1,5]},"west":{"uv":[138,70],"uv_size":[5,5]},"up":{"uv":[109,157],"uv_size":[1,5]},"down":{"uv":[142,162],"uv_size":[1,-5]}}},{"origin":[13,16.51041,-10.86827],"size":[1,1.75,3],"pivot":[13.5,13.01041,-0.86827],"rotation":[45,0,0],"uv":{"north":{"uv":[109,70],"uv_size":[-1,2]},"east":{"uv":[157,11],"uv_size":[-3,2]},"south":{"uv":[97,119],"uv_size":[-1,2]},"west":{"uv":[157,9],"uv_size":[-3,2]},"up":{"uv":[126,115],"uv_size":[-1,3]},"down":{"uv":[107,136],"uv_size":[-1,-3]}}},{"origin":[13,13.76041,7.61827],"size":[1,4.25,4.25],"pivot":[13.5,13.01041,1.86827],"rotation":[-45,0,0],"uv":{"north":{"uv":[54,157],"uv_size":[-1,5]},"east":{"uv":[143,70],"uv_size":[-5,5]},"south":{"uv":[100,157],"uv_size":[-1,5]},"west":{"uv":[142,46],"uv_size":[-5,5]},"up":{"uv":[110,157],"uv_size":[-1,5]},"down":{"uv":[143,162],"uv_size":[-1,-5]}}},{"origin":[-7,11,-21.5],"size":[14,4,12],"uv":{"north":{"uv":[39,126],"uv_size":[14,4]},"east":{"uv":[126,122],"uv_size":[12,4]},"south":{"uv":[53,126],"uv_size":[14,4]},"west":{"uv":[126,126],"uv_size":[12,4]},"up":{"uv":[77,46],"uv_size":[14,12]},"down":{"uv":[0,91],"uv_size":[14,-12]}}},{"origin":[-13,9,-9.5],"size":[26,6.75,0.5],"uv":{"north":{"uv":[77,0],"uv_size":[26,7]},"east":{"uv":[3,159],"uv_size":[1,7]},"south":{"uv":[77,7],"uv_size":[26,7]},"west":{"uv":[103,159],"uv_size":[1,7]},"up":{"uv":[141,127],"uv_size":[26,1]},"down":{"uv":[141,129],"uv_size":[26,-1]}}},{"origin":[-11.881,27.49486,-6.6112],"size":[23.75,0.66862,2.16071],"pivot":[0.18249,27.57918,-5.78084],"rotation":[17.5,0,0],"uv":{"north":{"uv":[143,43],"uv_size":[24,1]},"east":{"uv":[160,111],"uv_size":[2,1]},"south":{"uv":[143,45],"uv_size":[24,1]},"west":{"uv":[160,137],"uv_size":[2,1]},"up":{"uv":[127,3],"uv_size":[24,2]},"down":{"uv":[127,7],"uv_size":[24,-2]}}},{"origin":[11.02846,12.05779,-9.26761],"size":[2,16.25,1],"pivot":[12.02846,17.05779,-8.76761],"rotation":[-17.5,-22.5,0],"uv":{"north":{"uv":[34,134],"uv_size":[2,17]},"east":{"uv":[6,143],"uv_size":[1,17]},"south":{"uv":[36,134],"uv_size":[2,17]},"west":{"uv":[7,143],"uv_size":[1,17]},"up":{"uv":[113,25],"uv_size":[2,1]},"down":{"uv":[22,133],"uv_size":[2,-1]}}},{"origin":[-13.02846,12.05779,-9.26761],"size":[2,16.25,1],"pivot":[-12.02846,17.05779,-8.76761],"rotation":[-17.5,22.5,0],"uv":{"north":{"uv":[36,134],"uv_size":[-2,17]},"east":{"uv":[8,143],"uv_size":[-1,17]},"south":{"uv":[38,134],"uv_size":[-2,17]},"west":{"uv":[7,143],"uv_size":[-1,17]},"up":{"uv":[115,25],"uv_size":[-2,1]},"down":{"uv":[24,133],"uv_size":[-2,-1]}}},{"origin":[-14,11,-22.30118],"size":[7,4.67227,12.80118],"inflate":0.002,"uv":{"north":{"uv":[45,134],"uv_size":[7,5]},"east":{"uv":[13,122],"uv_size":[13,5]},"south":{"uv":[52,134],"uv_size":[7,5]},"west":{"uv":[26,122],"uv_size":[13,5]},"up":{"uv":[65,100],"uv_size":[7,13]},"down":{"uv":[72,113],"uv_size":[7,-13]}}},{"origin":[-14,8.70918,-24.49664],"size":[7,6,5.25],"pivot":[-10.5,11.70918,-21.87164],"rotation":[-35,0,0],"uv":{"north":{"uv":[79,130],"uv_size":[7,6]},"east":{"uv":[100,133],"uv_size":[6,6]},"south":{"uv":[86,130],"uv_size":[7,6]},"west":{"uv":[126,133],"uv_size":[6,6]},"up":{"uv":[15,132],"uv_size":[7,6]},"down":{"uv":[22,139],"uv_size":[7,-6]}}},{"origin":[7,11,-22.30118],"size":[7,4.67227,12.80118],"inflate":0.002,"uv":{"north":{"uv":[52,134],"uv_size":[-7,5]},"east":{"uv":[39,122],"uv_size":[-13,5]},"south":{"uv":[59,134],"uv_size":[-7,5]},"west":{"uv":[26,122],"uv_size":[-13,5]},"up":{"uv":[72,100],"uv_size":[-7,13]},"down":{"uv":[79,113],"uv_size":[-7,-13]}}},{"origin":[7,8.70918,-24.49664],"size":[7,6,5.25],"pivot":[10.5,11.70918,-21.87164],"rotation":[-35,0,0],"uv":{"north":{"uv":[86,130],"uv_size":[-7,6]},"east":{"uv":[132,133],"uv_size":[-6,6]},"south":{"uv":[93,130],"uv_size":[-7,6]},"west":{"uv":[106,133],"uv_size":[-6,6]},"up":{"uv":[22,132],"uv_size":[-7,6]},"down":{"uv":[29,139],"uv_size":[-7,-6]}}},{"origin":[12,3.50736,-25.74264],"size":[2,7.25,3.71231],"inflate":0.002,"uv":{"north":{"uv":[108,143],"uv_size":[-2,8]},"east":{"uv":[4,135],"uv_size":[-4,8]},"south":{"uv":[110,143],"uv_size":[-2,8]},"west":{"uv":[63,134],"uv_size":[-4,8]},"up":{"uv":[93,146],"uv_size":[-2,4]},"down":{"uv":[154,148],"uv_size":[-2,-4]}}},{"origin":[-14.5,2.35762,22.94241],"size":[29,2.5,7.5],"uv":{"north":{"uv":[29,110],"uv_size":[29,3]},"east":{"uv":[139,102],"uv_size":[8,3]},"south":{"uv":[79,112],"uv_size":[29,3]},"west":{"uv":[147,102],"uv_size":[-8,3]},"up":{"uv":[19,53],"uv_size":[29,8]},"down":{"uv":[48,64],"uv_size":[29,-8]}}},{"origin":[-7.5,2.35762,28.94241],"size":[15,3.5,1.5],"inflate":0.002,"uv":{"north":{"uv":[99,126],"uv_size":[15,4]},"east":{"uv":[145,156],"uv_size":[2,4]},"south":{"uv":[126,115],"uv_size":[15,4]},"west":{"uv":[4,157],"uv_size":[2,4]},"up":{"uv":[135,105],"uv_size":[15,2]},"down":{"uv":[135,109],"uv_size":[15,-2]}}},{"origin":[6.79151,1.4761,28.94241],"size":[4,2.5,1.5],"inflate":0.002,"pivot":[14.29151,2.2261,29.69241],"rotation":[0,0,15],"uv":{"north":{"uv":[148,57],"uv_size":[4,3]},"east":{"uv":[143,159],"uv_size":[2,3]},"south":{"uv":[148,115],"uv_size":[4,3]},"west":{"uv":[6,160],"uv_size":[2,3]},"up":{"uv":[155,35],"uv_size":[4,2]},"down":{"uv":[155,39],"uv_size":[4,-2]}}},{"origin":[-10.79151,1.4761,28.94241],"size":[4,2.5,1.5],"inflate":0.002,"pivot":[-14.29151,2.2261,29.69241],"rotation":[0,0,-15],"uv":{"north":{"uv":[149,46],"uv_size":[4,3]},"east":{"uv":[160,12],"uv_size":[2,3]},"south":{"uv":[150,7],"uv_size":[4,3]},"west":{"uv":[160,29],"uv_size":[2,3]},"up":{"uv":[40,155],"uv_size":[4,2]},"down":{"uv":[44,157],"uv_size":[4,-2]}}},{"origin":[-14.5,13.24478,21.07413],"size":[29,7.99112,2.5052],"inflate":-0.002,"pivot":[13.5,12.568,31.57413],"rotation":[45,0,0],"uv":{"north":{"uv":[48,8],"uv_size":[29,8]},"east":{"uv":[94,139],"uv_size":[3,8]},"south":{"uv":[48,16],"uv_size":[29,8]},"west":{"uv":[97,139],"uv_size":[-3,8]},"up":{"uv":[108,112],"uv_size":[29,3]},"down":{"uv":[0,116],"uv_size":[29,-3]}}},{"origin":[-14.5,4.85762,22.94241],"size":[29,2.53579,2.5],"uv":{"north":{"uv":[112,84],"uv_size":[29,3]},"east":{"uv":[154,3],"uv_size":[3,3]},"south":{"uv":[112,87],"uv_size":[29,3]},"west":{"uv":[157,3],"uv_size":[-3,3]},"up":{"uv":[112,90],"uv_size":[29,3]},"down":{"uv":[112,96],"uv_size":[29,-3]}}},{"origin":[-14.5,10.5,12.70863],"size":[29,2.54442,7.06755],"uv":{"north":{"uv":[106,109],"uv_size":[29,3]},"east":{"uv":[33,88],"uv_size":[7,3]},"south":{"uv":[0,110],"uv_size":[29,3]},"west":{"uv":[40,88],"uv_size":[-7,3]},"up":{"uv":[0,61],"uv_size":[29,7]},"down":{"uv":[29,71],"uv_size":[29,-7]}}},{"origin":[-13,10.5,19.77618],"size":[26,2.54442,7.25],"uv":{"north":{"uv":[0,119],"uv_size":[26,3]},"east":{"uv":[140,78],"uv_size":[8,3]},"south":{"uv":[26,119],"uv_size":[26,3]},"west":{"uv":[140,130],"uv_size":[8,3]},"up":{"uv":[54,75],"uv_size":[26,8]},"down":{"uv":[76,72],"uv_size":[26,-8]}}},{"origin":[-14.5,13.68718,9.36307],"size":[29,7.36612,2.5052],"inflate":-0.002,"pivot":[13.5,13.01041,1.36827],"rotation":[-45,0,0],"uv":{"north":{"uv":[48,40],"uv_size":[29,8]},"east":{"uv":[140,135],"uv_size":[3,8]},"south":{"uv":[48,48],"uv_size":[29,8]},"west":{"uv":[143,135],"uv_size":[-3,8]},"up":{"uv":[109,70],"uv_size":[29,3]},"down":{"uv":[109,76],"uv_size":[29,-3]}}},{"origin":[-14.5,5,7.5],"size":[29,2.83579,2.5],"uv":{"north":{"uv":[102,67],"uv_size":[29,3]},"east":{"uv":[150,52],"uv_size":[3,3]},"south":{"uv":[103,0],"uv_size":[29,3]},"west":{"uv":[153,52],"uv_size":[-3,3]},"up":{"uv":[108,46],"uv_size":[29,3]},"down":{"uv":[108,52],"uv_size":[29,-3]}}},{"origin":[-14.5,3,-23.5],"size":[29,5.2858,2.5],"inflate":0.002,"uv":{"north":{"uv":[77,58],"uv_size":[29,6]},"east":{"uv":[23,144],"uv_size":[3,6]},"south":{"uv":[80,72],"uv_size":[29,6]},"west":{"uv":[26,144],"uv_size":[-3,6]},"up":{"uv":[0,107],"uv_size":[29,3]},"down":{"uv":[29,110],"uv_size":[29,-3]}}},{"origin":[-14.5,7.95918,-21.24664],"size":[29,5.8,2.5],"pivot":[10.5,11.70918,-21.87164],"rotation":[-35,0,0],"uv":{"north":{"uv":[77,14],"uv_size":[29,6]},"east":{"uv":[143,135],"uv_size":[3,6]},"south":{"uv":[77,20],"uv_size":[29,6]},"west":{"uv":[146,135],"uv_size":[-3,6]},"up":{"uv":[106,103],"uv_size":[29,3]},"down":{"uv":[106,109],"uv_size":[29,-3]}}},{"origin":[-14.5,10.5,-20.17618],"size":[29,2.54442,7.96755],"inflate":0.002,"uv":{"north":{"uv":[106,97],"uv_size":[29,3]},"east":{"uv":[42,139],"uv_size":[8,3]},"south":{"uv":[106,100],"uv_size":[29,3]},"west":{"uv":[50,139],"uv_size":[-8,3]},"up":{"uv":[19,45],"uv_size":[29,8]},"down":{"uv":[48,8],"uv_size":[29,-8]}}},{"origin":[-14.5,13.68718,-11.36827],"size":[29,7.36612,2.5052],"inflate":-0.002,"pivot":[13.5,13.01041,-0.86827],"rotation":[45,0,0],"uv":{"north":{"uv":[48,24],"uv_size":[29,8]},"east":{"uv":[126,139],"uv_size":[3,8]},"south":{"uv":[48,32],"uv_size":[29,8]},"west":{"uv":[129,139],"uv_size":[-3,8]},"up":{"uv":[106,78],"uv_size":[29,3]},"down":{"uv":[106,84],"uv_size":[29,-3]}}},{"origin":[-14.5,5,-9.5],"size":[29,2.83579,2.5],"inflate":0.002,"uv":{"north":{"uv":[91,54],"uv_size":[29,3]},"east":{"uv":[103,11],"uv_size":[3,3]},"south":{"uv":[102,64],"uv_size":[29,3]},"west":{"uv":[106,11],"uv_size":[-3,3]},"up":{"uv":[106,57],"uv_size":[29,3]},"down":{"uv":[106,63],"uv_size":[29,-3]}}},{"origin":[-14.5,2.5,-9.5],"size":[29,2.5,19.5],"uv":{"north":{"uv":[106,19],"uv_size":[29,3]},"east":{"uv":[55,116],"uv_size":[20,3]},"south":{"uv":[106,22],"uv_size":[29,3]},"west":{"uv":[75,116],"uv_size":[-20,3]},"up":{"uv":[0,0],"uv_size":[29,20]},"down":{"uv":[0,40],"uv_size":[29,-20]}}},{"origin":[-9.5,1.75,9],"size":[19,9.25,14.75],"uv":{"north":{"uv":[40,83],"uv_size":[19,8]},"east":{"uv":[84,97],"uv_size":[15,8]},"south":{"uv":[59,83],"uv_size":[19,8]},"west":{"uv":[97,84],"uv_size":[15,8]},"up":{"uv":[29,0],"uv_size":[19,15]},"down":{"uv":[29,30],"uv_size":[19,-15]}}},{"origin":[-9.5,1.75,-23.0304],"size":[19,9.25,14.75],"uv":{"north":{"uv":[78,84],"uv_size":[19,8]},"east":{"uv":[28,99],"uv_size":[15,8]},"south":{"uv":[14,88],"uv_size":[19,8]},"west":{"uv":[43,99],"uv_size":[15,8]},"up":{"uv":[29,30],"uv_size":[19,15]},"down":{"uv":[0,55],"uv_size":[19,-15]}}},{"origin":[-14,11,-9.5],"size":[1,4.67227,37.5],"uv":{"north":{"uv":[157,146],"uv_size":[1,5]},"east":{"uv":[77,26],"uv_size":[38,5]},"south":{"uv":[157,156],"uv_size":[1,5]},"west":{"uv":[77,31],"uv_size":[38,5]},"up":{"uv":[121,124],"uv_size":[1,38]},"down":{"uv":[122,162],"uv_size":[1,-38]}}},{"origin":[-14,14.85441,-9.48215],"size":[1,1.63573,37.46431],"inflate":0.002,"pivot":[-13.5,15.67227,9.25],"rotation":[2.5,0,0],"uv":{"north":{"uv":[102,160],"uv_size":[1,2]},"east":{"uv":[109,76],"uv_size":[38,2]},"south":{"uv":[112,160],"uv_size":[1,2]},"west":{"uv":[120,55],"uv_size":[38,2]},"up":{"uv":[123,124],"uv_size":[1,38]},"down":{"uv":[114,164],"uv_size":[1,-38]}}},{"origin":[13,14.85441,-9.48215],"size":[1,1.63573,37.46431],"inflate":0.002,"pivot":[13.5,15.67227,9.25],"rotation":[2.5,0,0],"uv":{"north":{"uv":[103,160],"uv_size":[-1,2]},"east":{"uv":[158,55],"uv_size":[-38,2]},"south":{"uv":[113,160],"uv_size":[-1,2]},"west":{"uv":[147,76],"uv_size":[-38,2]},"up":{"uv":[124,124],"uv_size":[-1,38]},"down":{"uv":[115,164],"uv_size":[-1,-38]}}},{"origin":[13,11,-9.5],"size":[1,4.67227,37.5],"uv":{"north":{"uv":[158,146],"uv_size":[-1,5]},"east":{"uv":[115,31],"uv_size":[-38,5]},"south":{"uv":[158,156],"uv_size":[-1,5]},"west":{"uv":[115,26],"uv_size":[-38,5]},"up":{"uv":[122,124],"uv_size":[-1,38]},"down":{"uv":[123,162],"uv_size":[-1,-38]}}},{"origin":[-14.25,16.49014,-9.48215],"size":[1.5,0.25,37.71431],"pivot":[-13.5,15.67227,9.25],"rotation":[2.5,0,0],"uv":{"north":{"uv":[160,143],"uv_size":[2,1]},"east":{"uv":[137,51],"uv_size":[38,1]},"south":{"uv":[145,160],"uv_size":[2,1]},"west":{"uv":[137,114],"uv_size":[38,1]},"up":{"uv":[115,124],"uv_size":[2,38]},"down":{"uv":[117,162],"uv_size":[2,-38]}}},{"origin":[12.75,16.49014,-9.48215],"size":[1.5,0.25,37.71431],"pivot":[13.5,15.67227,9.25],"rotation":[2.5,0,0],"uv":{"north":{"uv":[162,143],"uv_size":[-2,1]},"east":{"uv":[175,114],"uv_size":[-38,1]},"south":{"uv":[147,160],"uv_size":[-2,1]},"west":{"uv":[175,51],"uv_size":[-38,1]},"up":{"uv":[117,124],"uv_size":[-2,38]},"down":{"uv":[119,162],"uv_size":[-2,-38]}}},{"origin":[-12.75,16.5431,26.731],"size":[25.5,0.25,1.5],"pivot":[12,15.72524,10.46315],"rotation":[2.5,0,0],"uv":{"north":{"uv":[142,49],"uv_size":[26,1]},"east":{"uv":[153,160],"uv_size":[2,1]},"south":{"uv":[142,50],"uv_size":[26,1]},"west":{"uv":[158,160],"uv_size":[2,1]},"up":{"uv":[133,25],"uv_size":[26,2]},"down":{"uv":[133,29],"uv_size":[26,-2]}}},{"origin":[-14,10,21.5],"size":[1,1,6.5],"inflate":0.002,"uv":{"north":{"uv":[105,57],"uv_size":[1,1]},"east":{"uv":[143,73],"uv_size":[7,1]},"south":{"uv":[105,111],"uv_size":[1,1]},"west":{"uv":[148,80],"uv_size":[7,1]},"up":{"uv":[27,152],"uv_size":[1,7]},"down":{"uv":[103,159],"uv_size":[1,-7]}}},{"origin":[13,10,21.5],"size":[1,1,6.5],"inflate":0.002,"uv":{"north":{"uv":[106,57],"uv_size":[-1,1]},"east":{"uv":[155,80],"uv_size":[-7,1]},"south":{"uv":[106,111],"uv_size":[-1,1]},"west":{"uv":[150,73],"uv_size":[-7,1]},"up":{"uv":[28,152],"uv_size":[-1,7]},"down":{"uv":[104,159],"uv_size":[-1,-7]}}},{"origin":[-14,4.85762,23.75],"size":[1,5.14238,5.06426],"inflate":-0.002,"uv":{"north":{"uv":[13,91],"uv_size":[1,5]},"east":{"uv":[14,55],"uv_size":[5,5]},"south":{"uv":[113,153],"uv_size":[1,5]},"west":{"uv":[79,100],"uv_size":[5,5]},"up":{"uv":[26,154],"uv_size":[1,5]},"down":{"uv":[71,160],"uv_size":[1,-5]}}},{"origin":[13,4.85762,23.75],"size":[1,5.14238,5.06426],"inflate":-0.002,"uv":{"north":{"uv":[14,91],"uv_size":[-1,5]},"east":{"uv":[84,100],"uv_size":[-5,5]},"south":{"uv":[114,153],"uv_size":[-1,5]},"west":{"uv":[19,55],"uv_size":[-5,5]},"up":{"uv":[27,154],"uv_size":[-1,5]},"down":{"uv":[72,160],"uv_size":[-1,-5]}}},{"origin":[-13,10,27],"size":[26,5.67227,1],"uv":{"north":{"uv":[80,78],"uv_size":[26,6]},"east":{"uv":[136,143],"uv_size":[1,6]},"south":{"uv":[14,82],"uv_size":[26,6]},"west":{"uv":[26,144],"uv_size":[1,6]},"up":{"uv":[79,111],"uv_size":[26,1]},"down":{"uv":[135,22],"uv_size":[26,-1]}}},{"origin":[-13,15.61458,27.03103],"size":[26,1.67227,1],"pivot":[0,14.95072,27.53103],"rotation":[2.5,0,0],"uv":{"north":{"uv":[131,67],"uv_size":[26,2]},"east":{"uv":[160,117],"uv_size":[1,2]},"south":{"uv":[132,0],"uv_size":[26,2]},"west":{"uv":[124,160],"uv_size":[1,2]},"up":{"uv":[135,22],"uv_size":[26,1]},"down":{"uv":[135,24],"uv_size":[26,-1]}}},{"origin":[-13,12,28],"size":[4,4.67227,0.75],"uv":{"north":{"uv":[141,92],"uv_size":[4,5]},"east":{"uv":[38,158],"uv_size":[1,5]},"south":{"uv":[141,122],"uv_size":[4,5]},"west":{"uv":[39,158],"uv_size":[1,5]},"up":{"uv":[160,2],"uv_size":[4,1]},"down":{"uv":[160,10],"uv_size":[4,-1]}}},{"origin":[9,12,28],"size":[4,4.67227,0.75],"uv":{"north":{"uv":[42,142],"uv_size":[4,5]},"east":{"uv":[81,158],"uv_size":[1,5]},"south":{"uv":[46,142],"uv_size":[4,5]},"west":{"uv":[113,158],"uv_size":[1,5]},"up":{"uv":[160,10],"uv_size":[4,1]},"down":{"uv":[160,12],"uv_size":[4,-1]}}},{"origin":[-14,4.85762,28.81426],"size":[28,4.67227,1],"inflate":0.002,"uv":{"north":{"uv":[84,92],"uv_size":[28,5]},"east":{"uv":[24,158],"uv_size":[1,5]},"south":{"uv":[0,96],"uv_size":[28,5]},"west":{"uv":[25,158],"uv_size":[-1,5]},"up":{"uv":[131,69],"uv_size":[28,1]},"down":{"uv":[132,3],"uv_size":[28,-1]}}},{"origin":[-14,6.92881,25.30905],"size":[28,2.67227,1],"pivot":[0,11.26494,25.80905],"rotation":[60,0,0],"uv":{"north":{"uv":[97,115],"uv_size":[28,3]},"east":{"uv":[73,160],"uv_size":[1,3]},"south":{"uv":[0,116],"uv_size":[28,3]},"west":{"uv":[74,160],"uv_size":[-1,3]},"up":{"uv":[112,96],"uv_size":[28,1]},"down":{"uv":[115,46],"uv_size":[28,-1]}}},{"origin":[-11,4.5,-16.0152],"size":[22,1,1],"uv":{"north":{"uv":[106,63],"uv_size":[22,1]},"east":{"uv":[148,143],"uv_size":[1,1]},"south":{"uv":[135,24],"uv_size":[22,1]},"west":{"uv":[149,19],"uv_size":[1,1]},"up":{"uv":[135,44],"uv_size":[22,1]},"down":{"uv":[135,63],"uv_size":[22,-1]}}}]},{"name":"gearswitch","parent":"base","pivot":[-9,12.125,-3],"cubes":[{"origin":[-9.75,13,-3.75],"size":[1.5,1.5,1.5],"uv":{"north":{"uv":[77,113],"uv_size":[2,2]},"east":{"uv":[118,52],"uv_size":[2,2]},"south":{"uv":[63,134],"uv_size":[2,2]},"west":{"uv":[144,34],"uv_size":[2,2]},"up":{"uv":[146,139],"uv_size":[2,2]},"down":{"uv":[160,78],"uv_size":[2,-2]}}},{"origin":[-9.5,8,-3.5],"size":[1,5,1],"uv":{"north":{"uv":[147,156],"uv_size":[1,5]},"east":{"uv":[23,157],"uv_size":[1,5]},"south":{"uv":[35,157],"uv_size":[1,5]},"west":{"uv":[52,157],"uv_size":[1,5]},"up":{"uv":[154,132],"uv_size":[1,1]},"down":{"uv":[154,141],"uv_size":[1,-1]}}}]},{"name":"steeringWheel","parent":"base","pivot":[2.5,15.49704,-5.27705],"cubes":[{"origin":[2,15.99704,-9.27705],"size":[1,1,3.75],"pivot":[2.5,15.49704,-5.27705],"rotation":[0,12.5,-90],"uv":{"north":{"uv":[151,133],"uv_size":[1,1]},"east":{"uv":[160,46],"uv_size":[4,1]},"south":{"uv":[40,154],"uv_size":[1,1]},"west":{"uv":[160,47],"uv_size":[4,1]},"up":{"uv":[57,71],"uv_size":[1,4]},"down":{"uv":[78,150],"uv_size":[1,-4]}}}]},{"name":"steeringWheelInner","parent":"steeringWheel","pivot":[1.5,15.49704,-5.27705],"rotation":[12.5,0,0],"cubes":[{"origin":[-1,11.99704,-5.52705],"size":[5,1,0.5],"pivot":[1.5,15.49704,-5.27705],"rotation":[0,0,-90],"uv":{"north":{"uv":[14,60],"uv_size":[5,1]},"east":{"uv":[0,161],"uv_size":[1,1]},"south":{"uv":[145,96],"uv_size":[5,1]},"west":{"uv":[161,0],"uv_size":[1,1]},"up":{"uv":[160,52],"uv_size":[5,1]},"down":{"uv":[160,54],"uv_size":[5,-1]}}},{"origin":[-2,17.99704,-5.52705],"size":[7,1,0.5],"uv":{"north":{"uv":[99,110],"uv_size":[7,1]},"east":{"uv":[158,56],"uv_size":[1,1]},"south":{"uv":[58,112],"uv_size":[7,1]},"west":{"uv":[160,160],"uv_size":[1,1]},"up":{"uv":[160,40],"uv_size":[7,1]},"down":{"uv":[160,42],"uv_size":[7,-1]}}},{"origin":[-1,17.99704,-5.52705],"size":[5,1,0.5],"pivot":[1.5,15.49704,-5.27705],"rotation":[0,0,-90],"uv":{"north":{"uv":[153,48],"uv_size":[5,1]},"east":{"uv":[1,161],"uv_size":[1,1]},"south":{"uv":[153,54],"uv_size":[5,1]},"west":{"uv":[161,1],"uv_size":[1,1]},"up":{"uv":[160,62],"uv_size":[5,1]},"down":{"uv":[160,68],"uv_size":[5,-1]}}},{"origin":[-1,13.99704,-5.52705],"size":[5,3,0.5],"pivot":[1.5,15.49704,-5.27705],"rotation":[0,0,-90],"uv":{"north":{"uv":[28,96],"uv_size":[5,3]},"east":{"uv":[160,134],"uv_size":[1,3]},"south":{"uv":[143,141],"uv_size":[5,3]},"west":{"uv":[138,160],"uv_size":[1,3]},"up":{"uv":[160,68],"uv_size":[5,1]},"down":{"uv":[160,74],"uv_size":[5,-1]}}},{"origin":[-2,11.99704,-5.52705],"size":[7,1,0.5],"uv":{"north":{"uv":[67,91],"uv_size":[7,1]},"east":{"uv":[156,82],"uv_size":[1,1]},"south":{"uv":[106,25],"uv_size":[7,1]},"west":{"uv":[157,151],"uv_size":[1,1]},"up":{"uv":[160,32],"uv_size":[7,1]},"down":{"uv":[160,40],"uv_size":[7,-1]}}}]}]}]}
